date,LLCC.02,LLCC.03,LLCC.01-LLCC.02,LLCC.02-LLCC.03,D-PCAAT00,NCLC.01,NHOC.01,D-PCAAQ00,D-PCAJG00,D-XILLA01,D-PCAJI00,D-PCAJ000,GPRD_MA7,WCESTUS1,WDISTUS1,WD0ST_NUS_1,W_EPC0_SCG_NUS_MBBLD,WCESCUS2,RWTC,RBRTE,close,high,low,volume,close_10_ema,close_10_sma,boll,boll_ub,boll_lb,rsi_14,macd,macds,macdh,kdjk,kdjd,atr_14,close_trend,close_seasonal,close_residual,TDEURSP,TRUS10T-TRUS2YT,CHLPRR1YR,TRUS10T,TDJPYSP,TDCNYSP,.OVX,WTLM1UC,BRTUSGR,WTIUSGR,BRTROTR,NBRNCLF,NBRNCSF,NBRNCLC,NBRNCSC,NBRCMLF,NBRCMSF,NBRCMLC,NBRCMSC,NBRPMLF,NBRPMLC,NBRPMSC,NBRSWLF,NBRSWSF,NBRSWLC,NBRSWSC,NBRMMLF,NBRMMSF,NBRMMLC,NBRMMSC,NBRORSF,NBRORXF,NBRORLC,NBRORSC,NBRORXC,LLCSWLF,LLCSWSF,LLCSWXF,LLCSWLC,LLCSWSC,LLCSWXC,LLCMMLF,LLCMMSF,LLCMMXF,LLCMMLC,LLCMMSC,LLCMMXC,USNGPRESA,USIPENERP,D-AAFFU00,D-AAFFW00,D-XDOA001,D-XNCLA01,D-XNCLA02,D-XNCLA03,PGAEY00,PJABF00,AAOVC00,NRBC.01-NCLC.01,NHOC.01-NCLC.01,U:USO,NDXYSPT,GPRD,GPRD_ACT,GPRD_THREAT,GPRD_MA30,WCRSTUS1,WTTSTUS1,WTESTUS1,WCRFPUS2,W_EPC0_FPF_SAK_MBBLD,W_EPC0_FPF_R48_MBBLD,WCRNTUS2,WCRIMUS2,WCEIMUS2,WCREXUS2,WCRRIUS2,WCRFPUS2_4WEEK_AVG,W_EPC0_FPF_SAK_MBBLD_4WEEK_AVG,W_EPC0_FPF_R48_MBBLD_4WEEK_AVG,WCRNTUS2_4WEEK_AVG,WCRIMUS2_4WEEK_AVG,WCEIMUS2_4WEEK_AVG,WCREXUS2_4WEEK_AVG,W_EPC0_SCG_NUS_MBBLD_4WEEK_AVG,WCESCUS2_4WEEK_AVG,WCRRIUS2_4WEEK_AVG,WRPIMUS2_4WEEK_AVG,WRPEXUS2_4WEEK_AVG,WPESCUS2_4WEEK_AVG,W_EPP0_VUA_NUS_MBBLD_4WEEK_AVG,WRPUPUS2_4WEEK_AVG,WGFUPUS2_4WEEK_AVG,WKJUPUS2_4WEEK_AVG,WDIUPUS2_4WEEK_AVG,WREUPUS2_4WEEK_AVG,WPRUP_NUS_2_4WEEK_AVG,WWOUP_NUS_2_4WEEK_AVG,WTTNTUS2_4WEEK_AVG,W_EPC0_TVP_NUS_MBBLD_4WEEK_AVG,W_EPLLCL2A_TVP_NUS_MBBLD_4WEEK_AVG,W_EPLLNGPU_TVP_NUS_MBBLD_4WEEK_AVG,W_EPC0NG_TVP_NUS_MBBLD_4WEEK_AVG,WCESTP11,WCESTP21,W_EPC0_SAX_YCUOK_MBBL,WCESTP31,WCESTP41,WCESTP51,W_EPC0_SKA_NUS_MBBL,WDISTP11,WDIST1A1,WDIST1B1,WDIST1C1,WDISTP21,WDISTP31,WDISTP41,WDISTP51,WD0ST_R10_1,WD0ST_R1X_1,WD0ST_R1Y_1,WD0ST_R1Z_1,WD0ST_R20_1,WD0ST_R30_1,WD0ST_R40_1,WD0ST_R50_1,WD1ST_R10_1,W_EPC0_IM0_NUS-NLY_MBBLD_4WEEK_AVG,USFOMC.,NBRTRLF,NBRTRSF,NBRTRLC,NBRTRSC,NBRORLF,LLCNRLF,LLCNRSF,LLCNRLC,LLCNRSC,LLCPMSF,LLCPMLC,LLCPMSC,LLCORLF,LLCORSF,LLCORXF,LLCORLC,LLCORSC,LLCORXC,D-PCABS00,D-AAXPG00,D-PCAAU00,D-PCAAV00,D-AAHZF00,D-AAHZH00,D-PCACG00,D-PCACH00,D-AASFA00,D-AMFSA00,D-XUHU100,D-PUMFD00,D-PUABC00,PAAAD00,AMFSA00,PPXDK00,AAXFE00,PJABS00,POAFC00,FOFS001,AAQTY00,Regrade,92R/LSFO,WRPUPUS2,WDIUPUS2,WTTNTUS2,WCSSCUS2_4WEEK_AVG,W_EPP1_YPT_NUS_MBBLD_4WEEK_AVG,WRPNTUS2_4WEEK_AVG,WTTIMUS2,WTTEXUS2,WCEIMP12,WCEIMP22,WCEIMP32,WCEIMP42,WCEIMP52,WTTIMUS2_4WEEK_AVG,WTTEXUS2_4WEEK_AVG,WCEIMP12_4WEEK_AVG,WCEIMP22_4WEEK_AVG,WCEIMP32_4WEEK_AVG,WCEIMP42_4WEEK_AVG,WCEIMP52_4WEEK_AVG,EER_EPMRU_PF4_RGC_DPG,EER_EPMRR_PF4_Y05LA_DPG,EER_EPD2F_PF4_Y35NY_DPG,EER_EPD2DXL0_PF4_Y35NY_DPG,EER_EPD2DXL0_PF4_RGC_DPG,EER_EPD2DC_PF4_Y05LA_DPG,EER_EPJK_PF4_RGC_DPG,LLCC.01
2025-12-01,62.78,62.54,0.39,0.24,64.24,59.32,2.34,63.05,63.53,63.49,63.08,62.81,102.043,426929.0,112227.0,102057.0,468.0,396.0,58.81,64.81,63.17,63.82,62.69,313721.0,63.295,63.303,63.577,65.046,62.107,46.559,-0.361,-0.352,-0.009,45.008,42.914,1.412,62.966,-0.009,0.213,1.161,0.56,3.0,4.096,155.445,7.072,35.82,-4.08,14.13,23.1,12.75,52247.0,80605.0,54767.0,80178.0,90267.0,62178.0,104333.0,79220.0,40066.0,45600.0,61383.0,42501.0,76.0,41101.0,205.0,16814.0,76.0,16814.0,41.0,80529.0,79341.0,37953.0,80137.0,83955.0,438840.0,57556.0,115435.0,446345.0,63819.0,299496.0,309541.0,131714.0,409114.0,317262.0,138898.0,504733.0,19.61,8912.839,59.67,59.37,64.26,59.67,59.37,59.14,15.54,25.32,23.56,19.174,38.96,71.06,99.414,173.251,234.897,138.301,104.772,838353.0,1682173.0,1270749.0,13814.0,420.0,13394.0,2838.0,6436.0,6436.0,3598.0,16443.0,13790.0,430.0,13361.0,2148.0,5883.0,5883.0,3735.0,475.0,392.0,15976.0,1613.0,7239.0,-320.0,206.0,20381.0,8789.0,1671.0,3743.0,199.0,1186.0,4793.0,-3477.0,498.0,49.0,450.0,-498.0,7325.0,100905.0,21753.0,247021.0,24617.0,47062.0,1760.0,27901.0,3818.0,12268.0,11816.0,23354.0,46186.0,3571.0,11215.0,26787.0,3809.0,11889.0,11090.0,22490.0,38954.0,3380.0,10446.0,608.0,50.0,3.875,226228.0,226497.0,247854.0,248152.0,35433.0,55030.0,48292.0,60371.0,54831.0,1442108.0,1270780.0,1620483.0,195412.0,476435.0,364367.0,200860.0,417587.0,632059.0,64.26,64.81,63.75,63.4,63.77,63.42,59.32,59.07,126.0,425.41,186.0,390.5,352.0,-1.18,-1.68,-12.09,0.75,1.33,0.93,-0.25,-36.66,1.76,17.22,20240.0,3362.0,-3194.0,83.0,10003.0,-5626.0,8136.0,11330.0,597.0,2859.0,1285.0,470.0,1224.0,7496.0,10973.0,674.0,2832.0,1006.0,406.0,965.0,1.815,2.074,2.229,2.376,2.178,2.306,2.048,63.17
2025-12-02,62.05,61.82,0.4,0.23,-0.75%,58.64,2.313,-0.13%,-0.63%,-0.58%,-0.32%,-0.25%,117.314,426929.0,112227.0,102057.0,468.0,396.0,58.81,64.18,62.45,63.35,62.17,300177.0,63.142,63.059,63.477,64.97,61.984,42.824,-0.406,-0.363,-0.043,40.124,41.984,1.395,62.95,-0.04,-0.46,1.162,0.574,3.0,4.086,155.87,7.071,35.89,-4.09,12.74,22.25,11.04,56515.0,83549.0,58116.0,83313.0,104363.0,78497.0,117449.0,93440.0,50949.0,54719.0,75338.0,44596.0,76.0,44704.0,76.0,13949.0,2.0,13949.0,23.0,83547.0,80132.0,44167.0,83291.0,84250.0,438459.0,57523.0,111265.0,451647.0,63660.0,280703.0,289562.0,163975.0,391992.0,299236.0,178302.0,490581.0,19.61,8912.839,-0.54%,-0.49%,-0.61%,-0.54%,-0.49%,-0.46%,+9.01%,-0.87%,-1.53%,18.233,38.493,70.2,99.357,188.149,45.472,293.94,106.895,838353.0,1682173.0,1270749.0,13814.0,420.0,13394.0,2838.0,6436.0,6436.0,3598.0,16443.0,13790.0,430.0,13361.0,2148.0,5883.0,5883.0,3735.0,475.0,392.0,15976.0,1613.0,7239.0,-320.0,206.0,20381.0,8789.0,1671.0,3743.0,199.0,1186.0,4793.0,-3477.0,498.0,49.0,450.0,-498.0,7325.0,100905.0,21753.0,247021.0,24617.0,47062.0,1760.0,27901.0,3818.0,12268.0,11816.0,23354.0,46186.0,3571.0,11215.0,26787.0,3809.0,11889.0,11090.0,22490.0,38954.0,3380.0,10446.0,608.0,50.0,3.875,246240.0,247408.0,265155.0,266343.0,42566.0,64286.0,37302.0,68188.0,41984.0,1446553.0,1287786.0,1617855.0,205441.0,471349.0,368409.0,215167.0,420223.0,614504.0,-0.75%,-0.78%,-0.49%,-0.44%,-0.49%,-0.44%,-1.15%,-1.17%,-3.97%,-0.34%,-0.76%,-1.34%,-1.56%,+38.14%,+16.07%,+2.48%,+4.00%,+1.50%,-2.15%,-4.00%,+4.75%,+7.95%,+6.56%,20240.0,3362.0,-3194.0,83.0,10003.0,-5626.0,8136.0,11330.0,597.0,2859.0,1285.0,470.0,1224.0,7496.0,10973.0,674.0,2832.0,1006.0,406.0,965.0,1.815,2.074,2.229,2.376,2.178,2.306,2.048,62.45
2025-12-03,62.28,62.06,0.39,0.22,-0.56%,58.95,2.301,+0.38%,-0.41%,-0.62%,-0.67%,-0.69%,125.81,427503.0,114286.0,104378.0,118.0,82.0,58.58,64.07,62.67,63.37,62.18,263708.0,63.056,62.975,63.434,64.97,61.899,44.294,-0.419,-0.374,-0.045,42.816,42.261,1.381,63.06,-0.006,-0.384,1.167,0.575,3.0,4.061,155.255,7.064,33.72,-4.0,11.45,20.79,11.23,56515.0,83549.0,58116.0,83313.0,104363.0,78497.0,117449.0,93440.0,50949.0,54719.0,75338.0,44596.0,76.0,44704.0,76.0,13949.0,2.0,13949.0,23.0,83547.0,80132.0,44167.0,83291.0,84250.0,438459.0,57523.0,111265.0,451647.0,63660.0,280703.0,289562.0,163975.0,391992.0,299236.0,178302.0,490581.0,19.61,8912.839,-0.64%,-0.66%,-0.69%,-0.64%,-0.66%,-0.68%,-4.90%,-2.63%,-4.01%,17.792,37.684,70.66,98.854,118.943,47.431,168.138,105.13,839177.0,1687647.0,1275973.0,13815.0,436.0,13379.0,2368.0,5981.0,5981.0,3613.0,16876.0,13831.0,430.0,13402.0,2351.0,5897.0,5897.0,3546.0,301.0,226.0,16381.0,1626.0,7359.0,9.0,206.0,20339.0,8652.0,1680.0,3673.0,238.0,1236.0,4860.0,-3381.0,533.0,49.0,484.0,-533.0,8464.0,100960.0,21296.0,246544.0,25004.0,46531.0,4797.0,28774.0,4086.0,13187.0,11501.0,24936.0,45436.0,3642.0,11498.0,27614.0,4076.0,12768.0,10770.0,23992.0,38510.0,3476.0,10785.0,672.0,48.0,3.875,246240.0,247408.0,265155.0,266343.0,42566.0,64286.0,37302.0,68188.0,41984.0,1446553.0,1287786.0,1617855.0,205441.0,471349.0,368409.0,215167.0,420223.0,614504.0,-0.55%,-0.34%,-0.68%,-0.71%,-0.66%,-0.70%,+0.53%,+0.48%,+0.83%,-1.26%,-0.24%,-1.10%,-0.22%,-31.51%,-30.50%,-1.78%,-3.85%,-2.96%,-20.88%,+0.00%,+11.74%,+14.21%,-2.18%,20189.0,3430.0,-3383.0,74.0,10027.0,-5732.0,7737.0,11120.0,912.0,2740.0,881.0,399.0,1049.0,7524.0,10905.0,691.0,2850.0,1000.0,388.0,968.0,1.809,1.961,2.227,2.375,2.18,2.305,2.05,62.67
2025-12-04,62.86,62.61,0.4,0.25,+0.16%,59.67,2.304,+0.05%,-0.03%,+0.10%,+0.02%,+0.03%,139.714,427503.0,114286.0,104378.0,118.0,82.0,59.47,64.22,63.26,63.62,62.53,218464.0,63.093,62.963,63.428,64.966,61.891,48.146,-0.378,-0.375,-0.003,53.469,45.997,1.36,62.924,-0.014,0.35,1.164,0.581,3.0,4.104,155.095,7.072,33.3,-3.95,11.71,20.58,10.72,56515.0,83549.0,58116.0,83313.0,104363.0,78497.0,117449.0,93440.0,50949.0,54719.0,75338.0,44596.0,76.0,44704.0,76.0,13949.0,2.0,13949.0,23.0,83547.0,80132.0,44167.0,83291.0,84250.0,438459.0,57523.0,111265.0,451647.0,63660.0,280703.0,289562.0,163975.0,391992.0,299236.0,178302.0,490581.0,19.61,8912.839,+0.31%,+0.26%,+0.22%,+0.31%,+0.26%,+0.26%,-5.83%,-1.19%,-0.36%,17.068,37.085,71.39,98.989,182.27,173.809,171.333,106.684,839177.0,1687647.0,1275973.0,13815.0,436.0,13379.0,2368.0,5981.0,5981.0,3613.0,16876.0,13831.0,430.0,13402.0,2351.0,5897.0,5897.0,3546.0,301.0,226.0,16381.0,1626.0,7359.0,9.0,206.0,20339.0,8652.0,1680.0,3673.0,238.0,1236.0,4860.0,-3381.0,533.0,49.0,484.0,-533.0,8464.0,100960.0,21296.0,246544.0,25004.0,46531.0,4797.0,28774.0,4086.0,13187.0,11501.0,24936.0,45436.0,3642.0,11498.0,27614.0,4076.0,12768.0,10770.0,23992.0,38510.0,3476.0,10785.0,672.0,48.0,3.875,246240.0,247408.0,265155.0,266343.0,42566.0,64286.0,37302.0,68188.0,41984.0,1446553.0,1287786.0,1617855.0,205441.0,471349.0,368409.0,215167.0,420223.0,614504.0,+0.22%,-0.05%,+0.05%,+0.06%,+0.11%,+0.13%,+1.22%,+1.11%,+0.41%,-0.04%,-0.64%,-0.07%,-0.29%,-36.46%,-6.52%,+0.00%,+0.00%,-11.45%,-9.72%,-11.54%,+8.24%,-9.68%,-4.57%,20189.0,3430.0,-3383.0,74.0,10027.0,-5732.0,7737.0,11120.0,912.0,2740.0,881.0,399.0,1049.0,7524.0,10905.0,691.0,2850.0,1000.0,388.0,968.0,1.858,1.931,2.246,2.394,2.219,2.324,2.089,63.26
2025-12-05,63.39,63.14,0.36,0.25,+0.57%,60.08,2.363,+0.92%,+0.41%,+0.49%,+0.40%,+0.37%,138.051,427503.0,114286.0,104378.0,118.0,82.0,58.81,63.37,63.75,64.09,63.06,243204.0,63.213,63.082,63.434,64.976,61.893,51.166,-0.302,-0.36,0.059,64.428,52.14,1.336,62.822,0.069,0.859,1.164,0.575,3.0,4.139,155.345,7.07,32.06,-3.99,12.98,21.83,11.13,56515.0,83549.0,58116.0,83313.0,104363.0,78497.0,117449.0,93440.0,50949.0,54719.0,75338.0,44596.0,76.0,44704.0,76.0,13949.0,2.0,13949.0,23.0,83547.0,80132.0,44167.0,83291.0,84250.0,438459.0,57523.0,111265.0,451647.0,63660.0,280703.0,289562.0,163975.0,391992.0,299236.0,178302.0,490581.0,19.61,8912.839,+0.57%,+0.51%,+0.53%,+0.57%,+0.51%,+0.46%,-3.03%,-1.04%,-0.72%,16.952,39.162,71.92,98.992,151.365,81.253,213.002,108.363,839177.0,1687647.0,1275973.0,13815.0,436.0,13379.0,2368.0,5981.0,5981.0,3613.0,16876.0,13831.0,430.0,13402.0,2351.0,5897.0,5897.0,3546.0,301.0,226.0,16381.0,1626.0,7359.0,9.0,206.0,20339.0,8652.0,1680.0,3673.0,238.0,1236.0,4860.0,-3381.0,533.0,49.0,484.0,-533.0,8464.0,100960.0,21296.0,246544.0,25004.0,46531.0,4797.0,28774.0,4086.0,13187.0,11501.0,24936.0,45436.0,3642.0,11498.0,27614.0,4076.0,12768.0,10770.0,23992.0,38510.0,3476.0,10785.0,672.0,48.0,3.875,246240.0,247408.0,265155.0,266343.0,42566.0,64286.0,37302.0,68188.0,41984.0,1446553.0,1287786.0,1617855.0,205441.0,471349.0,368409.0,215167.0,420223.0,614504.0,+0.53%,+0.27%,+0.52%,+0.46%,+0.49%,+0.43%,+0.69%,+0.79%,-0.41%,+0.76%,+0.34%,+1.12%,+0.15%,+4.58%,+5.10%,+4.25%,+8.00%,-2.59%,+3.08%,+24.14%,-10.11%,-4.59%,-3.27%,20189.0,3430.0,-3383.0,74.0,10027.0,-5732.0,7737.0,11120.0,912.0,2740.0,881.0,399.0,1049.0,7524.0,10905.0,691.0,2850.0,1000.0,388.0,968.0,1.857,1.89,2.208,2.356,2.143,2.286,2.051,63.75
2025-12-08,62.15,61.93,0.34,0.22,+0.78%,58.88,2.298,-1.41%,+1.20%,+1.13%,+1.26%,+1.26%,135.502,427503.0,114286.0,104378.0,118.0,82.0,59.09,63.75,62.49,63.96,62.34,276729.0,63.081,62.994,63.356,64.923,61.789,44.06,-0.339,-0.356,0.017,49.349,51.21,1.357,62.73,-0.009,-0.231,1.164,0.587,3.0,4.168,155.925,7.072,33.03,-3.91,12.03,20.83,10.57,56515.0,83549.0,58116.0,83313.0,104363.0,78497.0,117449.0,93440.0,50949.0,54719.0,75338.0,44596.0,76.0,44704.0,76.0,13949.0,2.0,13949.0,23.0,83547.0,80132.0,44167.0,83291.0,84250.0,438459.0,57523.0,111265.0,451647.0,63660.0,280703.0,289562.0,163975.0,391992.0,299236.0,178302.0,490581.0,19.61,8912.839,+1.13%,+1.23%,+1.02%,+1.13%,+1.23%,+1.27%,+2.11%,+0.04%,+1.09%,16.64,37.644,70.49,99.087,136.883,136.462,125.205,106.744,839177.0,1687647.0,1275973.0,13815.0,436.0,13379.0,2368.0,5981.0,5981.0,3613.0,16876.0,13831.0,430.0,13402.0,2351.0,5897.0,5897.0,3546.0,301.0,226.0,16381.0,1626.0,7359.0,9.0,206.0,20339.0,8652.0,1680.0,3673.0,238.0,1236.0,4860.0,-3381.0,533.0,49.0,484.0,-533.0,8464.0,100960.0,21296.0,246544.0,25004.0,46531.0,4797.0,28774.0,4086.0,13187.0,11501.0,24936.0,45436.0,3642.0,11498.0,27614.0,4076.0,12768.0,10770.0,23992.0,38510.0,3476.0,10785.0,672.0,48.0,3.875,246240.0,247408.0,265155.0,266343.0,42566.0,64286.0,37302.0,68188.0,41984.0,1446553.0,1287786.0,1617855.0,205441.0,471349.0,368409.0,215167.0,420223.0,614504.0,+0.83%,+0.72%,+0.96%,+0.95%,+1.01%,+1.00%,-2.00%,-1.92%,+1.23%,+0.81%,-1.62%,-1.88%,-2.46%,+31.20%,+0.00%,+0.26%,+0.00%,-3.54%,-1.49%,+4.55%,-17.98%,-12.30%,+1.87%,20189.0,3430.0,-3383.0,74.0,10027.0,-5732.0,7737.0,11120.0,912.0,2740.0,881.0,399.0,1049.0,7524.0,10905.0,691.0,2850.0,1000.0,388.0,968.0,1.804,1.829,2.202,2.35,2.14,2.245,2.03,62.49
2025-12-09,61.65,61.47,0.29,0.18,-2.61%,58.25,2.26,-1.38%,-2.18%,-2.29%,-2.13%,-2.07%,124.427,427503.0,114286.0,104378.0,118.0,82.0,59.82,64.15,61.94,62.78,61.83,240378.0,62.874,62.94,63.195,64.639,61.751,41.36,-0.409,-0.367,-0.042,34.522,45.647,1.328,62.334,-0.04,-0.354,1.163,0.573,3.0,4.184,156.88,7.064,30.82,-3.86,12.01,20.67,10.34,53294.0,77622.0,54526.0,76235.0,85220.0,61504.0,97827.0,76905.0,42611.0,46341.0,60488.0,35941.0,521.0,35590.0,521.0,15436.0,2.0,15436.0,56.0,77620.0,70350.0,39090.0,76179.0,76129.0,444032.0,56283.0,108880.0,456533.0,62099.0,280023.0,308874.0,162427.0,413524.0,314829.0,174703.0,519128.0,19.61,8912.839,-2.36%,-2.27%,-2.49%,-2.36%,-2.27%,-2.23%,-0.47%,-0.59%,-2.02%,16.917,36.674,69.86,99.22,110.624,110.283,122.65,108.518,839177.0,1687647.0,1275973.0,13815.0,436.0,13379.0,2368.0,5981.0,5981.0,3613.0,16876.0,13831.0,430.0,13402.0,2351.0,5897.0,5897.0,3546.0,301.0,226.0,16381.0,1626.0,7359.0,9.0,206.0,20339.0,8652.0,1680.0,3673.0,238.0,1236.0,4860.0,-3381.0,533.0,49.0,484.0,-533.0,8464.0,100960.0,21296.0,246544.0,25004.0,46531.0,4797.0,28774.0,4086.0,13187.0,11501.0,24936.0,45436.0,3642.0,11498.0,27614.0,4076.0,12768.0,10770.0,23992.0,38510.0,3476.0,10785.0,672.0,48.0,3.875,214677.0,215289.0,234391.0,235178.0,37858.0,38792.0,10640.0,42275.0,15128.0,1370379.0,1194620.0,1544865.0,200223.0,471546.0,354262.0,207300.0,418762.0,608085.0,-2.59%,-2.09%,-2.53%,-2.41%,-2.51%,-2.39%,-1.07%,-0.94%,+0.00%,-2.37%,-0.60%,-0.26%,-1.19%,+86.05%,+10.75%,+1.05%,+2.47%,+1.83%,-15.15%,-14.29%,+13.31%,+18.90%,-1.60%,20189.0,3430.0,-3383.0,74.0,10027.0,-5732.0,7737.0,11120.0,912.0,2740.0,881.0,399.0,1049.0,7524.0,10905.0,691.0,2850.0,1000.0,388.0,968.0,1.81,1.832,2.222,2.37,2.167,2.265,2.05,61.94
2025-12-10,61.87,61.65,0.34,0.22,-0.78%,58.46,2.273,-0.79%,-0.70%,-0.63%,-0.66%,-0.60%,122.673,425691.0,116788.0,106359.0,-224.0,-259.0,60.23,64.42,62.21,62.73,61.35,298743.0,62.753,62.848,63.17,64.665,61.675,43.2,-0.437,-0.381,-0.056,33.477,41.59,1.331,61.808,-0.006,0.408,1.17,0.611,3.0,4.143,156.025,7.065,30.78,-3.87,12.83,20.67,11.67,53294.0,77622.0,54526.0,76235.0,85220.0,61504.0,97827.0,76905.0,42611.0,46341.0,60488.0,35941.0,521.0,35590.0,521.0,15436.0,2.0,15436.0,56.0,77620.0,70350.0,39090.0,76179.0,76129.0,444032.0,56283.0,108880.0,456533.0,62099.0,280023.0,308874.0,162427.0,413524.0,314829.0,174703.0,519128.0,19.61,8912.839,-0.75%,-0.65%,-0.92%,-0.75%,-0.65%,-0.53%,+3.01%,-1.22%,-1.70%,16.363,37.006,70.54,98.786,106.666,118.153,128.116,104.158,837613.0,1684734.0,1272812.0,13853.0,437.0,13416.0,2580.0,6589.0,6589.0,4009.0,16860.0,13829.0,430.0,13400.0,2395.0,6239.0,6239.0,3845.0,-13.0,-67.0,16603.0,1668.0,7353.0,100.0,205.0,20417.0,8509.0,1722.0,3708.0,325.0,1243.0,4911.0,-3290.0,570.0,50.0,520.0,-570.0,7906.0,102046.0,21604.0,242806.0,25084.0,47850.0,4028.0,28690.0,4093.0,14156.0,10442.0,26860.0,45713.0,4024.0,11501.0,27286.0,4083.0,13637.0,9566.0,25922.0,38508.0,3874.0,10768.0,725.0,70.0,3.875,214677.0,215289.0,234391.0,235178.0,37858.0,38792.0,10640.0,42275.0,15128.0,1370379.0,1194620.0,1544865.0,200223.0,471546.0,354262.0,207300.0,418762.0,608085.0,-0.84%,-0.83%,-1.03%,-0.87%,-1.09%,-0.93%,+0.36%,+0.38%,+0.40%,+0.47%,-1.47%,-0.80%,-0.68%,+83.33%,+46.99%,+1.15%,-2.41%,-13.51%,-12.50%,+29.17%,+4.52%,+4.10%,-1.99%,21082.0,4158.0,-2779.0,55.0,9964.0,-5685.0,8413.0,11192.0,707.0,3163.0,1196.0,459.0,1063.0,7907.0,11197.0,730.0,2948.0,1092.0,419.0,1051.0,1.854,1.836,2.27,2.418,2.21,2.288,2.098,62.21
2025-12-11,61.06,60.9,0.22,0.16,-1.00%,57.6,2.229,-0.89%,-0.64%,-0.58%,-0.66%,-0.71%,118.843,425691.0,116788.0,106359.0,-224.0,-259.0,59.04,63.3,61.28,62.63,60.77,328702.0,62.485,62.642,63.084,64.801,61.366,38.695,-0.528,-0.41,-0.118,27.438,36.873,1.369,61.422,-0.014,-0.128,1.174,0.617,3.0,4.143,155.59,7.058,31.88,-3.86,11.68,20.07,10.52,53294.0,77622.0,54526.0,76235.0,85220.0,61504.0,97827.0,76905.0,42611.0,46341.0,60488.0,35941.0,521.0,35590.0,521.0,15436.0,2.0,15436.0,56.0,77620.0,70350.0,39090.0,76179.0,76129.0,444032.0,56283.0,108880.0,456533.0,62099.0,280023.0,308874.0,162427.0,413524.0,314829.0,174703.0,519128.0,19.61,8912.839,-0.70%,-0.72%,-1.06%,-0.70%,-0.72%,-0.74%,+4.16%,-2.68%,-2.05%,16.312,36.014,69.25,98.346,155.463,143.063,188.937,105.757,837613.0,1684734.0,1272812.0,13853.0,437.0,13416.0,2580.0,6589.0,6589.0,4009.0,16860.0,13829.0,430.0,13400.0,2395.0,6239.0,6239.0,3845.0,-13.0,-67.0,16603.0,1668.0,7353.0,100.0,205.0,20417.0,8509.0,1722.0,3708.0,325.0,1243.0,4911.0,-3290.0,570.0,50.0,520.0,-570.0,7906.0,102046.0,21604.0,242806.0,25084.0,47850.0,4028.0,28690.0,4093.0,14156.0,10442.0,26860.0,45713.0,4024.0,11501.0,27286.0,4083.0,13637.0,9566.0,25922.0,38508.0,3874.0,10768.0,725.0,70.0,3.625,214677.0,215289.0,234391.0,235178.0,37858.0,38792.0,10640.0,42275.0,15128.0,1370379.0,1194620.0,1544865.0,200223.0,471546.0,354262.0,207300.0,418762.0,608085.0,-0.85%,-0.23%,-0.83%,-0.68%,-0.68%,-0.54%,-1.47%,-1.46%,+0.00%,-1.45%,-1.12%,-0.47%,-1.06%,+150.00%,-31.82%,+1.96%,+0.00%,-8.33%,-22.45%,-17.65%,+3.16%,-9.36%,+5.65%,21082.0,4158.0,-2779.0,55.0,9964.0,-5685.0,8413.0,11192.0,707.0,3163.0,1196.0,459.0,1063.0,7907.0,11197.0,730.0,2948.0,1092.0,419.0,1051.0,1.802,1.797,2.201,2.348,2.155,2.218,2.028,61.28
2025-12-12,60.84,60.65,0.28,0.19,+0.29%,57.44,2.198,-0.13%,+0.00%,-0.02%,+0.15%,+0.21%,118.691,425691.0,116788.0,106359.0,-224.0,-259.0,58.4,62.62,61.12,61.86,60.81,246059.0,62.237,62.434,62.92,64.734,61.106,37.962,-0.606,-0.449,-0.157,21.806,31.851,1.346,60.818,0.069,0.233,1.174,0.663,3.0,4.192,155.825,7.055,29.93,-3.84,10.23,18.54,9.86,53294.0,77622.0,54526.0,76235.0,85220.0,61504.0,97827.0,76905.0,42611.0,46341.0,60488.0,35941.0,521.0,35590.0,521.0,15436.0,2.0,15436.0,56.0,77620.0,70350.0,39090.0,76179.0,76129.0,444032.0,56283.0,108880.0,456533.0,62099.0,280023.0,308874.0,162427.0,413524.0,314829.0,174703.0,519128.0,19.61,8912.839,+0.10%,+0.10%,+0.18%,+0.10%,+0.10%,+0.10%,-1.12%,+0.96%,+0.19%,16.148,34.876,68.81,98.399,150.298,131.855,189.966,106.069,837613.0,1684734.0,1272812.0,13853.0,437.0,13416.0,2580.0,6589.0,6589.0,4009.0,16860.0,13829.0,430.0,13400.0,2395.0,6239.0,6239.0,3845.0,-13.0,-67.0,16603.0,1668.0,7353.0,100.0,205.0,20417.0,8509.0,1722.0,3708.0,325.0,1243.0,4911.0,-3290.0,570.0,50.0,520.0,-570.0,7906.0,102046.0,21604.0,242806.0,25084.0,47850.0,4028.0,28690.0,4093.0,14156.0,10442.0,26860.0,45713.0,4024.0,11501.0,27286.0,4083.0,13637.0,9566.0,25922.0,38508.0,3874.0,10768.0,725.0,70.0,3.625,214677.0,215289.0,234391.0,235178.0,37858.0,38792.0,10640.0,42275.0,15128.0,1370379.0,1194620.0,1544865.0,200223.0,471546.0,354262.0,207300.0,418762.0,608085.0,+0.21%,-0.07%,+0.18%,+0.21%,+0.10%,+0.13%,-0.28%,-0.37%,+0.40%,+1.30%,+0.10%,+0.81%,-0.54%,-7900.00%,+52.59%,+3.09%,-17.28%,+0.00%,-2.63%,+45.00%,+2.34%,+9.78%,-4.59%,21082.0,4158.0,-2779.0,55.0,9964.0,-5685.0,8413.0,11192.0,707.0,3163.0,1196.0,459.0,1063.0,7907.0,11197.0,730.0,2948.0,1092.0,419.0,1051.0,1.801,1.776,2.168,2.316,2.116,2.181,1.996,61.12
2025-12-15,60.3,60.17,0.26,0.13,-0.81%,56.82,2.181,-0.84%,-0.76%,-0.57%,-0.72%,-0.77%,110.393,425691.0,116788.0,106359.0,-224.0,-259.0,58.67,63.12,60.56,61.5,60.13,288625.0,61.932,62.173,62.738,64.733,60.743,35.431,-0.705,-0.501,-0.205,18.157,27.286,1.348,60.312,-0.009,0.257,1.175,0.672,3.0,4.18,155.215,7.048,32.85,-3.89,9.44,18.18,8.8,53294.0,77622.0,54526.0,76235.0,85220.0,61504.0,97827.0,76905.0,42611.0,46341.0,60488.0,35941.0,521.0,35590.0,521.0,15436.0,2.0,15436.0,56.0,77620.0,70350.0,39090.0,76179.0,76129.0,444032.0,56283.0,108880.0,456533.0,62099.0,280023.0,308874.0,162427.0,413524.0,314829.0,174703.0,519128.0,19.61,8912.839,-0.67%,-0.69%,-0.79%,-0.67%,-0.69%,-0.73%,+2.02%,-2.90%,-3.33%,15.937,34.765,67.89,98.309,106.399,127.286,82.576,105.469,837613.0,1684734.0,1272812.0,13853.0,437.0,13416.0,2580.0,6589.0,6589.0,4009.0,16860.0,13829.0,430.0,13400.0,2395.0,6239.0,6239.0,3845.0,-13.0,-67.0,16603.0,1668.0,7353.0,100.0,205.0,20417.0,8509.0,1722.0,3708.0,325.0,1243.0,4911.0,-3290.0,570.0,50.0,520.0,-570.0,7906.0,102046.0,21604.0,242806.0,25084.0,47850.0,4028.0,28690.0,4093.0,14156.0,10442.0,26860.0,45713.0,4024.0,11501.0,27286.0,4083.0,13637.0,9566.0,25922.0,38508.0,3874.0,10768.0,725.0,70.0,3.625,214677.0,215289.0,234391.0,235178.0,37858.0,38792.0,10640.0,42275.0,15128.0,1370379.0,1194620.0,1544865.0,200223.0,471546.0,354262.0,207300.0,418762.0,608085.0,-0.82%,-0.46%,-0.83%,-0.83%,-0.85%,-0.85%,-1.08%,-1.00%,+0.00%,-0.25%,-1.11%,-0.60%,-2.77%,+21.79%,+63.64%,+6.29%,+0.00%,+9.09%,+10.81%,+27.27%,+12.90%,+1.49%,-0.18%,21082.0,4158.0,-2779.0,55.0,9964.0,-5685.0,8413.0,11192.0,707.0,3163.0,1196.0,459.0,1063.0,7907.0,11197.0,730.0,2948.0,1092.0,419.0,1051.0,1.798,1.733,2.185,2.333,2.133,2.158,2.013,60.56
2025-12-16,58.67,58.57,0.25,0.1,-2.16%,55.27,2.129,-2.20%,-2.06%,-2.19%,-2.12%,-1.97%,110.496,425691.0,116788.0,106359.0,-224.0,-259.0,57.76,61.87,58.92,60.4,58.72,356770.0,61.384,61.82,62.44,64.827,60.052,29.275,-0.906,-0.582,-0.324,13.346,22.64,1.383,60.02,-0.04,-1.06,1.175,0.664,3.0,4.147,154.72,7.042,36.23,-3.8,8.98,17.84,8.33,45783.0,78752.0,46324.0,75972.0,85308.0,54144.0,96937.0,69342.0,44000.0,47568.0,53601.0,34875.0,516.0,34220.0,591.0,16399.0,1570.0,16399.0,1626.0,77182.0,76360.0,29925.0,74346.0,83528.0,420356.0,57543.0,124602.0,433410.0,63316.0,293282.0,292338.0,178479.0,424927.0,299434.0,191618.0,527660.0,19.61,8912.839,-2.45%,-2.35%,-2.12%,-2.45%,-2.35%,-2.24%,-9.09%,-1.74%,-0.98%,15.328,34.131,66.17,98.146,111.347,41.627,150.456,108.355,837613.0,1684734.0,1272812.0,13853.0,437.0,13416.0,2580.0,6589.0,6589.0,4009.0,16860.0,13829.0,430.0,13400.0,2395.0,6239.0,6239.0,3845.0,-13.0,-67.0,16603.0,1668.0,7353.0,100.0,205.0,20417.0,8509.0,1722.0,3708.0,325.0,1243.0,4911.0,-3290.0,570.0,50.0,520.0,-570.0,7906.0,102046.0,21604.0,242806.0,25084.0,47850.0,4028.0,28690.0,4093.0,14156.0,10442.0,26860.0,45713.0,4024.0,11501.0,27286.0,4083.0,13637.0,9566.0,25922.0,38508.0,3874.0,10768.0,725.0,70.0,3.625,213281.0,215086.0,232697.0,234749.0,29384.0,52939.0,24621.0,56484.0,29034.0,1380089.0,1232394.0,1549403.0,196817.0,439140.0,380094.0,204094.0,392445.0,626101.0,-2.10%,-2.31%,-1.97%,-1.84%,-1.92%,-1.79%,-2.73%,-2.72%,-1.20%,-1.96%,-2.73%,-3.02%,-1.58%,+31.15%,+60.00%,+5.41%,-4.48%,-5.21%,-4.88%,+12.50%,-5.79%,-9.27%,-9.71%,21082.0,4158.0,-2779.0,55.0,9964.0,-5685.0,8413.0,11192.0,707.0,3163.0,1196.0,459.0,1063.0,7907.0,11197.0,730.0,2948.0,1092.0,419.0,1051.0,1.766,1.721,2.145,2.292,2.09,2.122,1.972,58.92
2025-12-17,59.4,59.25,0.28,0.15,-0.35%,55.94,2.15,+1.56%,-0.37%,-0.45%,-0.59%,-0.60%,109.834,424417.0,118500.0,107806.0,-146.0,-182.0,57.61,62.11,59.68,60.74,59.25,346605.0,61.075,61.521,62.248,64.876,59.62,34.918,-0.992,-0.664,-0.328,14.856,20.045,1.414,59.89,-0.006,-0.204,1.174,0.668,3.0,4.151,155.685,7.044,36.74,-3.83,9.61,18.64,8.67,45783.0,78752.0,46324.0,75972.0,85308.0,54144.0,96937.0,69342.0,44000.0,47568.0,53601.0,34875.0,516.0,34220.0,591.0,16399.0,1570.0,16399.0,1626.0,77182.0,76360.0,29925.0,74346.0,83528.0,420356.0,57543.0,124602.0,433410.0,63316.0,293282.0,292338.0,178479.0,424927.0,299434.0,191618.0,527660.0,19.61,8912.839,-0.30%,-0.34%,-0.35%,-0.30%,-0.34%,-0.38%,-1.09%,-2.64%,-2.38%,15.221,34.339,67.98,98.368,102.03,67.81,135.746,108.237,836588.0,1687122.0,1274951.0,13843.0,436.0,13407.0,1861.0,6525.0,6525.0,4664.0,16988.0,13831.0,432.0,13399.0,2412.0,6383.0,6383.0,3971.0,54.0,9.0,16792.0,1883.0,7481.0,197.0,207.0,20521.0,8647.0,1728.0,3684.0,425.0,1258.0,4780.0,-3186.0,623.0,51.0,572.0,-623.0,7799.0,102092.0,20862.0,241716.0,25195.0,47615.0,4490.0,30440.0,4740.0,13247.0,12453.0,26068.0,46377.0,4128.0,11487.0,29201.0,4730.0,12800.0,11670.0,25190.0,38671.0,3952.0,10792.0,600.0,44.0,3.625,213281.0,215086.0,232697.0,234749.0,29384.0,52939.0,24621.0,56484.0,29034.0,1380089.0,1232394.0,1549403.0,196817.0,439140.0,380094.0,204094.0,392445.0,626101.0,-0.37%,-0.14%,-0.52%,-0.60%,-0.54%,-0.62%,+1.21%,+1.23%,-0.81%,-0.59%,+0.99%,+1.11%,+3.37%,-21.43%,-175.00%,+11.02%,-4.69%,-9.89%,-15.38%,+28.57%,+4.19%,-5.38%,-0.14%,20573.0,3786.0,-3388.0,44.0,9940.0,-5598.0,8776.0,12164.0,581.0,3091.0,1008.0,486.0,1359.0,8266.0,11452.0,699.0,2963.0,1093.0,453.0,1174.0,1.721,1.753,2.104,2.252,2.047,2.082,1.939,59.68
2025-12-18,59.5,59.36,0.32,0.14,+1.00%,56.15,2.132,+0.42%,+0.97%,+0.84%,+0.91%,+0.84%,112.481,424417.0,118500.0,107806.0,-146.0,-182.0,56.97,61.55,59.82,60.67,59.54,237230.0,60.846,61.177,62.07,64.853,59.287,35.932,-1.037,-0.738,-0.299,16.902,18.997,1.394,60.192,-0.014,-0.358,1.172,0.658,3.0,4.116,155.555,7.042,33.6,-3.82,8.78,17.71,7.65,45783.0,78752.0,46324.0,75972.0,85308.0,54144.0,96937.0,69342.0,44000.0,47568.0,53601.0,34875.0,516.0,34220.0,591.0,16399.0,1570.0,16399.0,1626.0,77182.0,76360.0,29925.0,74346.0,83528.0,420356.0,57543.0,124602.0,433410.0,63316.0,293282.0,292338.0,178479.0,424927.0,299434.0,191618.0,527660.0,19.61,8912.839,+0.84%,+0.82%,+1.09%,+0.84%,+0.82%,+0.81%,-4.95%,+1.82%,+1.22%,15.305,33.377,67.19,98.427,173.993,120.086,222.586,110.537,836588.0,1687122.0,1274951.0,13843.0,436.0,13407.0,1861.0,6525.0,6525.0,4664.0,16988.0,13831.0,432.0,13399.0,2412.0,6383.0,6383.0,3971.0,54.0,9.0,16792.0,1883.0,7481.0,197.0,207.0,20521.0,8647.0,1728.0,3684.0,425.0,1258.0,4780.0,-3186.0,623.0,51.0,572.0,-623.0,7799.0,102092.0,20862.0,241716.0,25195.0,47615.0,4490.0,30440.0,4740.0,13247.0,12453.0,26068.0,46377.0,4128.0,11487.0,29201.0,4730.0,12800.0,11670.0,25190.0,38671.0,3952.0,10792.0,600.0,44.0,3.625,213281.0,215086.0,232697.0,234749.0,29384.0,52939.0,24621.0,56484.0,29034.0,1380089.0,1232394.0,1549403.0,196817.0,439140.0,380094.0,204094.0,392445.0,626101.0,+1.04%,+0.54%,+0.88%,+0.84%,+0.91%,+0.88%,+0.38%,+0.34%,-0.41%,+0.74%,+0.41%,+0.55%,+0.62%,-74.51%,-72.73%,+3.21%,+0.00%,+10.98%,+30.30%,-20.00%,-2.84%,+8.52%,-3.79%,20573.0,3786.0,-3388.0,44.0,9940.0,-5598.0,8776.0,12164.0,581.0,3091.0,1008.0,486.0,1359.0,8266.0,11452.0,699.0,2963.0,1093.0,453.0,1174.0,1.694,1.726,2.081,2.229,2.024,2.059,1.916,59.82
2025-12-19,60.05,59.83,0.42,0.22,-0.51%,56.66,2.122,+0.07%,-0.68%,-0.63%,-0.72%,-0.69%,120.527,424417.0,118500.0,107806.0,-146.0,-182.0,55.44,59.93,60.47,60.65,59.4,241730.0,60.778,60.849,61.965,64.827,59.104,40.563,-1.009,-0.792,-0.216,25.636,21.21,1.384,60.884,0.069,-0.483,1.171,0.666,3.0,4.151,157.765,7.041,33.62,-3.84,9.57,17.93,7.23,45783.0,78752.0,46324.0,75972.0,85308.0,54144.0,96937.0,69342.0,44000.0,47568.0,53601.0,34875.0,516.0,34220.0,591.0,16399.0,1570.0,16399.0,1626.0,77182.0,76360.0,29925.0,74346.0,83528.0,420356.0,57543.0,124602.0,433410.0,63316.0,293282.0,292338.0,178479.0,424927.0,299434.0,191618.0,527660.0,19.61,8912.839,-0.67%,-0.62%,-0.51%,-0.67%,-0.62%,-0.64%,-4.99%,-4.35%,-5.02%,15.084,32.46,68.03,98.599,206.619,132.892,232.775,114.839,836588.0,1687122.0,1274951.0,13843.0,436.0,13407.0,1861.0,6525.0,6525.0,4664.0,16988.0,13831.0,432.0,13399.0,2412.0,6383.0,6383.0,3971.0,54.0,9.0,16792.0,1883.0,7481.0,197.0,207.0,20521.0,8647.0,1728.0,3684.0,425.0,1258.0,4780.0,-3186.0,623.0,51.0,572.0,-623.0,7799.0,102092.0,20862.0,241716.0,25195.0,47615.0,4490.0,30440.0,4740.0,13247.0,12453.0,26068.0,46377.0,4128.0,11487.0,29201.0,4730.0,12800.0,11670.0,25190.0,38671.0,3952.0,10792.0,600.0,44.0,3.625,213281.0,215086.0,232697.0,234749.0,29384.0,52939.0,24621.0,56484.0,29034.0,1380089.0,1232394.0,1549403.0,196817.0,439140.0,380094.0,204094.0,392445.0,626101.0,-0.45%,-0.99%,-0.47%,-0.50%,-0.40%,-0.43%,+0.91%,+0.93%,-7.82%,-1.00%,-0.12%,-0.68%,-1.16%,-14.61%,-76.32%,-9.59%,+0.00%,-20.88%,-37.21%,-100.00%,-0.46%,+2.62%,-2.81%,20573.0,3786.0,-3388.0,44.0,9940.0,-5598.0,8776.0,12164.0,581.0,3091.0,1008.0,486.0,1359.0,8266.0,11452.0,699.0,2963.0,1093.0,453.0,1174.0,1.649,1.682,2.032,2.179,1.974,2.009,1.867,60.47
2025-12-22,61.58,61.29,0.49,0.29,+1.98%,58.01,2.158,+2.62%,+1.94%,+2.01%,+1.98%,+1.84%,161.432,424417.0,118500.0,107806.0,-146.0,-182.0,56.07,60.61,62.07,62.17,60.53,246202.0,61.013,60.807,61.901,64.685,59.116,50.121,-0.847,-0.803,-0.044,44.937,29.119,1.406,61.396,-0.009,0.683,1.176,0.661,3.0,4.167,157.065,7.037,33.03,-4.03,9.24,17.44,7.27,45783.0,78752.0,46324.0,75972.0,85308.0,54144.0,96937.0,69342.0,44000.0,47568.0,53601.0,34875.0,516.0,34220.0,591.0,16399.0,1570.0,16399.0,1626.0,77182.0,76360.0,29925.0,74346.0,83528.0,420356.0,57543.0,124602.0,433410.0,63316.0,293282.0,292338.0,178479.0,424927.0,299434.0,191618.0,527660.0,19.61,8912.839,+1.91%,+1.89%,+2.18%,+1.66%,+1.61%,+1.72%,-7.69%,-3.64%,-4.28%,15.162,32.63,69.73,98.286,234.38,327.122,181.901,125.055,836588.0,1687122.0,1274951.0,13843.0,436.0,13407.0,1861.0,6525.0,6525.0,4664.0,16988.0,13831.0,432.0,13399.0,2412.0,6383.0,6383.0,3971.0,54.0,9.0,16792.0,1883.0,7481.0,197.0,207.0,20521.0,8647.0,1728.0,3684.0,425.0,1258.0,4780.0,-3186.0,623.0,51.0,572.0,-623.0,7799.0,102092.0,20862.0,241716.0,25195.0,47615.0,4490.0,30440.0,4740.0,13247.0,12453.0,26068.0,46377.0,4128.0,11487.0,29201.0,4730.0,12800.0,11670.0,25190.0,38671.0,3952.0,10792.0,600.0,44.0,3.625,213281.0,215086.0,232697.0,234749.0,29384.0,52939.0,24621.0,56484.0,29034.0,1380089.0,1232394.0,1549403.0,196817.0,439140.0,380094.0,204094.0,392445.0,626101.0,+2.11%,+2.25%,+2.02%,+1.98%,+2.14%,+2.11%,+2.65%,+2.64%,-0.89%,+1.75%,+1.73%,+3.56%,+2.81%,-18.63%,-22.39%,-2.36%,+8.20%,+11.11%,+11.11%,+66.67%,+4.96%,+2.55%,-6.23%,20573.0,3786.0,-3388.0,44.0,9940.0,-5598.0,8776.0,12164.0,581.0,3091.0,1008.0,486.0,1359.0,8266.0,11452.0,699.0,2963.0,1093.0,453.0,1174.0,1.678,1.672,2.077,2.225,2.022,2.055,1.915,62.07
2025-12-23,61.87,61.54,0.51,0.33,+1.55%,58.38,2.191,+0.44%,+2.02%,+1.85%,+1.81%,+1.66%,165.706,424417.0,118500.0,107806.0,-146.0,-182.0,56.22,60.69,62.38,62.57,61.72,179217.0,61.261,60.851,61.896,64.676,59.115,51.74,-0.686,-0.78,0.094,61.16,39.8,1.367,61.88,-0.04,0.54,1.179,0.637,3.0,4.171,156.225,7.029,33.02,-4.03,10.51,17.66,8.39,45005.0,76274.0,47350.0,74269.0,80528.0,51388.0,94554.0,69982.0,40824.0,45525.0,49885.0,30391.0,516.0,29448.0,516.0,12729.0,1805.0,12764.0,2646.0,74469.0,78697.0,34586.0,71623.0,87111.0,414786.0,54318.0,147343.0,431099.0,62569.0,338376.0,262856.0,221868.0,415804.0,265318.0,232378.0,556440.0,19.61,8912.839,+1.73%,+1.72%,+1.33%,+1.72%,+1.69%,+1.62%,-8.24%,-1.59%,-2.10%,14.834,33.625,70.3,97.942,141.261,126.743,140.955,127.071,836588.0,1687122.0,1274951.0,13843.0,436.0,13407.0,1861.0,6525.0,6525.0,4664.0,16988.0,13831.0,432.0,13399.0,2412.0,6383.0,6383.0,3971.0,54.0,9.0,16792.0,1883.0,7481.0,197.0,207.0,20521.0,8647.0,1728.0,3684.0,425.0,1258.0,4780.0,-3186.0,623.0,51.0,572.0,-623.0,7799.0,102092.0,20862.0,241716.0,25195.0,47615.0,4490.0,30440.0,4740.0,13247.0,12453.0,26068.0,46377.0,4128.0,11487.0,29201.0,4730.0,12800.0,11670.0,25190.0,38671.0,3952.0,10792.0,600.0,44.0,3.625,209997.0,212126.0,234832.0,237178.0,32276.0,50328.0,44144.0,55573.0,50566.0,1379380.0,1310253.0,1581204.0,216811.0,419335.0,465567.0,233210.0,368736.0,761293.0,+1.30%,+1.52%,+1.28%,+1.34%,+1.03%,+1.08%,+0.64%,+0.64%,-21.62%,+1.57%,+0.25%,-0.40%,+0.61%,-57.02%,+0.00%,-0.44%,-7.58%,+7.50%,+3.33%,-100.00%,-1.00%,+2.99%,-7.72%,20573.0,3786.0,-3388.0,44.0,9940.0,-5598.0,8776.0,12164.0,581.0,3091.0,1008.0,486.0,1359.0,8266.0,11452.0,699.0,2963.0,1093.0,453.0,1174.0,1.684,1.699,2.036,2.183,1.98,2.013,1.861,62.38
2025-12-24,61.8,61.5,0.44,0.3,+0.32%,58.35,2.158,+1.12%,+0.01%,+0.21%,+0.02%,-0.02%,171.91,424822.0,118702.0,108209.0,172.0,58.0,56.8,61.35,62.24,62.73,62.02,81084.0,61.439,60.854,61.851,64.577,59.125,50.936,-0.564,-0.737,0.173,70.034,49.878,1.32,61.914,-0.006,0.332,1.178,0.624,3.0,4.134,155.935,7.015,31.71,-4.03,9.88,18.1,7.27,45005.0,76274.0,47350.0,74269.0,80528.0,51388.0,94554.0,69982.0,40824.0,45525.0,49885.0,30391.0,516.0,29448.0,516.0,12729.0,1805.0,12764.0,2646.0,74469.0,78697.0,34586.0,71623.0,87111.0,414786.0,54318.0,147343.0,431099.0,62569.0,338376.0,262856.0,221868.0,415804.0,265318.0,232378.0,556440.0,19.61,8912.839,+0.45%,+0.45%,+0.45%,+0.45%,+0.31%,+0.21%,-2.43%,+5.71%,+5.76%,15.028,32.269,70.2,97.976,145.462,171.381,131.952,128.41,837793.0,1688594.0,1275623.0,13825.0,427.0,13398.0,2470.0,6086.0,6086.0,3616.0,16776.0,13834.0,434.0,13400.0,2320.0,6295.0,6295.0,3976.0,-20.0,-75.0,16875.0,1980.0,7490.0,249.0,208.0,20539.0,8701.0,1690.0,3882.0,454.0,1105.0,4707.0,-3189.0,643.0,50.0,593.0,-643.0,7395.0,104349.0,21569.0,241062.0,24740.0,47277.0,1989.0,28478.0,4084.0,14095.0,10299.0,25909.0,48505.0,3874.0,11937.0,27326.0,4075.0,13665.0,9586.0,25172.0,40937.0,3667.0,11107.0,626.0,88.0,3.625,209997.0,212126.0,234832.0,237178.0,32276.0,50328.0,44144.0,55573.0,50566.0,1379380.0,1310253.0,1581204.0,216811.0,419335.0,465567.0,233210.0,368736.0,761293.0,+0.18%,+0.55%,-0.10%,-0.07%,-0.24%,-0.21%,-0.05%,-0.05%,-17.24%,+0.12%,+0.59%,+0.93%,+0.15%,-22.11%,-14.63%,-3.49%,-8.20%,+1.16%,+9.68%,-37.50%,-2.94%,+5.31%,-1.26%,20310.0,4156.0,-3209.0,55.0,9856.0,-5509.0,8175.0,11384.0,654.0,3124.0,838.0,398.0,1071.0,8276.0,11465.0,713.0,3030.0,981.0,435.0,1136.0,1.732,1.762,2.028,2.176,1.971,2.061,1.853,62.24
2025-12-25,61.8,61.5,0.44,0.3,+0.00%,58.35,2.158,+0.00%,+0.00%,+0.00%,+0.00%,+0.00%,181.997,424822.0,118702.0,108209.0,172.0,58.0,58.18,62.22,62.24,62.73,62.02,81084.0,61.585,60.95,61.796,64.438,59.154,50.936,-0.461,-0.682,0.22,75.949,58.568,1.276,61.888,-0.014,0.366,1.178,0.624,3.0,4.134,155.8,7.006,31.71,-4.03,9.86,18.03,7.25,45005.0,76274.0,47350.0,74269.0,80528.0,51388.0,94554.0,69982.0,40824.0,45525.0,49885.0,30391.0,516.0,29448.0,516.0,12729.0,1805.0,12764.0,2646.0,74469.0,78697.0,34586.0,71623.0,87111.0,414786.0,54318.0,147343.0,431099.0,62569.0,338376.0,262856.0,221868.0,415804.0,265318.0,232378.0,556440.0,19.61,8912.839,+0.00%,+0.00%,+0.00%,+0.00%,+0.00%,+0.00%,+0.00%,+0.00%,+0.00%,15.028,32.269,70.2,97.976,244.599,320.483,232.448,133.855,837793.0,1688594.0,1275623.0,13825.0,427.0,13398.0,2470.0,6086.0,6086.0,3616.0,16776.0,13834.0,434.0,13400.0,2320.0,6295.0,6295.0,3976.0,-20.0,-75.0,16875.0,1980.0,7490.0,249.0,208.0,20539.0,8701.0,1690.0,3882.0,454.0,1105.0,4707.0,-3189.0,643.0,50.0,593.0,-643.0,7395.0,104349.0,21569.0,241062.0,24740.0,47277.0,1989.0,28478.0,4084.0,14095.0,10299.0,25909.0,48505.0,3874.0,11937.0,27326.0,4075.0,13665.0,9586.0,25172.0,40937.0,3667.0,11107.0,626.0,88.0,3.625,209997.0,212126.0,234832.0,237178.0,32276.0,50328.0,44144.0,55573.0,50566.0,1379380.0,1310253.0,1581204.0,216811.0,419335.0,465567.0,233210.0,368736.0,761293.0,+0.00%,+0.00%,+0.00%,+0.00%,+0.00%,+0.00%,+0.00%,+0.00%,+0.00%,+0.00%,+0.00%,+0.00%,+0.00%,+0.00%,+0.00%,+0.00%,+0.00%,+0.00%,+0.00%,+0.00%,+0.00%,+0.00%,+0.00%,20310.0,4156.0,-3209.0,55.0,9856.0,-5509.0,8175.0,11384.0,654.0,3124.0,838.0,398.0,1071.0,8276.0,11465.0,713.0,3030.0,981.0,435.0,1136.0,1.695,1.813,2.059,2.206,2.049,2.081,1.949,62.24
2025-12-26,60.24,59.97,0.4,0.27,-0.21%,56.74,2.107,+0.00%,+0.36%,-0.02%,+0.24%,+0.33%,170.426,424822.0,118702.0,108209.0,172.0,58.0,58.55,63.7,60.64,62.67,60.56,53275.0,61.413,60.902,61.668,64.271,59.065,42.235,-0.503,-0.646,0.143,66.593,61.243,1.336,61.796,0.069,-1.225,1.177,0.651,3.0,4.13,156.565,7.007,32.22,-3.9,8.19,17.86,7.21,45005.0,76274.0,47350.0,74269.0,80528.0,51388.0,94554.0,69982.0,40824.0,45525.0,49885.0,30391.0,516.0,29448.0,516.0,12729.0,1805.0,12764.0,2646.0,74469.0,78697.0,34586.0,71623.0,87111.0,414786.0,54318.0,147343.0,431099.0,62569.0,338376.0,262856.0,221868.0,415804.0,265318.0,232378.0,556440.0,19.61,8912.839,-0.03%,-0.21%,-0.48%,+0.22%,+0.24%,+0.26%,-4.60%,-2.82%,-2.13%,14.538,31.754,68.48,98.022,125.626,105.465,175.936,136.06,837793.0,1688594.0,1275623.0,13825.0,427.0,13398.0,2470.0,6086.0,6086.0,3616.0,16776.0,13834.0,434.0,13400.0,2320.0,6295.0,6295.0,3976.0,-20.0,-75.0,16875.0,1980.0,7490.0,249.0,208.0,20539.0,8701.0,1690.0,3882.0,454.0,1105.0,4707.0,-3189.0,643.0,50.0,593.0,-643.0,7395.0,104349.0,21569.0,241062.0,24740.0,47277.0,1989.0,28478.0,4084.0,14095.0,10299.0,25909.0,48505.0,3874.0,11937.0,27326.0,4075.0,13665.0,9586.0,25172.0,40937.0,3667.0,11107.0,626.0,88.0,3.625,209997.0,212126.0,234832.0,237178.0,32276.0,50328.0,44144.0,55573.0,50566.0,1379380.0,1310253.0,1581204.0,216811.0,419335.0,465567.0,233210.0,368736.0,761293.0,-0.13%,-0.04%,+0.07%,+0.15%,+0.15%,+0.23%,+0.00%,+0.00%,-11.11%,+0.17%,+0.00%,+0.00%,+0.00%,+15.09%,+24.47%,+1.16%,+0.00%,+8.05%,-2.94%,-9.09%,-8.60%,-8.72%,-6.19%,20310.0,4156.0,-3209.0,55.0,9856.0,-5509.0,8175.0,11384.0,654.0,3124.0,838.0,398.0,1071.0,8276.0,11465.0,713.0,3030.0,981.0,435.0,1136.0,1.709,1.829,2.098,2.245,2.083,2.15,1.995,60.64
2025-12-29,61.49,61.15,0.45,0.34,-1.56%,58.08,2.127,-1.42%,-1.55%,-1.56%,-1.52%,-1.53%,144.625,424822.0,118702.0,108209.0,172.0,58.0,58.72,63.7,61.94,62.19,60.87,86952.0,61.509,61.04,61.606,64.117,59.096,49.746,-0.427,-0.602,0.175,70.162,64.216,1.351,61.518,-0.009,0.431,1.177,0.65,3.0,4.108,156.06,7.006,32.16,-3.78,9.06,17.55,6.4,45005.0,76274.0,47350.0,74269.0,80528.0,51388.0,94554.0,69982.0,40824.0,45525.0,49885.0,30391.0,516.0,29448.0,516.0,12729.0,1805.0,12764.0,2646.0,74469.0,78697.0,34586.0,71623.0,87111.0,414786.0,54318.0,147343.0,431099.0,62569.0,338376.0,262856.0,221868.0,415804.0,265318.0,232378.0,556440.0,19.61,8912.839,-1.78%,-1.69%,-1.61%,-1.78%,-1.69%,-1.66%,-0.68%,-1.13%,-1.15%,13.958,31.275,69.61,98.037,70.314,93.463,38.979,138.353,837793.0,1688594.0,1275623.0,13825.0,427.0,13398.0,2470.0,6086.0,6086.0,3616.0,16776.0,13834.0,434.0,13400.0,2320.0,6295.0,6295.0,3976.0,-20.0,-75.0,16875.0,1980.0,7490.0,249.0,208.0,20539.0,8701.0,1690.0,3882.0,454.0,1105.0,4707.0,-3189.0,643.0,50.0,593.0,-643.0,7395.0,104349.0,21569.0,241062.0,24740.0,47277.0,1989.0,28478.0,4084.0,14095.0,10299.0,25909.0,48505.0,3874.0,11937.0,27326.0,4075.0,13665.0,9586.0,25172.0,40937.0,3667.0,11107.0,626.0,88.0,3.625,209997.0,212126.0,234832.0,237178.0,32276.0,50328.0,44144.0,55573.0,50566.0,1379380.0,1310253.0,1581204.0,216811.0,419335.0,465567.0,233210.0,368736.0,761293.0,-1.64%,-1.54%,-1.61%,-1.63%,-1.69%,-1.71%,-0.72%,-0.86%,-3.12%,-1.41%,-1.37%,-1.78%,-1.36%,+6.09%,+15.49%,+1.28%,-10.71%,+1.06%,-3.03%,+0.00%,+0.92%,-1.01%,-1.63%,20310.0,4156.0,-3209.0,55.0,9856.0,-5509.0,8175.0,11384.0,654.0,3124.0,838.0,398.0,1071.0,8276.0,11465.0,713.0,3030.0,981.0,435.0,1136.0,1.763,1.795,2.065,2.212,2.052,2.162,1.962,61.94
2025-12-30,61.33,61.03,0.59,0.3,+0.78%,57.95,2.151,-0.02%,+0.88%,+1.24%,+0.92%,+0.84%,138.92,424822.0,118702.0,108209.0,172.0,58.0,58.72,63.7,61.92,62.32,61.45,29686.0,61.584,61.34,61.58,64.064,59.096,49.639,-0.363,-0.554,0.191,72.0,66.811,1.317,61.24,-0.04,0.72,1.175,0.675,3.0,4.126,156.41,6.996,30.76,-3.88,10.12,18.5,6.6,45182.0,75513.0,46933.0,73717.0,82734.0,54946.0,98035.0,73901.0,43491.0,47922.0,50843.0,27775.0,594.0,27983.0,928.0,15080.0,130.0,15080.0,477.0,75383.0,82581.0,31853.0,73240.0,91481.0,423444.0,56198.0,133012.0,436319.0,62008.0,293670.0,286322.0,187227.0,449237.0,290099.0,191303.0,555332.0,19.61,8912.839,+1.43%,+1.35%,+0.08%,+1.43%,+1.35%,+1.30%,-2.72%,-0.25%,-0.66%,14.332,32.371,69.74,98.238,101.326,108.784,116.661,137.941,837793.0,1688594.0,1275623.0,13825.0,427.0,13398.0,2470.0,6086.0,6086.0,3616.0,16776.0,13834.0,434.0,13400.0,2320.0,6295.0,6295.0,3976.0,-20.0,-75.0,16875.0,1980.0,7490.0,249.0,208.0,20539.0,8701.0,1690.0,3882.0,454.0,1105.0,4707.0,-3189.0,643.0,50.0,593.0,-643.0,7395.0,104349.0,21569.0,241062.0,24740.0,47277.0,1989.0,28478.0,4084.0,14095.0,10299.0,25909.0,48505.0,3874.0,11937.0,27326.0,4075.0,13665.0,9586.0,25172.0,40937.0,3667.0,11107.0,626.0,88.0,3.625,216059.0,218602.0,242292.0,244943.0,30102.0,50173.0,46475.0,54337.0,51550.0,1407384.0,1255917.0,1571549.0,214024.0,427398.0,477341.0,219566.0,379828.0,716637.0,+0.78%,+0.68%,+0.89%,+0.86%,+0.89%,+0.86%,-0.22%,-0.19%,-6.45%,+0.33%,+0.19%,-1.21%,-0.31%,-1.62%,-46.67%,-1.73%,+12.00%,+12.63%,+12.50%,-91.67%,+6.02%,+3.55%,+0.00%,20310.0,4156.0,-3209.0,55.0,9856.0,-5509.0,8175.0,11384.0,654.0,3124.0,838.0,398.0,1071.0,8276.0,11465.0,713.0,3030.0,981.0,435.0,1136.0,1.763,1.795,2.065,2.212,2.052,2.162,1.962,61.92
2025-12-31,60.49,60.32,0.36,0.17,-0.26%,57.42,2.121,-0.08%,+0.19%,-0.63%,+0.55%,+0.62%,137.809,422888.0,123679.0,113132.0,-241.0,-276.0,56.6,63.7,60.85,61.92,60.63,208854.0,61.45,61.457,61.489,63.938,59.04,44.169,-0.395,-0.522,0.127,62.514,65.378,1.315,61.262,-0.006,-0.406,1.175,0.688,3.0,4.163,156.665,6.994,30.17,-3.88,9.91,17.55,7.07,45182.0,75513.0,46933.0,73717.0,82734.0,54946.0,98035.0,73901.0,43491.0,47922.0,50843.0,27775.0,594.0,27983.0,928.0,15080.0,130.0,15080.0,477.0,75383.0,82581.0,31853.0,73240.0,91481.0,423444.0,56198.0,133012.0,436319.0,62008.0,293670.0,286322.0,187227.0,449237.0,290099.0,191303.0,555332.0,19.61,8912.839,+0.09%,+0.14%,-1.44%,+0.09%,+0.14%,+0.17%,+1.70%,+2.24%,+3.89%,14.207,31.645,69.16,98.322,137.686,96.891,188.572,136.756,836107.0,1698998.0,1285779.0,13827.0,438.0,13389.0,1513.0,4953.0,4953.0,3440.0,16847.0,13837.0,435.0,13403.0,2106.0,6038.0,6038.0,3932.0,-110.0,-165.0,16868.0,1888.0,7281.0,515.0,210.0,20335.0,8760.0,1705.0,3870.0,422.0,1125.0,4455.0,-3287.0,663.0,50.0,613.0,-663.0,7238.0,105197.0,22112.0,238177.0,24742.0,47534.0,5109.0,31087.0,4815.0,14275.0,11998.0,27257.0,49685.0,4031.0,11620.0,29877.0,4808.0,13851.0,11219.0,26443.0,41982.0,3853.0,10976.0,598.0,66.0,3.625,216059.0,218602.0,242292.0,244943.0,30102.0,50173.0,46475.0,54337.0,51550.0,1407384.0,1255917.0,1571549.0,214024.0,427398.0,477341.0,219566.0,379828.0,716637.0,-0.26%,+0.22%,+0.20%,+0.20%,+0.20%,+0.20%,-0.91%,-0.90%,-13.79%,-0.79%,-1.30%,+0.95%,+0.15%,-4.79%,-36.36%,+2.98%,-16.07%,-1.87%,+2.78%,-13.04%,-7.25%,-12.25%,+4.50%,19376.0,3379.0,-3773.0,55.0,9829.0,-5393.0,6339.0,10112.0,448.0,2512.0,639.0,445.0,909.0,7926.0,11213.0,597.0,2973.0,920.0,447.0,1101.0,1.748,1.78,1.994,2.142,1.982,2.092,1.892,60.85
2026-01-01,60.49,60.32,0.36,0.17,+0.00%,57.42,2.121,+0.00%,+0.00%,+0.00%,+0.00%,+0.00%,128.562,422888.0,123679.0,113132.0,-241.0,-276.0,57.89,63.1,60.85,61.92,60.63,208854.0,61.341,61.56,61.368,63.684,59.053,44.169,-0.415,-0.501,0.086,46.525,59.094,1.313,61.226,-0.014,-0.362,1.175,0.688,3.0,4.163,156.665,6.994,30.17,-3.88,9.86,17.47,7.07,45182.0,75513.0,46933.0,73717.0,82734.0,54946.0,98035.0,73901.0,43491.0,47922.0,50843.0,27775.0,594.0,27983.0,928.0,15080.0,130.0,15080.0,477.0,75383.0,82581.0,31853.0,73240.0,91481.0,423444.0,56198.0,133012.0,436319.0,62008.0,293670.0,286322.0,187227.0,449237.0,290099.0,191303.0,555332.0,19.61,8912.839,+0.00%,+0.00%,+0.00%,+0.00%,+0.00%,+0.00%,+0.00%,+0.00%,+0.00%,14.207,31.645,69.16,98.322,179.868,268.971,74.783,136.48,836107.0,1698998.0,1285779.0,13827.0,438.0,13389.0,1513.0,4953.0,4953.0,3440.0,16847.0,13837.0,435.0,13403.0,2106.0,6038.0,6038.0,3932.0,-110.0,-165.0,16868.0,1888.0,7281.0,515.0,210.0,20335.0,8760.0,1705.0,3870.0,422.0,1125.0,4455.0,-3287.0,663.0,50.0,613.0,-663.0,7238.0,105197.0,22112.0,238177.0,24742.0,47534.0,5109.0,31087.0,4815.0,14275.0,11998.0,27257.0,49685.0,4031.0,11620.0,29877.0,4808.0,13851.0,11219.0,26443.0,41982.0,3853.0,10976.0,598.0,66.0,3.625,216059.0,218602.0,242292.0,244943.0,30102.0,50173.0,46475.0,54337.0,51550.0,1407384.0,1255917.0,1571549.0,214024.0,427398.0,477341.0,219566.0,379828.0,716637.0,+0.00%,+0.00%,+0.00%,+0.00%,+0.00%,+0.00%,+0.00%,+0.00%,+0.00%,+0.00%,+0.00%,+0.00%,+0.00%,+0.00%,+0.00%,+0.00%,+0.00%,+0.00%,+0.00%,+0.00%,+0.00%,+0.00%,+0.00%,19376.0,3379.0,-3773.0,55.0,9829.0,-5393.0,6339.0,10112.0,448.0,2512.0,639.0,445.0,909.0,7926.0,11213.0,597.0,2973.0,920.0,447.0,1101.0,1.759,1.791,2.011,2.159,1.999,2.109,1.909,60.85
2026-01-02,60.43,60.28,0.32,0.15,-2.05%,57.32,2.115,-2.97%,-1.61%,-0.78%,-1.70%,-1.53%,135.092,422888.0,123679.0,113132.0,-241.0,-276.0,57.79,62.3,60.75,61.38,60.01,265475.0,61.234,61.588,61.219,63.257,59.18,43.647,-0.435,-0.488,0.053,40.085,52.758,1.317,60.982,0.069,-0.301,1.172,0.716,3.0,4.193,156.835,6.994,28.4,-3.58,14.92,20.92,7.86,45182.0,75513.0,46933.0,73717.0,82734.0,54946.0,98035.0,73901.0,43491.0,47922.0,50843.0,27775.0,594.0,27983.0,928.0,15080.0,130.0,15080.0,477.0,75383.0,82581.0,31853.0,73240.0,91481.0,423444.0,56198.0,133012.0,436319.0,62008.0,293670.0,286322.0,187227.0,449237.0,290099.0,191303.0,555332.0,19.61,8912.839,-0.84%,-0.84%,+0.30%,-0.84%,-0.84%,-0.85%,+10.61%,+1.56%,+2.03%,14.004,31.514,68.96,98.424,171.34,195.214,217.104,138.226,836107.0,1698998.0,1285779.0,13827.0,438.0,13389.0,1513.0,4953.0,4953.0,3440.0,16847.0,13837.0,435.0,13403.0,2106.0,6038.0,6038.0,3932.0,-110.0,-165.0,16868.0,1888.0,7281.0,515.0,210.0,20335.0,8760.0,1705.0,3870.0,422.0,1125.0,4455.0,-3287.0,663.0,50.0,613.0,-663.0,7238.0,105197.0,22112.0,238177.0,24742.0,47534.0,5109.0,31087.0,4815.0,14275.0,11998.0,27257.0,49685.0,4031.0,11620.0,29877.0,4808.0,13851.0,11219.0,26443.0,41982.0,3853.0,10976.0,598.0,66.0,3.625,216059.0,218602.0,242292.0,244943.0,30102.0,50173.0,46475.0,54337.0,51550.0,1407384.0,1255917.0,1571549.0,214024.0,427398.0,477341.0,219566.0,379828.0,716637.0,-1.61%,-1.44%,-1.11%,-1.18%,-0.67%,-0.74%,-0.17%,-0.17%,+5.00%,-0.42%,-1.11%,-2.69%,-2.14%,+28.43%,+83.33%,+8.21%,+12.77%,-20.95%,-16.22%,-26.92%,-1.42%,-3.35%,+0.70%,19376.0,3379.0,-3773.0,55.0,9829.0,-5393.0,6339.0,10112.0,448.0,2512.0,639.0,445.0,909.0,7926.0,11213.0,597.0,2973.0,920.0,447.0,1101.0,1.785,1.807,2.036,2.183,2.031,2.133,1.933,60.75
2026-01-05,61.37,61.16,0.39,0.21,-3.42%,58.32,2.143,+2.48%,-2.31%,-2.23%,-2.20%,-2.11%,152.801,422888.0,123679.0,113132.0,-241.0,-276.0,57.26,61.35,61.76,61.89,59.75,392716.0,61.329,61.557,61.182,63.149,59.215,50.059,-0.364,-0.463,0.099,49.207,51.574,1.376,60.804,-0.009,0.965,1.172,0.706,3.0,4.159,156.395,6.989,29.41,-3.68,13.56,20.93,6.3,45182.0,75513.0,46933.0,73717.0,82734.0,54946.0,98035.0,73901.0,43491.0,47922.0,50843.0,27775.0,594.0,27983.0,928.0,15080.0,130.0,15080.0,477.0,75383.0,82581.0,31853.0,73240.0,91481.0,423444.0,56198.0,133012.0,436319.0,62008.0,293670.0,286322.0,187227.0,449237.0,290099.0,191303.0,555332.0,19.61,8912.839,-2.37%,-2.35%,-3.32%,-2.37%,-2.35%,-2.32%,+6.13%,+5.72%,+3.98%,13.92,31.678,70.22,98.27,79.08,52.558,87.677,139.963,836107.0,1698998.0,1285779.0,13827.0,438.0,13389.0,1513.0,4953.0,4953.0,3440.0,16847.0,13837.0,435.0,13403.0,2106.0,6038.0,6038.0,3932.0,-110.0,-165.0,16868.0,1888.0,7281.0,515.0,210.0,20335.0,8760.0,1705.0,3870.0,422.0,1125.0,4455.0,-3287.0,663.0,50.0,613.0,-663.0,7238.0,105197.0,22112.0,238177.0,24742.0,47534.0,5109.0,31087.0,4815.0,14275.0,11998.0,27257.0,49685.0,4031.0,11620.0,29877.0,4808.0,13851.0,11219.0,26443.0,41982.0,3853.0,10976.0,598.0,66.0,3.625,216059.0,218602.0,242292.0,244943.0,30102.0,50173.0,46475.0,54337.0,51550.0,1407384.0,1255917.0,1571549.0,214024.0,427398.0,477341.0,219566.0,379828.0,716637.0,-3.75%,-1.86%,-3.37%,-3.06%,-3.70%,-3.39%,+1.74%,+1.68%,-9.52%,-1.33%,+1.78%,+1.86%,+0.08%,+86.52%,+635.00%,+15.99%,-11.32%,+4.82%,-3.23%,+12.12%,+10.52%,+24.86%,-5.06%,19376.0,3379.0,-3773.0,55.0,9829.0,-5393.0,6339.0,10112.0,448.0,2512.0,639.0,445.0,909.0,7926.0,11213.0,597.0,2973.0,920.0,447.0,1101.0,1.737,2.0,2.006,2.154,1.999,2.154,1.911,61.76
2026-01-06,60.31,60.1,0.39,0.21,+1.97%,57.13,2.083,+0.06%,+2.64%,+2.63%,+2.52%,+2.39%,168.631,422888.0,123679.0,113132.0,-241.0,-276.0,57.26,61.35,60.7,62.33,60.4,389051.0,61.215,61.389,61.12,63.065,59.175,44.355,-0.389,-0.448,0.059,43.431,48.86,1.415,61.032,-0.04,-0.292,1.169,0.708,3.0,4.167,156.64,6.984,30.06,-3.74,12.03,20.54,5.61,45182.0,75513.0,46933.0,73717.0,82734.0,54946.0,98035.0,73901.0,43491.0,47922.0,50843.0,27775.0,594.0,27983.0,928.0,15080.0,130.0,15080.0,477.0,75383.0,82581.0,31853.0,73240.0,91481.0,408120.0,63251.0,140819.0,424657.0,70136.0,303199.0,303005.0,176099.0,463315.0,309579.0,183395.0,562595.0,19.61,8912.839,+2.72%,+2.65%,+1.81%,+2.72%,+2.65%,+2.59%,-1.17%,+2.23%,+1.56%,14.295,30.356,68.51,98.58,212.135,146.411,271.38,144.459,836107.0,1698998.0,1285779.0,13827.0,438.0,13389.0,1513.0,4953.0,4953.0,3440.0,16847.0,13837.0,435.0,13403.0,2106.0,6038.0,6038.0,3932.0,-110.0,-165.0,16868.0,1888.0,7281.0,515.0,210.0,20335.0,8760.0,1705.0,3870.0,422.0,1125.0,4455.0,-3287.0,663.0,50.0,613.0,-663.0,7238.0,105197.0,22112.0,238177.0,24742.0,47534.0,5109.0,31087.0,4815.0,14275.0,11998.0,27257.0,49685.0,4031.0,11620.0,29877.0,4808.0,13851.0,11219.0,26443.0,41982.0,3853.0,10976.0,598.0,66.0,3.625,216059.0,218602.0,242292.0,244943.0,30102.0,33381.0,33214.0,36372.0,36831.0,1423378.0,1263983.0,1583563.0,213138.0,420843.0,477872.0,218796.0,379462.0,720940.0,+2.35%,+3.41%,+2.55%,+2.42%,+2.92%,+2.80%,-2.04%,-1.96%,+3.16%,+1.14%,+0.26%,+0.34%,-0.16%,+78.95%,-44.86%,+2.13%,+0.00%,+20.69%,+3.33%,+0.00%,-4.98%,+8.33%,+3.12%,19376.0,3379.0,-3773.0,55.0,9829.0,-5393.0,6339.0,10112.0,448.0,2512.0,639.0,445.0,909.0,7926.0,11213.0,597.0,2973.0,920.0,447.0,1101.0,1.737,2.0,2.006,2.154,1.999,2.154,1.911,60.7
2026-01-07,59.58,59.4,0.38,0.18,-1.85%,55.99,2.057,-1.93%,-1.83%,-1.79%,-1.84%,-1.81%,170.82,419056.0,129273.0,118002.0,-512.0,-547.0,57.21,61.98,59.96,60.93,59.81,467383.0,60.987,61.161,61.007,62.947,59.068,40.855,-0.464,-0.451,-0.012,31.351,43.023,1.394,61.55,-0.006,-1.584,1.167,0.673,3.0,4.142,156.77,6.997,32.98,-3.99,13.56,21.07,6.3,45182.0,75513.0,46933.0,73717.0,82734.0,54946.0,98035.0,73901.0,43491.0,47922.0,50843.0,27775.0,594.0,27983.0,928.0,15080.0,130.0,15080.0,477.0,75383.0,82581.0,31853.0,73240.0,91481.0,408120.0,63251.0,140819.0,424657.0,70136.0,303199.0,303005.0,176099.0,463315.0,309579.0,183395.0,562595.0,19.61,8912.839,-2.37%,-2.22%,-1.79%,-2.37%,-2.22%,-2.16%,-4.66%,-1.96%,-5.61%,15.179,30.391,67.79,98.684,153.005,137.281,190.843,144.997,832520.0,1707349.0,1293885.0,13811.0,431.0,13380.0,2076.0,6339.0,6339.0,4263.0,16909.0,13827.0,433.0,13394.0,1980.0,5976.0,5976.0,3996.0,-182.0,-237.0,16880.0,1901.0,7296.0,990.0,212.0,19871.0,8688.0,1680.0,3629.0,347.0,1184.0,4344.0,-3415.0,682.0,50.0,632.0,-682.0,6885.0,105198.0,22840.0,235616.0,24408.0,46950.0,2312.0,32906.0,5234.0,15707.0,11965.0,29413.0,50117.0,4416.0,12421.0,31765.0,5222.0,15263.0,11280.0,28535.0,41775.0,4253.0,11674.0,557.0,69.0,3.625,216059.0,218602.0,242292.0,244943.0,30102.0,33381.0,33214.0,36372.0,36831.0,1423378.0,1263983.0,1583563.0,213138.0,420843.0,477872.0,218796.0,379462.0,720940.0,-1.79%,-1.91%,-1.95%,-1.88%,-1.89%,-1.83%,-2.00%,-1.83%,-1.02%,-1.24%,-1.11%,-1.49%,-2.90%,+2325.00%,+61.02%,+18.00%,+19.15%,+8.57%,-35.48%,+0.00%,+10.42%,+29.49%,-8.11%,19226.0,3195.0,-3292.0,55.0,9846.0,-5395.0,8216.0,11508.0,659.0,3381.0,854.0,399.0,1047.0,7877.0,11292.0,585.0,3027.0,835.0,432.0,1097.0,1.953,2.215,1.972,2.12,1.965,2.12,1.877,59.96
2026-01-08,61.49,61.22,0.5,0.27,+0.03%,57.76,2.119,+1.36%,-0.15%,-0.27%,-0.20%,-0.23%,167.726,419056.0,129273.0,118002.0,-512.0,-547.0,58.1,63.0,61.99,63.02,59.96,483618.0,61.169,61.136,61.043,63.029,59.057,52.036,-0.355,-0.432,0.077,43.735,43.26,1.513,60.708,-0.014,1.296,1.166,0.693,3.0,4.185,156.875,6.984,35.8,-4.27,14.65,21.68,6.75,45182.0,75513.0,46933.0,73717.0,82734.0,54946.0,98035.0,73901.0,43491.0,47922.0,50843.0,27775.0,594.0,27983.0,928.0,15080.0,130.0,15080.0,477.0,75383.0,82581.0,31853.0,73240.0,91481.0,408120.0,63251.0,140819.0,424657.0,70136.0,303199.0,303005.0,176099.0,463315.0,309579.0,183395.0,562595.0,19.61,8912.839,-0.71%,-0.64%,-0.07%,-0.71%,-0.64%,-0.62%,+2.93%,-2.81%,-1.26%,16.173,31.259,70.54,98.934,158.212,98.578,213.782,146.583,832520.0,1707349.0,1293885.0,13811.0,431.0,13380.0,2076.0,6339.0,6339.0,4263.0,16909.0,13827.0,433.0,13394.0,1980.0,5976.0,5976.0,3996.0,-182.0,-237.0,16880.0,1901.0,7296.0,990.0,212.0,19871.0,8688.0,1680.0,3629.0,347.0,1184.0,4344.0,-3415.0,682.0,50.0,632.0,-682.0,6885.0,105198.0,22840.0,235616.0,24408.0,46950.0,2312.0,32906.0,5234.0,15707.0,11965.0,29413.0,50117.0,4416.0,12421.0,31765.0,5222.0,15263.0,11280.0,28535.0,41775.0,4253.0,11674.0,557.0,69.0,3.625,216059.0,218602.0,242292.0,244943.0,30102.0,33381.0,33214.0,36372.0,36831.0,1423378.0,1263983.0,1583563.0,213138.0,420843.0,477872.0,218796.0,379462.0,720940.0,-0.07%,+0.12%,-0.02%,-0.14%,-0.12%,-0.24%,+3.16%,+3.11%,+19.59%,+0.26%,+2.12%,+0.75%,-1.61%,+97.75%,+13.68%,-21.77%,+19.64%,-14.91%,-25.00%,+13.79%,-5.67%,-12.54%,+1.94%,19226.0,3195.0,-3292.0,55.0,9846.0,-5395.0,8216.0,11508.0,659.0,3381.0,854.0,399.0,1047.0,7877.0,11292.0,585.0,3027.0,835.0,432.0,1097.0,1.966,2.238,2.003,2.15,2.003,2.15,1.88,61.99
2026-01-09,62.79,62.47,0.55,0.32,+4.25%,59.12,2.135,+4.10%,+4.04%,+3.96%,+3.85%,+3.68%,167.182,419056.0,129273.0,118002.0,-512.0,-547.0,58.1,63.0,63.34,63.92,61.83,458484.0,61.564,61.406,61.154,63.39,58.918,57.756,-0.158,-0.377,0.22,57.853,48.125,1.554,60.62,0.069,2.651,1.164,0.635,3.0,4.167,157.885,6.977,36.8,-4.27,11.57,21.05,4.89,45182.0,75513.0,46933.0,73717.0,82734.0,54946.0,98035.0,73901.0,43491.0,47922.0,50843.0,27775.0,594.0,27983.0,928.0,15080.0,130.0,15080.0,477.0,75383.0,82581.0,31853.0,73240.0,91481.0,408120.0,63251.0,140819.0,424657.0,70136.0,303199.0,303005.0,176099.0,463315.0,309579.0,183395.0,562595.0,19.61,8912.839,+3.73%,+3.66%,+4.32%,+3.73%,+3.66%,+3.65%,-3.88%,-2.47%,-0.05%,15.665,30.55,70.78,99.133,167.532,121.467,202.63,148.612,832520.0,1707349.0,1293885.0,13811.0,431.0,13380.0,2076.0,6339.0,6339.0,4263.0,16909.0,13827.0,433.0,13394.0,1980.0,5976.0,5976.0,3996.0,-182.0,-237.0,16880.0,1901.0,7296.0,990.0,212.0,19871.0,8688.0,1680.0,3629.0,347.0,1184.0,4344.0,-3415.0,682.0,50.0,632.0,-682.0,6885.0,105198.0,22840.0,235616.0,24408.0,46950.0,2312.0,32906.0,5234.0,15707.0,11965.0,29413.0,50117.0,4416.0,12421.0,31765.0,5222.0,15263.0,11280.0,28535.0,41775.0,4253.0,11674.0,557.0,69.0,3.625,216059.0,218602.0,242292.0,244943.0,30102.0,33381.0,33214.0,36372.0,36831.0,1423378.0,1263983.0,1583563.0,213138.0,420843.0,477872.0,218796.0,379462.0,720940.0,+4.23%,+4.30%,+4.14%,+3.93%,+4.12%,+3.91%,+2.35%,+2.26%,+32.76%,+2.37%,+3.21%,+3.33%,+4.59%,-74.43%,-99.07%,-21.51%,-4.48%,+1.03%,-26.67%,+12.00%,-16.77%,-19.62%,+5.90%,19226.0,3195.0,-3292.0,55.0,9846.0,-5395.0,8216.0,11508.0,659.0,3381.0,854.0,399.0,1047.0,7877.0,11292.0,585.0,3027.0,835.0,432.0,1097.0,1.966,2.238,2.003,2.15,2.003,2.15,1.88,63.34
