date,D-PCAAT00
2008-01-01,89.220
2008-01-02,89.220
2008-01-03,92.025
2008-01-04,92.600
2008-01-07,91.570
2008-01-08,90.170
2008-01-09,90.600
2008-01-10,89.030
2008-01-11,87.770
2008-01-14,86.920
2008-01-15,87.970
2008-01-16,85.820
2008-01-17,85.870
2008-01-18,85.010
2008-01-21,84.420
2008-01-22,81.750
2008-01-23,84.380
2008-01-24,83.330
2008-01-25,85.710
2008-01-28,85.820
2008-01-29,86.930
2008-01-30,87.780
2008-01-31,87.395
2008-02-01,87.100
2008-02-04,85.570
2008-02-05,85.920
2008-02-06,84.130
2008-02-07,84.130
2008-02-08,84.130
2008-02-11,87.290
2008-02-12,88.620
2008-02-13,88.560
2008-02-14,89.210
2008-02-15,90.280
2008-02-18,90.390
2008-02-19,90.900
2008-02-20,92.760
2008-02-21,92.950
2008-02-22,91.020
2008-02-25,92.220
2008-02-26,91.980
2008-02-27,94.280
2008-02-28,92.530
2008-02-29,94.700
2008-03-03,95.070
2008-03-04,95.720
2008-03-05,92.900
2008-03-06,95.780
2008-03-07,96.130
2008-03-10,96.000
2008-03-11,96.920
2008-03-12,97.680
2008-03-13,98.830
2008-03-14,100.170
2008-03-17,101.080
2008-03-18,96.870
2008-03-19,99.400
2008-03-20,94.000
2008-03-21,94.000
2008-03-24,94.220
2008-03-25,94.820
2008-03-26,95.630
2008-03-27,98.280
2008-03-28,98.230
2008-03-31,97.410
2008-04-01,94.430
2008-04-02,95.080
2008-04-03,97.040
2008-04-04,96.700
2008-04-07,98.800
2008-04-08,100.370
2008-04-09,99.590
2008-04-10,102.180
2008-04-11,102.120
2008-04-14,101.670
2008-04-15,103.230
2008-04-16,104.700
2008-04-17,106.420
2008-04-18,106.000
2008-04-21,107.800
2008-04-22,107.900
2008-04-23,109.530
2008-04-24,109.330
2008-04-25,106.750
2008-04-28,110.200
2008-04-29,108.745
2008-04-30,106.480
2008-05-01,106.480
2008-05-02,104.890
2008-05-05,109.800
2008-05-06,113.250
2008-05-07,114.950
2008-05-08,116.350
2008-05-09,118.300
2008-05-12,120.120
2008-05-13,118.260
2008-05-14,119.490
2008-05-15,119.170
2008-05-16,118.405
2008-05-19,118.405
2008-05-20,120.250
2008-05-21,123.750
2008-05-22,128.980
2008-05-23,126.210
2008-05-26,126.260
2008-05-27,126.560
2008-05-28,120.900
2008-05-29,123.890
2008-05-30,120.155
2008-06-02,120.800
2008-06-03,122.220
2008-06-04,118.820
2008-06-05,117.800
2008-06-06,122.850
2008-06-09,130.750
2008-06-10,127.600
2008-06-11,127.530
2008-06-12,130.050
2008-06-13,130.800
2008-06-16,128.730
2008-06-17,129.380
2008-06-18,128.200
2008-06-19,130.300
2008-06-20,127.040
2008-06-23,130.000
2008-06-24,130.870
2008-06-25,130.750
2008-06-26,128.280
2008-06-27,135.080
2008-06-30,136.325
2008-07-01,136.470
2008-07-02,136.800
2008-07-03,140.450
2008-07-04,140.770
2008-07-07,138.850
2008-07-08,137.520
2008-07-09,134.150
2008-07-10,132.800
2008-07-11,139.050
2008-07-14,139.050
2008-07-15,140.240
2008-07-16,134.050
2008-07-17,131.100
2008-07-18,128.100
2008-07-21,127.580
2008-07-22,128.930
2008-07-23,123.540
2008-07-24,120.850
2008-07-25,122.490
2008-07-28,121.200
2008-07-29,122.350
2008-07-30,119.800
2008-07-31,123.150
2008-08-01,120.450
2008-08-04,122.490
2008-08-05,117.450
2008-08-06,116.090
2008-08-07,115.380
2008-08-08,114.180
2008-08-11,113.190
2008-08-12,110.150
2008-08-13,109.600
2008-08-14,111.950
2008-08-15,108.000
2008-08-18,109.450
2008-08-19,107.950
2008-08-20,110.580
2008-08-21,112.200
2008-08-22,116.680
2008-08-25,111.280
2008-08-26,109.900
2008-08-27,111.250
2008-08-28,111.190
2008-08-29,110.550
2008-09-01,111.550
2008-09-02,101.380
2008-09-03,102.980
2008-09-04,104.500
2008-09-05,101.350
2008-09-08,101.500
2008-09-09,98.700
2008-09-10,97.600
2008-09-11,95.410
2008-09-12,95.250
2008-09-15,92.040
2008-09-16,86.150
2008-09-17,86.860
2008-09-18,87.820
2008-09-19,89.200
2008-09-22,94.200
2008-09-23,95.620
2008-09-24,96.420
2008-09-25,94.710
2008-09-26,95.300
2008-09-29,93.680
2008-09-30,87.660
2008-10-01,87.660
2008-10-02,89.250
2008-10-03,84.550
2008-10-06,79.450
2008-10-07,77.850
2008-10-08,74.350
2008-10-09,76.300
2008-10-10,71.650
2008-10-13,70.700
2008-10-14,73.550
2008-10-15,68.420
2008-10-16,61.620
2008-10-17,61.000
2008-10-20,62.700
2008-10-21,63.370
2008-10-22,59.630
2008-10-23,58.250
2008-10-24,56.420
2008-10-27,56.420
2008-10-28,55.020
2008-10-29,55.350
2008-10-30,60.410
2008-10-31,56.010
2008-11-03,60.420
2008-11-04,55.310
2008-11-05,59.270
2008-11-06,56.170
2008-11-07,54.020
2008-11-10,55.730
2008-11-11,52.860
2008-11-12,50.980
2008-11-13,47.150
2008-11-14,49.300
2008-11-17,47.750
2008-11-18,46.620
2008-11-19,45.850
2008-11-20,44.830
2008-11-21,42.850
2008-11-24,42.780
2008-11-25,45.900
2008-11-26,44.000
2008-11-27,47.110
2008-11-28,47.950
2008-12-01,47.390
2008-12-02,42.500
2008-12-03,41.840
2008-12-04,40.950
2008-12-05,39.000
2008-12-08,39.000
2008-12-09,39.850
2008-12-10,39.370
2008-12-11,39.930
2008-12-12,42.670
2008-12-15,43.750
2008-12-16,42.430
2008-12-17,43.550
2008-12-18,42.350
2008-12-19,40.500
2008-12-22,40.570
2008-12-23,37.350
2008-12-24,36.870
2008-12-25,36.870
2008-12-26,36.870
2008-12-29,36.740
2008-12-30,36.650
2008-12-31,36.400
2009-01-01,36.400
2009-01-02,42.920
2009-01-05,45.770
2009-01-06,48.480
2009-01-07,50.200
2009-01-08,45.720
2009-01-09,45.970
2009-01-12,44.220
2009-01-13,42.250
2009-01-14,45.000
2009-01-15,44.240
2009-01-16,45.280
2009-01-19,43.580
2009-01-20,40.570
2009-01-21,40.610
2009-01-22,42.120
2009-01-23,42.160
2009-01-26,42.160
2009-01-27,42.160
2009-01-28,42.450
2009-01-29,42.780
2009-01-30,44.020
2009-02-02,44.780
2009-02-03,42.770
2009-02-04,42.880
2009-02-05,43.480
2009-02-06,45.530
2009-02-09,45.130
2009-02-10,45.550
2009-02-11,44.630
2009-02-12,44.500
2009-02-13,44.430
2009-02-16,43.350
2009-02-17,42.680
2009-02-18,40.430
2009-02-19,40.170
2009-02-20,41.080
2009-02-23,41.350
2009-02-24,40.130
2009-02-25,41.400
2009-02-26,43.370
2009-02-27,44.160
2009-03-02,43.750
2009-03-03,41.420
2009-03-04,42.150
2009-03-05,44.150
2009-03-06,43.050
2009-03-09,43.880
2009-03-10,43.050
2009-03-11,43.100
2009-03-12,41.400
2009-03-13,44.000
2009-03-16,42.170
2009-03-17,43.750
2009-03-18,46.050
2009-03-19,46.560
2009-03-20,48.750
2009-03-23,49.550
2009-03-24,50.160
2009-03-25,50.050
2009-03-26,50.300
2009-03-27,50.740
2009-03-30,48.170
2009-03-31,46.695
2009-04-01,47.180
2009-04-02,48.430
2009-04-03,51.020
2009-04-06,52.845
2009-04-07,51.550
2009-04-08,49.330
2009-04-09,52.145
2009-04-10,52.145
2009-04-13,52.300
2009-04-14,51.110
2009-04-15,51.550
2009-04-16,51.650
2009-04-17,51.170
2009-04-20,50.970
2009-04-21,48.680
2009-04-22,48.650
2009-04-23,48.250
2009-04-24,49.080
2009-04-27,48.800
2009-04-28,48.100
2009-04-29,49.250
2009-04-30,50.050
2009-05-01,50.050
2009-05-04,52.610
2009-05-05,53.430
2009-05-06,54.170
2009-05-07,57.000
2009-05-08,56.880
2009-05-11,56.820
2009-05-12,57.450
2009-05-13,58.180
2009-05-14,56.530
2009-05-15,57.930
2009-05-18,55.920
2009-05-19,58.680
2009-05-20,58.600
2009-05-21,59.320
2009-05-22,59.530
2009-05-25,59.170
2009-05-26,58.630
2009-05-27,61.080
2009-05-28,61.280
2009-05-29,63.855
2009-06-01,66.420
2009-06-02,66.720
2009-06-03,67.830
2009-06-04,66.950
2009-06-05,69.170
2009-06-08,67.250
2009-06-09,69.250
2009-06-10,70.900
2009-06-11,71.190
2009-06-12,71.550
2009-06-15,70.850
2009-06-16,70.200
2009-06-17,70.250
2009-06-18,71.090
2009-06-19,71.450
2009-06-22,69.350
2009-06-23,66.800
2009-06-24,68.950
2009-06-25,69.150
2009-06-26,70.750
2009-06-29,69.400
2009-06-30,71.540
2009-07-01,70.000
2009-07-02,68.010
2009-07-03,66.770
2009-07-06,64.300
2009-07-07,64.000
2009-07-08,62.480
2009-07-09,61.800
2009-07-10,60.880
2009-07-13,60.500
2009-07-14,62.050
2009-07-15,61.970
2009-07-16,63.050
2009-07-17,62.750
2009-07-20,64.550
2009-07-21,64.400
2009-07-22,64.200
2009-07-23,65.600
2009-07-24,67.400
2009-07-27,68.650
2009-07-28,68.750
2009-07-29,66.630
2009-07-30,64.550
2009-07-31,67.550
2009-08-03,71.280
2009-08-04,71.200
2009-08-05,72.270
2009-08-06,73.000
2009-08-07,71.700
2009-08-10,71.700
2009-08-11,71.800
2009-08-12,70.880
2009-08-13,72.310
2009-08-14,72.600
2009-08-17,68.420
2009-08-18,69.260
2009-08-19,69.980
2009-08-20,72.730
2009-08-21,71.760
2009-08-24,72.660
2009-08-25,72.100
2009-08-26,70.880
2009-08-27,70.130
2009-08-28,71.450
2009-08-31,70.400
2009-09-01,69.180
2009-09-02,67.100
2009-09-03,67.750
2009-09-04,67.000
2009-09-07,66.950
2009-09-08,67.350
2009-09-09,69.100
2009-09-10,69.950
2009-09-11,69.220
2009-09-14,67.100
2009-09-15,67.350
2009-09-16,68.800
2009-09-17,70.550
2009-09-18,69.850
2009-09-21,69.850
2009-09-22,68.580
2009-09-23,69.520
2009-09-24,66.550
2009-09-25,64.570
2009-09-28,63.920
2009-09-29,64.855
2009-09-30,65.255
2009-10-01,68.320
2009-10-02,68.070
2009-10-05,67.720
2009-10-06,68.420
2009-10-07,68.710
2009-10-08,67.650
2009-10-09,69.050
2009-10-12,70.280
2009-10-13,71.530
2009-10-14,72.505
2009-10-15,73.400
2009-10-16,75.250
2009-10-19,75.980
2009-10-20,76.330
2009-10-21,75.750
2009-10-22,77.805
2009-10-23,78.480
2009-10-26,77.820
2009-10-27,76.800
2009-10-28,76.870
2009-10-29,75.510
2009-10-30,77.070
2009-11-02,75.570
2009-11-03,76.240
2009-11-04,78.300
2009-11-05,78.500
2009-11-06,78.850
2009-11-09,77.400
2009-11-10,77.480
2009-11-11,78.230
2009-11-12,78.500
2009-11-13,77.270
2009-11-16,77.430
2009-11-17,78.350
2009-11-18,78.960
2009-11-19,78.670
2009-11-20,77.550
2009-11-23,77.950
2009-11-24,77.130
2009-11-25,76.900
2009-11-26,77.460
2009-11-27,77.460
2009-11-30,77.550
2009-12-01,79.170
2009-12-02,79.570
2009-12-03,79.220
2009-12-04,78.370
2009-12-07,78.060
2009-12-08,77.360
2009-12-09,76.520
2009-12-10,73.710
2009-12-11,73.100
2009-12-14,72.260
2009-12-15,72.130
2009-12-16,73.040
2009-12-17,73.160
2009-12-18,72.700
2009-12-21,72.870
2009-12-22,72.195
2009-12-23,72.780
2009-12-24,75.195
2009-12-25,75.195
2009-12-28,75.520
2009-12-29,76.955
2009-12-30,77.445
2009-12-31,77.945
2010-01-01,77.945
2010-01-04,78.290
2010-01-05,79.740
2010-01-06,79.800
2010-01-07,80.680
2010-01-08,80.330
2010-01-11,81.300
2010-01-12,80.030
2010-01-13,77.950
2010-01-14,78.500
2010-01-15,77.600
2010-01-18,76.460
2010-01-19,76.150
2010-01-20,76.440
2010-01-21,75.900
2010-01-22,74.360
2010-01-25,72.270
2010-01-26,72.280
2010-01-27,72.260
2010-01-28,72.170
2010-01-29,71.290
2010-02-01,71.170
2010-02-02,72.800
2010-02-03,75.970
2010-02-04,74.770
2010-02-05,70.610
2010-02-08,69.400
2010-02-09,69.970
2010-02-10,71.330
2010-02-11,72.240
2010-02-12,72.720
2010-02-15,72.720
2010-02-16,72.720
2010-02-17,74.970
2010-02-18,73.800
2010-02-19,74.700
2010-02-22,76.380
2010-02-23,76.500
2010-02-24,75.300
2010-02-25,75.880
2010-02-26,74.130
2010-03-01,76.480
2010-03-02,75.150
2010-03-03,76.050
2010-03-04,76.520
2010-03-05,76.970
2010-03-08,78.100
2010-03-09,77.550
2010-03-10,77.500
2010-03-11,77.850
2010-03-12,78.300
2010-03-15,77.400
2010-03-16,75.900
2010-03-17,78.010
2010-03-18,77.660
2010-03-19,78.000
2010-03-22,76.650
2010-03-23,77.420
2010-03-24,77.390
2010-03-25,77.220
2010-03-26,77.650
2010-03-29,77.300
2010-03-30,78.460
2010-03-31,78.650
2010-04-01,80.270
2010-04-02,80.270
2010-04-05,82.230
2010-04-06,83.110
2010-04-07,83.600
2010-04-08,82.810
2010-04-09,83.750
2010-04-12,83.620
2010-04-13,82.980
2010-04-14,83.440
2010-04-15,84.350
2010-04-16,84.800
2010-04-19,82.400
2010-04-20,83.110
2010-04-21,83.420
2010-04-22,84.060
2010-04-23,83.740
2010-04-26,85.320
2010-04-27,84.690
2010-04-28,83.340
2010-04-29,84.570
2010-04-30,85.770
2010-05-03,86.040
2010-05-04,87.360
2010-05-05,83.970
2010-05-06,81.370
2010-05-07,79.220
2010-05-10,80.700
2010-05-11,79.260
2010-05-12,80.890
2010-05-13,81.230
2010-05-14,79.130
2010-05-17,75.810
2010-05-18,75.110
2010-05-19,72.210
2010-05-20,72.120
2010-05-21,69.630
2010-05-24,70.150
2010-05-25,68.220
2010-05-26,69.120
2010-05-27,70.730
2010-05-28,70.730
2010-05-31,73.310
2010-06-01,72.060
2010-06-02,71.820
2010-06-03,74.400
2010-06-04,75.020
2010-06-07,70.800
2010-06-08,71.750
2010-06-09,71.520
2010-06-10,72.880
2010-06-11,73.980
2010-06-14,74.550
2010-06-15,73.800
2010-06-16,74.820
2010-06-17,76.120
2010-06-18,76.050
2010-06-21,76.820
2010-06-22,75.650
2010-06-23,75.650
2010-06-24,73.730
2010-06-25,73.950
2010-06-28,75.600
2010-06-29,73.500
2010-06-30,73.210
2010-07-01,71.840
2010-07-02,70.490
2010-07-05,69.850
2010-07-06,70.010
2010-07-07,69.150
2010-07-08,71.970
2010-07-09,73.050
2010-07-12,72.610
2010-07-13,71.560
2010-07-14,74.070
2010-07-15,73.550
2010-07-16,73.280
2010-07-19,72.620
2010-07-20,73.030
2010-07-21,73.580
2010-07-22,72.190
2010-07-23,74.250
2010-07-26,73.350
2010-07-27,74.120
2010-07-28,73.145
2010-07-29,73.240
2010-07-30,73.750
2010-08-02,75.780
2010-08-03,77.030
2010-08-04,77.950
2010-08-05,78.280
2010-08-06,78.250
2010-08-09,78.250
2010-08-10,77.030
2010-08-11,76.080
2010-08-12,74.200
2010-08-13,73.010
2010-08-16,72.560
2010-08-17,72.980
2010-08-18,73.500
2010-08-19,74.000
2010-08-20,72.700
2010-08-23,71.750
2010-08-24,70.550
2010-08-25,70.550
2010-08-26,71.380
2010-08-27,72.030
2010-08-30,73.400
2010-08-31,72.800
2010-09-01,72.840
2010-09-02,73.670
2010-09-03,74.080
2010-09-06,74.230
2010-09-07,73.630
2010-09-08,74.450
2010-09-09,75.250
2010-09-10,75.250
2010-09-13,75.250
2010-09-14,75.760
2010-09-15,75.950
2010-09-16,76.250
2010-09-17,76.250
2010-09-20,75.360
2010-09-21,76.290
2010-09-22,75.300
2010-09-23,74.710
2010-09-24,74.850
2010-09-27,75.720
2010-09-28,74.670
2010-09-29,75.750
2010-09-30,77.250
2010-10-01,79.600
2010-10-04,79.930
2010-10-05,79.980
2010-10-06,81.480
2010-10-07,81.880
2010-10-08,79.550
2010-10-11,80.730
2010-10-12,79.720
2010-10-13,81.010
2010-10-14,81.520
2010-10-15,80.740
2010-10-18,78.620
2010-10-19,80.720
2010-10-20,78.930
2010-10-21,80.430
2010-10-22,79.080
2010-10-25,80.880
2010-10-26,79.930
2010-10-27,79.830
2010-10-28,80.220
2010-10-29,79.770
2010-11-01,80.480
2010-11-02,82.350
2010-11-03,82.920
2010-11-04,84.720
2010-11-05,84.720
2010-11-08,85.270
2010-11-09,85.420
2010-11-10,85.800
2010-11-11,86.670
2010-11-12,84.700
2010-11-15,84.460
2010-11-16,84.160
2010-11-17,84.160
2010-11-18,81.870
2010-11-19,82.850
2010-11-22,82.620
2010-11-23,81.450
2010-11-24,81.530
2010-11-25,83.450
2010-11-26,83.550
2010-11-29,84.020
2010-11-30,84.755
2010-12-01,84.100
2010-12-02,86.260
2010-12-03,86.950
2010-12-06,88.660
2010-12-07,88.560
2010-12-08,88.255
2010-12-09,89.070
2010-12-10,88.900
2010-12-13,88.750
2010-12-14,89.180
2010-12-15,88.650
2010-12-16,89.700
2010-12-17,89.930
2010-12-20,89.480
2010-12-21,90.110
2010-12-22,90.660
2010-12-23,90.570
2010-12-24,91.830
2010-12-27,91.830
2010-12-28,90.530
2010-12-29,90.380
2010-12-30,90.030
2010-12-31,88.505
2011-01-03,88.505
2011-01-04,91.580
2011-01-05,89.870
2011-01-06,92.150
2011-01-07,90.620
2011-01-10,90.500
2011-01-11,92.100
2011-01-12,93.940
2011-01-13,93.540
2011-01-14,93.210
2011-01-17,93.110
2011-01-18,93.220
2011-01-19,93.320
2011-01-20,92.950
2011-01-21,92.500
2011-01-24,93.040
2011-01-25,91.910
2011-01-26,91.760
2011-01-27,93.180
2011-01-28,93.370
2011-01-31,94.450
2011-02-01,95.620
2011-02-02,97.140
2011-02-03,97.140
2011-02-04,97.140
2011-02-07,95.820
2011-02-08,96.060
2011-02-09,96.620
2011-02-10,97.580
2011-02-11,97.540
2011-02-14,97.120
2011-02-15,98.990
2011-02-16,97.940
2011-02-17,99.500
2011-02-18,98.820
2011-02-21,100.360
2011-02-22,104.000
2011-02-23,104.610
2011-02-24,111.590
2011-02-25,107.500
2011-02-28,107.495
2011-03-01,106.520
2011-03-02,109.120
2011-03-03,109.940
2011-03-04,110.820
2011-03-07,111.630
2011-03-08,109.390
2011-03-09,108.680
2011-03-10,110.750
2011-03-11,108.420
2011-03-14,106.350
2011-03-15,106.350
2011-03-16,104.500
2011-03-17,105.950
2011-03-18,110.380
2011-03-21,108.770
2011-03-22,108.690
2011-03-23,109.880
2011-03-24,109.570
2011-03-25,109.580
2011-03-28,108.740
2011-03-29,107.980
2011-03-30,108.790
2011-03-31,109.480
2011-04-01,111.000
2011-04-04,112.490
2011-04-05,113.610
2011-04-06,115.300
2011-04-07,115.555
2011-04-08,117.210
2011-04-11,118.360
2011-04-12,116.590
2011-04-13,114.060
2011-04-14,116.020
2011-04-15,115.120
2011-04-18,116.020
2011-04-19,114.050
2011-04-20,115.690
2011-04-21,117.780
2011-04-22,117.780
2011-04-25,117.960
2011-04-26,117.390
2011-04-27,117.690
2011-04-28,119.610
2011-04-29,118.590
2011-05-02,118.590
2011-05-03,118.140
2011-05-04,116.270
2011-05-05,114.740
2011-05-06,101.250
2011-05-09,105.990
2011-05-10,109.590
2011-05-11,111.380
2011-05-12,105.500
2011-05-13,108.200
2011-05-16,106.700
2011-05-17,106.700
2011-05-18,105.990
2011-05-19,106.750
2011-05-20,106.490
2011-05-23,104.320
2011-05-24,105.630
2011-05-25,105.300
2011-05-26,108.555
2011-05-27,109.205
2011-05-30,108.000
2011-05-31,109.505
2011-06-01,110.310
2011-06-02,108.120
2011-06-03,108.555
2011-06-06,108.355
2011-06-07,108.555
2011-06-08,109.590
2011-06-09,111.340
2011-06-10,112.090
2011-06-13,111.705
2011-06-14,111.705
2011-06-15,112.155
2011-06-16,108.700
2011-06-17,105.900
2011-06-20,106.250
2011-06-21,107.150
2011-06-22,105.900
2011-06-23,106.540
2011-06-24,102.730
2011-06-27,101.110
2011-06-28,102.590
2011-06-29,104.690
2011-06-30,106.905
2011-07-01,105.910
2011-07-04,106.040
2011-07-05,104.970
2011-07-06,106.710
2011-07-07,108.290
2011-07-08,111.580
2011-07-11,110.110
2011-07-12,108.890
2011-07-13,111.300
2011-07-14,111.100
2011-07-15,109.650
2011-07-18,110.510
2011-07-19,110.670
2011-07-20,111.810
2011-07-21,111.360
2011-07-22,112.000
2011-07-25,111.800
2011-07-26,112.100
2011-07-27,112.000
2011-07-28,112.000
2011-07-29,111.050
2011-08-01,112.790
2011-08-02,109.860
2011-08-03,109.560
2011-08-04,107.190
2011-08-05,101.180
2011-08-08,101.650
2011-08-09,101.650
2011-08-10,100.050
2011-08-11,101.950
2011-08-12,102.110
2011-08-15,102.900
2011-08-16,103.530
2011-08-17,104.960
2011-08-18,105.280
2011-08-19,101.090
2011-08-22,102.080
2011-08-23,104.610
2011-08-24,104.910
2011-08-25,106.720
2011-08-26,106.110
2011-08-29,107.010
2011-08-30,107.010
2011-08-31,109.810
2011-09-01,109.510
2011-09-02,109.210
2011-09-05,106.950
2011-09-06,106.400
2011-09-07,109.100
2011-09-08,110.410
2011-09-09,109.390
2011-09-12,105.200
2011-09-13,106.750
2011-09-14,106.300
2011-09-15,107.000
2011-09-16,109.650
2011-09-19,108.410
2011-09-20,106.850
2011-09-21,107.650
2011-09-22,104.860
2011-09-23,104.110
2011-09-26,100.400
2011-09-27,103.540
2011-09-28,103.900
2011-09-29,102.155
2011-09-30,100.960
2011-10-03,97.660
2011-10-04,96.450
2011-10-05,97.410
2011-10-06,99.250
2011-10-07,100.855
2011-10-10,101.440
2011-10-11,102.290
2011-10-12,104.770
2011-10-13,104.420
2011-10-14,105.770
2011-10-17,108.960
2011-10-18,105.760
2011-10-19,107.110
2011-10-20,105.210
2011-10-21,106.000
2011-10-24,106.830
2011-10-25,107.740
2011-10-26,107.740
2011-10-27,107.000
2011-10-28,108.200
2011-10-31,105.920
2011-11-01,104.610
2011-11-02,106.750
2011-11-03,105.160
2011-11-04,107.760
2011-11-07,107.760
2011-11-08,111.860
2011-11-09,111.600
2011-11-10,109.600
2011-11-11,111.470
2011-11-14,112.150
2011-11-15,111.370
2011-11-16,111.400
2011-11-17,110.930
2011-11-18,108.880
2011-11-21,107.800
2011-11-22,107.900
2011-11-23,108.500
2011-11-24,107.850
2011-11-25,107.600
2011-11-28,108.100
2011-11-29,108.300
2011-11-30,109.405
2011-12-01,108.710
2011-12-02,108.860
2011-12-05,109.550
2011-12-06,108.500
2011-12-07,109.850
2011-12-08,109.180
2011-12-09,106.650
2011-12-12,106.860
2011-12-13,106.390
2011-12-14,107.405
2011-12-15,104.095
2011-12-16,102.650
2011-12-19,101.450
2011-12-20,102.820
2011-12-21,105.680
2011-12-22,106.200
2011-12-23,106.670
2011-12-26,106.670
2011-12-27,106.200
2011-12-28,106.600
2011-12-29,105.280
2011-12-30,105.460
2012-01-02,105.460
2012-01-03,105.600
2012-01-04,108.580
2012-01-05,110.810
2012-01-06,109.995
2012-01-09,110.895
2012-01-10,110.795
2012-01-11,111.120
2012-01-12,111.260
2012-01-13,110.310
2012-01-16,110.070
2012-01-17,110.810
2012-01-18,110.110
2012-01-19,109.940
2012-01-20,110.350
2012-01-23,110.350
2012-01-24,110.350
2012-01-25,108.910
2012-01-26,109.330
2012-01-27,108.910
2012-01-30,109.380
2012-01-31,109.100
2012-02-01,109.150
2012-02-02,109.705
2012-02-03,109.705
2012-02-06,111.505
2012-02-07,113.205
2012-02-08,113.810
2012-02-09,114.530
2012-02-10,115.380
2012-02-13,115.970
2012-02-14,115.280
2012-02-15,116.500
2012-02-16,116.250
2012-02-17,117.320
2012-02-20,117.900
2012-02-21,117.780
2012-02-22,119.410
2012-02-23,120.210
2012-02-24,121.530
2012-02-27,122.500
2012-02-28,121.800
2012-02-29,120.010
2012-03-01,119.810
2012-03-02,122.230
2012-03-05,121.020
2012-03-06,121.650
2012-03-07,120.690
2012-03-08,123.300
2012-03-09,123.630
2012-03-12,123.580
2012-03-13,124.200
2012-03-14,124.160
2012-03-15,123.630
2012-03-16,122.250
2012-03-19,123.860
2012-03-20,123.170
2012-03-21,123.090
2012-03-22,122.000
2012-03-23,122.190
2012-03-26,122.800
2012-03-27,123.155
2012-03-28,121.755
2012-03-29,121.705
2012-03-30,120.405
2012-04-02,119.820
2012-04-03,121.980
2012-04-04,122.020
2012-04-05,120.750
2012-04-06,120.750
2012-04-09,119.660
2012-04-10,119.130
2012-04-11,116.750
2012-04-12,117.600
2012-04-13,118.300
2012-04-16,116.150
2012-04-17,115.250
2012-04-18,115.570
2012-04-19,115.430
2012-04-20,115.340
2012-04-23,114.520
2012-04-24,114.410
2012-04-25,115.020
2012-04-26,115.760
2012-04-27,116.270
2012-04-30,116.330
2012-05-01,116.330
2012-05-02,116.600
2012-05-03,115.520
2012-05-04,112.920
2012-05-07,109.170
2012-05-08,108.970
2012-05-09,109.070
2012-05-10,109.400
2012-05-11,108.450
2012-05-14,107.910
2012-05-15,108.640
2012-05-16,107.740
2012-05-17,107.140
2012-05-18,104.500
2012-05-21,105.090
2012-05-22,105.290
2012-05-23,103.690
2012-05-24,102.300
2012-05-25,103.850
2012-05-28,104.660
2012-05-29,105.000
2012-05-30,103.400
2012-05-31,101.600
2012-06-01,98.450
2012-06-04,95.050
2012-06-05,95.940
2012-06-06,97.150
2012-06-07,97.500
2012-06-08,95.600
2012-06-11,98.605
2012-06-12,95.400
2012-06-13,96.090
2012-06-14,95.600
2012-06-15,96.650
2012-06-18,96.180
2012-06-19,93.800
2012-06-20,94.290
2012-06-21,90.670
2012-06-22,89.100
2012-06-25,89.800
2012-06-26,91.000
2012-06-27,91.250
2012-06-28,92.210
2012-06-29,92.910
2012-07-02,94.420
2012-07-03,95.210
2012-07-04,97.150
2012-07-05,98.040
2012-07-06,97.610
2012-07-09,96.500
2012-07-10,96.410
2012-07-11,96.450
2012-07-12,97.050
2012-07-13,98.350
2012-07-16,98.790
2012-07-17,100.850
2012-07-18,100.940
2012-07-19,102.790
2012-07-20,103.460
2012-07-23,99.620
2012-07-24,100.410
2012-07-25,100.220
2012-07-26,100.500
2012-07-27,102.150
2012-07-30,102.390
2012-07-31,101.890
2012-08-01,101.000
2012-08-02,101.770
2012-08-03,102.460
2012-08-06,104.410
2012-08-07,106.000
2012-08-08,106.850
2012-08-09,106.850
2012-08-10,108.270
2012-08-13,108.590
2012-08-14,109.370
2012-08-15,109.300
2012-08-16,111.280
2012-08-17,111.050
2012-08-20,111.050
2012-08-21,111.650
2012-08-22,111.550
2012-08-23,113.290
2012-08-24,111.510
2012-08-27,111.920
2012-08-28,109.990
2012-08-29,109.490
2012-08-30,110.250
2012-08-31,110.350
2012-09-03,111.920
2012-09-04,113.510
2012-09-05,111.500
2012-09-06,112.050
2012-09-07,111.810
2012-09-10,112.910
2012-09-11,113.100
2012-09-12,113.920
2012-09-13,113.700
2012-09-14,115.450
2012-09-17,114.750
2012-09-18,111.855
2012-09-19,110.800
2012-09-20,105.660
2012-09-21,108.250
2012-09-24,108.195
2012-09-25,108.600
2012-09-26,107.650
2012-09-27,108.100
2012-09-28,110.610
2012-10-01,109.260
2012-10-02,109.530
2012-10-03,108.230
2012-10-04,106.340
2012-10-05,109.090
2012-10-08,107.600
2012-10-09,108.900
2012-10-10,110.600
2012-10-11,111.000
2012-10-12,111.180
2012-10-15,110.590
2012-10-16,111.350
2012-10-17,110.950
2012-10-18,110.800
2012-10-19,110.150
2012-10-22,108.050
2012-10-23,107.250
2012-10-24,106.970
2012-10-25,107.200
2012-10-26,107.200
2012-10-29,106.350
2012-10-30,106.880
2012-10-31,106.880
2012-11-01,106.800
2012-11-02,106.050
2012-11-05,103.350
2012-11-06,105.100
2012-11-07,108.320
2012-11-08,104.780
2012-11-09,104.860
2012-11-12,106.400
2012-11-13,106.400
2012-11-14,105.900
2012-11-15,107.360
2012-11-16,107.250
2012-11-19,108.360
2012-11-20,109.500
2012-11-21,108.550
2012-11-22,108.750
2012-11-23,108.750
2012-11-26,109.350
2012-11-27,109.050
2012-11-28,107.700
2012-11-29,107.250
2012-11-30,109.000
2012-12-03,108.270
2012-12-04,107.910
2012-12-05,107.410
2012-12-06,106.010
2012-12-07,104.630
2012-12-10,104.570
2012-12-11,104.210
2012-12-12,104.810
2012-12-13,105.670
2012-12-14,105.090
2012-12-17,105.710
2012-12-18,105.760
2012-12-19,106.310
2012-12-20,106.870
2012-12-21,106.800
2012-12-24,106.000
2012-12-25,106.000
2012-12-26,106.860
2012-12-27,108.150
2012-12-28,108.010
2012-12-31,107.750
2013-01-01,107.750
2013-01-02,107.510
2013-01-03,107.710
2013-01-04,107.450
2013-01-07,106.600
2013-01-08,107.290
2013-01-09,108.020
2013-01-10,108.100
2013-01-11,107.840
2013-01-14,106.850
2013-01-15,107.400
2013-01-16,106.590
2013-01-17,106.500
2013-01-18,107.550
2013-01-21,107.890
2013-01-22,107.850
2013-01-23,108.200
2013-01-24,108.290
2013-01-25,109.150
2013-01-28,108.800
2013-01-29,108.550
2013-01-30,109.650
2013-01-31,110.830
2013-02-01,110.450
2013-02-04,111.630
2013-02-05,110.590
2013-02-06,111.610
2013-02-07,112.380
2013-02-08,112.660
2013-02-11,112.660
2013-02-12,112.660
2013-02-13,113.650
2013-02-14,113.270
2013-02-15,113.100
2013-02-18,112.940
2013-02-19,112.000
2013-02-20,112.260
2013-02-21,109.810
2013-02-22,109.540
2013-02-25,109.760
2013-02-26,108.805
2013-02-27,108.500
2013-02-28,106.750
2013-03-01,105.650
2013-03-04,104.750
2013-03-05,105.650
2013-03-06,106.850
2013-03-07,106.190
2013-03-08,106.550
2013-03-11,106.410
2013-03-12,105.500
2013-03-13,105.500
2013-03-14,104.600
2013-03-15,105.100
2013-03-18,105.010
2013-03-19,105.850
2013-03-20,104.750
2013-03-21,105.100
2013-03-22,104.100
2013-03-25,105.000
2013-03-26,105.150
2013-03-27,106.250
2013-03-28,107.090
2013-03-29,107.090
2013-04-01,107.330
2013-04-02,108.360
2013-04-03,107.840
2013-04-04,105.000
2013-04-05,104.070
2013-04-08,103.150
2013-04-09,103.100
2013-04-10,103.720
2013-04-11,103.050
2013-04-12,101.640
2013-04-15,99.270
2013-04-16,97.900
2013-04-17,98.030
2013-04-18,96.740
2013-04-19,98.110
2013-04-22,98.250
2013-04-23,98.160
2013-04-24,99.600
2013-04-25,100.190
2013-04-26,101.050
2013-04-29,101.050
2013-04-30,101.260
2013-05-01,101.260
2013-05-02,97.910
2013-05-03,99.920
2013-05-06,101.800
2013-05-07,101.900
2013-05-08,101.700
2013-05-09,101.230
2013-05-10,101.350
2013-05-13,100.200
2013-05-14,99.990
2013-05-15,99.250
2013-05-16,100.040
2013-05-17,100.900
2013-05-20,101.500
2013-05-21,101.400
2013-05-22,100.400
2013-05-23,98.690
2013-05-24,98.690
2013-05-27,99.400
2013-05-28,100.400
2013-05-29,100.590
2013-05-30,99.490
2013-05-31,98.790
2013-06-03,97.550
2013-06-04,98.810
2013-06-05,100.350
2013-06-06,100.110
2013-06-07,100.610
2013-06-10,100.600
2013-06-11,100.430
2013-06-12,99.750
2013-06-13,100.120
2013-06-14,102.395
2013-06-17,103.410
2013-06-18,102.300
2013-06-19,103.300
2013-06-20,101.400
2013-06-21,100.000
2013-06-24,97.530
2013-06-25,99.200
2013-06-26,98.850
2013-06-27,99.360
2013-06-28,100.400
2013-07-01,99.020
2013-07-02,99.400
2013-07-03,101.050
2013-07-04,101.500
2013-07-05,101.760
2013-07-08,102.890
2013-07-09,103.000
2013-07-10,103.700
2013-07-11,104.100
2013-07-12,103.495
2013-07-15,104.090
2013-07-16,104.300
2013-07-17,103.900
2013-07-18,104.950
2013-07-19,105.450
2013-07-22,105.500
2013-07-23,104.800
2013-07-24,104.850
2013-07-25,104.700
2013-07-26,104.800
2013-07-29,104.700
2013-07-30,104.650
2013-07-31,104.400
2013-08-01,104.460
2013-08-02,105.810
2013-08-05,105.440
2013-08-06,104.460
2013-08-07,103.790
2013-08-08,103.790
2013-08-09,103.790
2013-08-12,103.890
2013-08-13,105.700
2013-08-14,105.540
2013-08-15,107.100
2013-08-16,106.850
2013-08-19,107.340
2013-08-20,106.390
2013-08-21,106.700
2013-08-22,107.600
2013-08-23,108.110
2013-08-26,108.450
2013-08-27,107.900
2013-08-28,112.210
2013-08-29,112.910
2013-08-30,111.500
2013-09-02,109.010
2013-09-03,109.800
2013-09-04,110.650
2013-09-05,110.110
2013-09-06,110.400
2013-09-09,110.700
2013-09-10,109.150
2013-09-11,108.850
2013-09-12,109.210
2013-09-13,109.410
2013-09-16,109.210
2013-09-17,107.910
2013-09-18,106.700
2013-09-19,108.850
2013-09-20,107.500
2013-09-23,106.940
2013-09-24,105.900
2013-09-25,106.600
2013-09-26,106.000
2013-09-27,106.100
2013-09-30,104.800
2013-10-01,104.550
2013-10-02,104.710
2013-10-03,106.010
2013-10-04,106.160
2013-10-07,105.300
2013-10-08,106.400
2013-10-09,106.810
2013-10-10,106.900
2013-10-11,108.130
2013-10-14,108.080
2013-10-15,108.080
2013-10-16,107.000
2013-10-17,107.550
2013-10-18,106.700
2013-10-21,107.300
2013-10-22,107.500
2013-10-23,107.300
2013-10-24,106.500
2013-10-25,105.590
2013-10-28,105.800
2013-10-29,106.890
2013-10-30,106.910
2013-10-31,107.910
2013-11-01,107.190
2013-11-04,105.350
2013-11-05,104.900
2013-11-06,104.600
2013-11-07,103.700
2013-11-08,102.400
2013-11-11,103.550
2013-11-12,104.400
2013-11-13,104.200
2013-11-14,105.640
2013-11-15,106.590
2013-11-18,106.025
2013-11-19,106.050
2013-11-20,105.150
2013-11-21,105.860
2013-11-22,107.560
2013-11-25,106.810
2013-11-26,108.550
2013-11-27,108.660
2013-11-28,108.990
2013-11-29,108.700
2013-12-02,107.210
2013-12-03,108.210
2013-12-04,109.010
2013-12-05,108.360
2013-12-06,108.160
2013-12-09,108.420
2013-12-10,107.070
2013-12-11,107.020
2013-12-12,107.470
2013-12-13,106.260
2013-12-16,106.570
2013-12-17,106.640
2013-12-18,106.340
2013-12-19,106.990
2013-12-20,107.770
2013-12-23,109.040
2013-12-24,109.110
2013-12-25,109.110
2013-12-26,109.090
2013-12-27,109.390
2013-12-30,108.890
2013-12-31,108.110
2014-01-01,108.110
2014-01-02,107.800
2014-01-03,105.240
2014-01-06,104.260
2014-01-07,104.320
2014-01-08,104.350
2014-01-09,104.150
2014-01-10,104.010
2014-01-13,103.450
2014-01-14,103.200
2014-01-15,102.620
2014-01-16,103.050
2014-01-17,102.800
2014-01-20,103.200
2014-01-21,103.690
2014-01-22,103.900
2014-01-23,104.590
2014-01-24,104.300
2014-01-27,104.210
2014-01-28,103.880
2014-01-29,103.690
2014-01-30,103.705
2014-01-31,103.705
2014-02-03,102.200
2014-02-04,101.990
2014-02-05,102.200
2014-02-06,102.590
2014-02-07,103.350
2014-02-10,104.900
2014-02-11,104.950
2014-02-12,105.200
2014-02-13,104.850
2014-02-14,105.460
2014-02-17,106.190
2014-02-18,106.060
2014-02-19,106.850
2014-02-20,106.800
2014-02-21,106.960
2014-02-24,106.450
2014-02-25,106.600
2014-02-26,105.900
2014-02-27,105.800
2014-02-28,105.410
2014-03-03,107.240
2014-03-04,106.060
2014-03-05,105.350
2014-03-06,103.960
2014-03-07,104.350
2014-03-10,104.200
2014-03-11,104.210
2014-03-12,103.800
2014-03-13,104.150
2014-03-14,103.955
2014-03-17,104.600
2014-03-18,103.450
2014-03-19,103.410
2014-03-20,102.960
2014-03-21,103.640
2014-03-24,103.600
2014-03-25,104.000
2014-03-26,104.300
2014-03-27,104.050
2014-03-28,104.600
2014-03-31,104.760
2014-04-01,104.050
2014-04-02,102.450
2014-04-03,101.450
2014-04-04,103.210
2014-04-07,102.300
2014-04-08,103.150
2014-04-09,104.100
2014-04-10,104.600
2014-04-11,104.150
2014-04-14,105.110
2014-04-15,105.405
2014-04-16,106.410
2014-04-17,105.850
2014-04-18,105.850
2014-04-21,105.700
2014-04-22,106.300
2014-04-23,105.900
2014-04-24,105.760
2014-04-25,106.400
2014-04-28,106.290
2014-04-29,105.250
2014-04-30,104.500
2014-05-01,104.500
2014-05-02,104.410
2014-05-05,104.690
2014-05-06,103.910
2014-05-07,103.590
2014-05-08,104.100
2014-05-09,105.010
2014-05-12,104.410
2014-05-13,104.410
2014-05-14,105.700
2014-05-15,105.790
2014-05-16,105.750
2014-05-19,106.500
2014-05-20,106.120
2014-05-21,106.600
2014-05-22,106.960
2014-05-23,106.860
2014-05-26,106.600
2014-05-27,106.800
2014-05-28,106.700
2014-05-29,106.490
2014-05-30,106.300
2014-06-02,105.910
2014-06-03,105.110
2014-06-04,105.650
2014-06-05,104.500
2014-06-06,105.360
2014-06-09,105.060
2014-06-10,105.700
2014-06-11,105.995
2014-06-12,106.950
2014-06-13,109.550
2014-06-16,109.200
2014-06-17,108.750
2014-06-18,109.950
2014-06-19,110.490
2014-06-20,110.710
2014-06-23,111.160
2014-06-24,109.760
2014-06-25,110.050
2014-06-26,109.900
2014-06-27,109.700
2014-06-30,109.210
2014-07-01,109.160
2014-07-02,109.160
2014-07-03,107.710
2014-07-04,107.990
2014-07-07,107.420
2014-07-08,106.920
2014-07-09,106.100
2014-07-10,105.710
2014-07-11,105.940
2014-07-14,104.720
2014-07-15,104.700
2014-07-16,105.000
2014-07-17,104.950
2014-07-18,105.650
2014-07-21,104.650
2014-07-22,105.950
2014-07-23,105.050
2014-07-24,105.950
2014-07-25,105.790
2014-07-28,105.790
2014-07-29,106.200
2014-07-30,106.100
2014-07-31,104.460
2014-08-01,104.600
2014-08-04,103.680
2014-08-05,103.690
2014-08-06,103.140
2014-08-07,103.300
2014-08-08,104.650
2014-08-11,103.190
2014-08-12,102.950
2014-08-13,101.590
2014-08-14,102.600
2014-08-15,100.400
2014-08-18,100.490
2014-08-19,99.800
2014-08-20,100.090
2014-08-21,99.290
2014-08-22,99.990
2014-08-25,100.110
2014-08-26,100.760
2014-08-27,101.200
2014-08-28,100.590
2014-08-29,100.290
2014-09-01,100.930
2014-09-02,100.190
2014-09-03,98.910
2014-09-04,99.900
2014-09-05,99.480
2014-09-08,97.800
2014-09-09,97.790
2014-09-10,96.990
2014-09-11,95.800
2014-09-12,96.810
2014-09-15,95.070
2014-09-16,95.210
2014-09-17,96.210
2014-09-18,95.800
2014-09-19,94.600
2014-09-22,94.940
2014-09-23,94.590
2014-09-24,94.390
2014-09-25,94.290
2014-09-26,94.090
2014-09-29,94.000
2014-09-30,94.605
2014-10-01,93.500
2014-10-02,91.800
2014-10-03,92.500
2014-10-06,92.500
2014-10-07,91.150
2014-10-08,90.100
2014-10-09,90.500
2014-10-10,88.000
2014-10-13,87.700
2014-10-14,87.850
2014-10-15,83.700
2014-10-16,82.600
2014-10-17,85.050
2014-10-20,83.990
2014-10-21,83.100
2014-10-22,83.100
2014-10-23,82.700
2014-10-24,84.300
2014-10-27,84.200
2014-10-28,83.910
2014-10-29,84.500
2014-10-30,84.400
2014-10-31,83.610
2014-11-03,82.290
2014-11-04,80.290
2014-11-05,78.700
2014-11-06,79.160
2014-11-07,79.180
2014-11-10,80.190
2014-11-11,78.090
2014-11-12,77.790
2014-11-13,76.400
2014-11-14,73.390
2014-11-17,74.190
2014-11-18,75.100
2014-11-19,74.300
2014-11-20,74.140
2014-11-21,75.750
2014-11-24,76.800
2014-11-25,75.590
2014-11-26,74.205
2014-11-27,72.140
2014-11-28,68.910
2014-12-01,65.900
2014-12-02,68.800
2014-12-03,67.990
2014-12-04,67.100
2014-12-05,66.040
2014-12-08,65.210
2014-12-09,62.410
2014-12-10,62.700
2014-12-11,61.510
2014-12-12,59.810
2014-12-15,59.410
2014-12-16,56.260
2014-12-17,55.800
2014-12-18,57.300
2014-12-19,55.400
2014-12-22,58.600
2014-12-23,56.010
2014-12-24,57.310
2014-12-25,57.310
2014-12-26,57.310
2014-12-29,55.690
2014-12-30,53.005
2014-12-31,52.890
2015-01-01,52.890
2015-01-02,54.090
2015-01-05,51.400
2015-01-06,48.700
2015-01-07,45.910
2015-01-08,47.260
2015-01-09,47.200
2015-01-12,45.400
2015-01-13,42.590
2015-01-14,42.050
2015-01-15,44.000
2015-01-16,43.900
2015-01-19,44.800
2015-01-20,44.000
2015-01-21,44.150
2015-01-22,43.990
2015-01-23,45.200
2015-01-26,44.010
2015-01-27,43.710
2015-01-28,44.950
2015-01-29,44.450
2015-01-30,45.300
2015-02-02,49.110
2015-02-03,53.110
2015-02-04,54.410
2015-02-05,51.255
2015-02-06,54.700
2015-02-09,54.825
2015-02-10,55.200
2015-02-11,54.595
2015-02-12,54.210
2015-02-13,57.210
2015-02-16,57.810
2015-02-17,58.510
2015-02-18,59.500
2015-02-19,59.500
2015-02-20,59.500
2015-02-23,56.210
2015-02-24,55.300
2015-02-25,55.290
2015-02-26,58.100
2015-02-27,58.600
2015-03-02,59.400
2015-03-03,57.490
2015-03-04,58.010
2015-03-05,57.910
2015-03-06,58.300
2015-03-09,56.790
2015-03-10,55.640
2015-03-11,54.090
2015-03-12,55.550
2015-03-13,54.250
2015-03-16,51.840
2015-03-17,51.190
2015-03-18,50.700
2015-03-19,52.500
2015-03-20,51.730
2015-03-23,52.410
2015-03-24,53.550
2015-03-25,52.850
2015-03-26,56.890
2015-03-27,54.790
2015-03-30,53.190
2015-03-31,53.400
2015-04-01,53.390
2015-04-02,54.900
2015-04-03,54.900
2015-04-06,54.640
2015-04-07,55.300
2015-04-08,56.090
2015-04-09,54.800
2015-04-10,54.800
2015-04-13,57.700
2015-04-14,57.290
2015-04-15,58.140
2015-04-16,60.100
2015-04-17,60.900
2015-04-20,60.990
2015-04-21,60.400
2015-04-22,59.150
2015-04-23,59.600
2015-04-24,62.500
2015-04-27,62.500
2015-04-28,61.500
2015-04-29,61.550
2015-04-30,63.300
2015-05-01,63.300
2015-05-04,64.310
2015-05-05,64.610
2015-05-06,66.510
2015-05-07,66.150
2015-05-08,64.000
2015-05-11,63.700
2015-05-12,63.410
2015-05-13,65.260
2015-05-14,64.500
2015-05-15,64.090
2015-05-18,64.550
2015-05-19,62.810
2015-05-20,62.290
2015-05-21,62.610
2015-05-22,63.450
2015-05-25,62.000
2015-05-26,62.340
2015-05-27,62.400
2015-05-28,60.950
2015-05-29,61.200
2015-06-01,61.200
2015-06-02,63.610
2015-06-03,63.260
2015-06-04,61.400
2015-06-05,59.650
2015-06-08,60.800
2015-06-09,61.010
2015-06-10,64.050
2015-06-11,64.050
2015-06-12,62.750
2015-06-15,61.820
2015-06-16,61.560
2015-06-17,61.850
2015-06-18,62.010
2015-06-19,62.000
2015-06-22,61.110
2015-06-23,61.290
2015-06-24,62.750
2015-06-25,61.700
2015-06-26,60.690
2015-06-29,60.000
2015-06-30,60.190
2015-07-01,61.900
2015-07-02,61.050
2015-07-03,60.400
2015-07-06,58.190
2015-07-07,56.500
2015-07-08,55.590
2015-07-09,57.200
2015-07-10,58.105
2015-07-13,57.000
2015-07-14,55.890
2015-07-15,56.860
2015-07-16,55.850
2015-07-17,55.850
2015-07-20,55.710
2015-07-21,55.400
2015-07-22,55.490
2015-07-23,55.140
2015-07-24,54.290
2015-07-27,53.500
2015-07-28,52.310
2015-07-29,52.610
2015-07-30,53.610
2015-07-31,53.100
2015-08-03,51.195
2015-08-04,50.400
2015-08-05,50.300
2015-08-06,49.600
2015-08-07,49.600
2015-08-10,49.600
2015-08-11,50.670
2015-08-12,49.500
2015-08-13,50.100
2015-08-14,49.250
2015-08-17,48.290
2015-08-18,48.250
2015-08-19,48.400
2015-08-20,46.600
2015-08-21,45.650
2015-08-24,43.400
2015-08-25,42.810
2015-08-26,42.850
2015-08-27,44.100
2015-08-28,46.350
2015-08-31,48.410
2015-09-01,49.500
2015-09-02,46.340
2015-09-03,48.010
2015-09-04,47.950
2015-09-07,46.700
2015-09-08,45.750
2015-09-09,47.310
2015-09-10,45.500
2015-09-11,45.500
2015-09-14,44.700
2015-09-15,43.400
2015-09-16,44.070
2015-09-17,45.450
2015-09-18,44.950
2015-09-21,43.800
2015-09-22,44.200
2015-09-23,45.340
2015-09-24,45.340
2015-09-25,43.790
2015-09-28,43.890
2015-09-29,43.350
2015-09-30,43.500
2015-10-01,45.750
2015-10-02,45.120
2015-10-05,45.800
2015-10-06,46.410
2015-10-07,49.790
2015-10-08,48.820
2015-10-09,50.050
2015-10-12,49.660
2015-10-13,47.150
2015-10-14,46.200
2015-10-15,46.010
2015-10-16,46.500
2015-10-19,45.990
2015-10-20,44.510
2015-10-21,44.510
2015-10-22,44.000
2015-10-23,44.150
2015-10-26,43.850
2015-10-27,43.040
2015-10-28,43.050
2015-10-29,44.800
2015-10-30,43.290
2015-11-02,45.750
2015-11-03,44.990
2015-11-04,46.380
2015-11-05,44.910
2015-11-06,44.450
2015-11-09,43.850
2015-11-10,43.850
2015-11-11,43.300
2015-11-12,42.100
2015-11-13,41.000
2015-11-16,39.610
2015-11-17,39.770
2015-11-18,39.210
2015-11-19,39.750
2015-11-20,39.260
2015-11-23,38.790
2015-11-24,40.250
2015-11-25,40.805
2015-11-26,40.500
2015-11-27,39.540
2015-11-30,39.610
2015-12-01,40.700
2015-12-02,40.210
2015-12-03,38.990
2015-12-04,39.580
2015-12-07,38.150
2015-12-08,36.460
2015-12-09,35.850
2015-12-10,35.900
2015-12-11,35.180
2015-12-14,33.470
2015-12-15,32.800
2015-12-16,33.150
2015-12-17,32.050
2015-12-18,32.210
2015-12-21,31.400
2015-12-22,31.990
2015-12-23,31.720
2015-12-24,32.840
2015-12-25,32.840
2015-12-28,32.340
2015-12-29,31.900
2015-12-30,32.310
2015-12-31,31.810
2016-01-01,31.810
2016-01-04,32.400
2016-01-05,31.200
2016-01-06,30.200
2016-01-07,27.350
2016-01-08,29.200
2016-01-11,28.100
2016-01-12,26.500
2016-01-13,26.600
2016-01-14,25.300
2016-01-15,25.550
2016-01-18,23.690
2016-01-19,23.800
2016-01-20,22.850
2016-01-21,22.800
2016-01-22,25.070
2016-01-25,26.120
2016-01-26,24.500
2016-01-27,26.300
2016-01-28,28.400
2016-01-29,30.260
2016-02-01,30.920
2016-02-02,29.350
2016-02-03,28.800
2016-02-04,30.800
2016-02-05,30.100
2016-02-08,30.100
2016-02-09,30.100
2016-02-10,26.640
2016-02-11,25.850
2016-02-12,26.650
2016-02-15,29.100
2016-02-16,31.290
2016-02-17,28.040
2016-02-18,30.800
2016-02-19,30.210
2016-02-22,29.500
2016-02-23,29.710
2016-02-24,28.800
2016-02-25,29.800
2016-02-26,30.490
2016-02-29,29.900
2016-03-01,31.900
2016-03-02,31.890
2016-03-03,31.720
2016-03-04,32.250
2016-03-07,34.410
2016-03-08,35.660
2016-03-09,35.030
2016-03-10,35.910
2016-03-11,36.050
2016-03-14,35.290
2016-03-15,34.160
2016-03-16,34.650
2016-03-17,36.880
2016-03-18,37.650
2016-03-21,37.000
2016-03-22,37.410
2016-03-23,37.150
2016-03-24,36.010
2016-03-25,36.010
2016-03-28,36.400
2016-03-29,35.390
2016-03-30,35.400
2016-03-31,34.910
2016-04-01,36.210
2016-04-04,34.810
2016-04-05,33.800
2016-04-06,34.710
2016-04-07,36.250
2016-04-08,36.610
2016-04-11,37.710
2016-04-12,39.510
2016-04-13,40.150
2016-04-14,39.610
2016-04-15,39.500
2016-04-18,37.550
2016-04-19,39.310
2016-04-20,39.210
2016-04-21,41.950
2016-04-22,41.050
2016-04-25,40.760
2016-04-26,40.850
2016-04-27,42.600
2016-04-28,43.190
2016-04-29,44.250
2016-05-02,44.250
2016-05-03,43.000
2016-05-04,41.950
2016-05-05,42.500
2016-05-06,41.610
2016-05-09,42.750
2016-05-10,41.100
2016-05-11,42.050
2016-05-12,44.510
2016-05-13,44.300
2016-05-16,45.200
2016-05-17,45.650
2016-05-18,45.660
2016-05-19,44.750
2016-05-20,45.840
2016-05-23,45.020
2016-05-24,44.620
2016-05-25,45.940
2016-05-26,46.340
2016-05-27,45.500
2016-05-30,45.550
2016-05-31,45.800
2016-06-01,45.610
2016-06-02,46.160
2016-06-03,46.310
2016-06-06,46.210
2016-06-07,47.000
2016-06-08,48.130
2016-06-09,48.810
2016-06-10,47.850
2016-06-13,46.710
2016-06-14,46.200
2016-06-15,46.010
2016-06-16,44.800
2016-06-17,44.440
2016-06-20,46.490
2016-06-21,46.390
2016-06-22,47.030
2016-06-23,46.450
2016-06-24,45.390
2016-06-27,45.050
2016-06-28,44.500
2016-06-29,45.690
2016-06-30,46.400
2016-07-01,45.200
2016-07-04,46.130
2016-07-05,44.720
2016-07-06,44.720
2016-07-07,44.700
2016-07-08,42.490
2016-07-11,41.950
2016-07-12,42.730
2016-07-13,43.350
2016-07-14,42.330
2016-07-15,42.600
2016-07-18,43.370
2016-07-19,42.240
2016-07-20,42.250
2016-07-21,42.800
2016-07-22,41.550
2016-07-25,41.280
2016-07-26,40.400
2016-07-27,40.600
2016-07-28,39.900
2016-07-29,38.700
2016-08-01,40.110
2016-08-02,38.910
2016-08-03,38.600
2016-08-04,40.010
2016-08-05,40.760
2016-08-08,41.610
2016-08-09,41.610
2016-08-10,41.360
2016-08-11,40.510
2016-08-12,42.910
2016-08-15,44.400
2016-08-16,45.760
2016-08-17,45.910
2016-08-18,46.700
2016-08-19,47.210
2016-08-22,46.750
2016-08-23,45.400
2016-08-24,45.950
2016-08-25,45.610
2016-08-26,46.110
2016-08-29,45.860
2016-08-30,46.200
2016-08-31,44.810
2016-09-01,42.990
2016-09-02,41.700
2016-09-05,44.410
2016-09-06,43.410
2016-09-07,43.710
2016-09-08,44.810
2016-09-09,45.440
2016-09-12,45.440
2016-09-13,43.660
2016-09-14,43.610
2016-09-15,41.950
2016-09-16,42.290
2016-09-19,42.450
2016-09-20,42.010
2016-09-21,43.060
2016-09-22,43.610
2016-09-23,43.450
2016-09-26,42.200
2016-09-27,43.050
2016-09-28,42.400
2016-09-29,44.610
2016-09-30,45.100
2016-10-03,47.950
2016-10-04,47.900
2016-10-05,48.800
2016-10-06,48.800
2016-10-07,49.990
2016-10-10,48.900
2016-10-11,49.990
2016-10-12,50.030
2016-10-13,49.110
2016-10-14,49.870
2016-10-17,49.195
2016-10-18,49.300
2016-10-19,49.700
2016-10-20,49.700
2016-10-21,48.900
2016-10-24,49.450
2016-10-25,49.210
2016-10-26,47.900
2016-10-27,48.150
2016-10-28,48.310
2016-10-31,47.520
2016-11-01,45.500
2016-11-02,44.150
2016-11-03,43.490
2016-11-04,42.700
2016-11-07,42.780
2016-11-08,42.850
2016-11-09,42.510
2016-11-10,43.720
2016-11-11,42.700
2016-11-14,41.900
2016-11-15,42.000
2016-11-16,43.500
2016-11-17,43.490
2016-11-18,42.780
2016-11-21,44.560
2016-11-22,46.070
2016-11-23,45.995
2016-11-24,45.690
2016-11-25,45.920
2016-11-28,43.905
2016-11-29,44.710
2016-11-30,44.100
2016-12-01,49.060
2016-12-02,50.650
2016-12-05,51.700
2016-12-06,51.700
2016-12-07,50.810
2016-12-08,50.305
2016-12-09,51.410
2016-12-12,54.195
2016-12-13,52.800
2016-12-14,52.590
2016-12-15,51.700
2016-12-16,51.410
2016-12-19,52.600
2016-12-20,51.940
2016-12-21,52.900
2016-12-22,51.800
2016-12-23,52.200
2016-12-26,52.200
2016-12-27,52.710
2016-12-28,53.790
2016-12-29,53.930
2016-12-30,53.850
2017-01-02,53.850
2017-01-03,54.720
2017-01-04,54.010
2017-01-05,54.320
2017-01-06,54.500
2017-01-09,54.610
2017-01-10,53.110
2017-01-11,51.900
2017-01-12,53.410
2017-01-13,54.010
2017-01-16,53.360
2017-01-17,53.910
2017-01-18,53.900
2017-01-19,53.060
2017-01-20,52.900
2017-01-23,53.500
2017-01-24,54.000
2017-01-25,53.505
2017-01-26,53.900
2017-01-27,54.505
2017-01-30,54.505
2017-01-31,53.200
2017-02-01,53.500
2017-02-02,55.005
2017-02-03,55.410
2017-02-06,55.290
2017-02-07,54.105
2017-02-08,53.030
2017-02-09,53.880
2017-02-10,53.990
2017-02-13,54.705
2017-02-14,54.210
2017-02-15,54.020
2017-02-16,54.000
2017-02-17,54.110
2017-02-20,54.510
2017-02-21,54.605
2017-02-22,54.650
2017-02-23,54.845
2017-02-24,54.770
2017-02-27,55.205
2017-02-28,54.950
2017-03-01,55.100
2017-03-02,54.900
2017-03-03,53.740
2017-03-06,53.895
2017-03-07,54.495
2017-03-08,54.010
2017-03-09,52.550
2017-03-10,51.150
2017-03-13,49.990
2017-03-14,49.800
2017-03-15,50.040
2017-03-16,50.650
2017-03-17,50.100
2017-03-20,50.010
2017-03-21,50.450
2017-03-22,49.000
2017-03-23,49.200
2017-03-24,48.950
2017-03-27,48.790
2017-03-28,49.250
2017-03-29,50.160
2017-03-30,50.700
2017-03-31,50.700
2017-04-03,51.690
2017-04-04,51.060
2017-04-05,53.000
2017-04-06,52.580
2017-04-07,53.990
2017-04-10,53.900
2017-04-11,54.300
2017-04-12,54.650
2017-04-13,54.150
2017-04-14,54.150
2017-04-17,53.500
2017-04-18,53.160
2017-04-19,53.050
2017-04-20,51.490
2017-04-21,51.300
2017-04-24,50.990
2017-04-25,50.150
2017-04-26,50.520
2017-04-27,49.900
2017-04-28,50.180
2017-05-01,50.180
2017-05-02,50.530
2017-05-03,49.750
2017-05-04,49.250
2017-05-05,47.800
2017-05-08,48.500
2017-05-09,48.400
2017-05-10,48.400
2017-05-11,49.655
2017-05-12,49.510
2017-05-15,50.910
2017-05-16,51.010
2017-05-17,50.410
2017-05-18,51.010
2017-05-19,52.050
2017-05-22,52.780
2017-05-23,52.300
2017-05-24,53.150
2017-05-25,52.750
2017-05-26,50.400
2017-05-29,50.610
2017-05-30,50.400
2017-05-31,50.100
2017-06-01,50.190
2017-06-02,48.305
2017-06-05,48.750
2017-06-06,47.900
2017-06-07,48.410
2017-06-08,47.090
2017-06-09,46.450
2017-06-12,47.040
2017-06-13,47.310
2017-06-14,46.750
2017-06-15,45.390
2017-06-16,45.855
2017-06-19,45.620
2017-06-20,45.660
2017-06-21,44.320
2017-06-22,43.500
2017-06-23,44.200
2017-06-26,44.200
2017-06-27,45.080
2017-06-28,45.250
2017-06-29,46.410
2017-06-30,46.440
2017-07-03,47.700
2017-07-04,48.340
2017-07-05,48.310
2017-07-06,47.145
2017-07-07,45.950
2017-07-10,45.300
2017-07-11,45.270
2017-07-12,46.910
2017-07-13,46.000
2017-07-14,47.020
2017-07-17,47.700
2017-07-18,47.190
2017-07-19,47.390
2017-07-20,48.350
2017-07-21,48.160
2017-07-24,46.450
2017-07-25,47.320
2017-07-26,49.090
2017-07-27,49.300
2017-07-28,49.700
2017-07-31,50.350
2017-08-01,51.300
2017-08-02,50.255
2017-08-03,50.850
2017-08-04,50.340
2017-08-07,50.800
2017-08-08,51.300
2017-08-09,51.300
2017-08-10,51.600
2017-08-11,49.840
2017-08-14,50.380
2017-08-15,49.250
2017-08-16,49.560
2017-08-17,48.610
2017-08-18,49.250
2017-08-21,50.710
2017-08-22,50.000
2017-08-23,49.910
2017-08-24,50.550
2017-08-25,50.590
2017-08-28,50.510
2017-08-29,50.100
2017-08-30,49.900
2017-08-31,49.300
2017-09-01,49.300
2017-09-04,50.720
2017-09-05,51.100
2017-09-06,52.160
2017-09-07,53.000
2017-09-08,53.190
2017-09-11,52.100
2017-09-12,52.160
2017-09-13,52.900
2017-09-14,53.550
2017-09-15,53.620
2017-09-18,54.260
2017-09-19,54.060
2017-09-20,53.950
2017-09-21,54.610
2017-09-22,54.650
2017-09-25,54.810
2017-09-26,56.090
2017-09-27,55.650
2017-09-28,55.590
2017-09-29,55.200
2017-10-02,55.160
2017-10-03,54.500
2017-10-04,53.950
2017-10-05,54.410
2017-10-06,55.250
2017-10-09,53.730
2017-10-10,54.100
2017-10-11,54.790
2017-10-12,54.960
2017-10-13,55.540
2017-10-16,55.950
2017-10-17,56.300
2017-10-18,56.300
2017-10-19,55.500
2017-10-20,55.150
2017-10-23,55.880
2017-10-24,55.270
2017-10-25,56.210
2017-10-26,56.200
2017-10-27,57.000
2017-10-30,58.360
2017-10-31,58.300
2017-11-01,59.660
2017-11-02,58.540
2017-11-03,58.960
2017-11-06,60.610
2017-11-07,62.360
2017-11-08,61.800
2017-11-09,61.610
2017-11-10,62.060
2017-11-13,61.610
2017-11-14,61.240
2017-11-15,60.010
2017-11-16,60.350
2017-11-17,59.650
2017-11-20,60.660
2017-11-21,60.510
2017-11-22,61.150
2017-11-23,61.055
2017-11-24,61.645
2017-11-27,61.450
2017-11-28,61.250
2017-11-29,60.960
2017-11-30,60.850
2017-12-01,60.760
2017-12-04,60.990
2017-12-05,60.050
2017-12-06,60.720
2017-12-07,59.460
2017-12-08,60.250
2017-12-11,60.905
2017-12-12,62.560
2017-12-13,61.340
2017-12-14,60.200
2017-12-15,61.195
2017-12-18,61.300
2017-12-19,61.390
2017-12-20,61.555
2017-12-21,62.150
2017-12-22,62.360
2017-12-25,62.360
2017-12-26,62.600
2017-12-27,63.910
2017-12-28,63.900
2017-12-29,64.360
2018-01-01,64.360
2018-01-02,64.355
2018-01-03,64.145
2018-01-04,65.355
2018-01-05,65.300
2018-01-08,65.055
2018-01-09,65.550
2018-01-10,66.550
2018-01-11,66.450
2018-01-12,66.260
2018-01-15,67.010
2018-01-16,67.055
2018-01-17,66.290
2018-01-18,66.410
2018-01-19,65.900
2018-01-22,66.120
2018-01-23,66.490
2018-01-24,66.800
2018-01-25,68.050
2018-01-26,67.350
2018-01-29,67.560
2018-01-30,66.360
2018-01-31,65.750
2018-02-01,66.155
2018-02-02,67.060
2018-02-05,65.010
2018-02-06,64.260
2018-02-07,64.110
2018-02-08,62.200
2018-02-09,61.090
2018-02-12,60.410
2018-02-13,59.840
2018-02-14,59.360
2018-02-15,61.640
2018-02-16,61.640
2018-02-19,61.740
2018-02-20,62.010
2018-02-21,61.255
2018-02-22,61.610
2018-02-23,62.805
2018-02-26,63.930
2018-02-27,64.010
2018-02-28,63.200
2018-03-01,61.360
2018-03-02,60.310
2018-03-05,61.375
2018-03-06,62.000
2018-03-07,61.560
2018-03-08,60.860
2018-03-09,60.240
2018-03-12,61.650
2018-03-13,61.270
2018-03-14,61.250
2018-03-15,61.400
2018-03-16,61.750
2018-03-19,62.460
2018-03-20,63.000
2018-03-21,63.860
2018-03-22,65.410
2018-03-23,65.400
2018-03-26,65.830
2018-03-27,65.850
2018-03-28,65.200
2018-03-29,65.400
2018-03-30,65.400
2018-04-02,66.860
2018-04-03,65.205
2018-04-04,64.690
2018-04-05,65.400
2018-04-06,65.340
2018-04-09,64.750
2018-04-10,66.545
2018-04-11,67.550
2018-04-12,68.640
2018-04-13,69.090
2018-04-16,68.140
2018-04-17,68.190
2018-04-18,68.855
2018-04-19,70.790
2018-04-20,70.350
2018-04-23,70.250
2018-04-24,71.260
2018-04-25,70.350
2018-04-26,70.650
2018-04-27,70.810
2018-04-30,69.970
2018-05-01,69.970
2018-05-02,70.460
2018-05-03,70.560
2018-05-04,70.455
2018-05-07,72.550
2018-05-08,72.460
2018-05-09,73.900
2018-05-10,74.580
2018-05-11,74.400
2018-05-14,73.750
2018-05-15,75.350
2018-05-16,75.060
2018-05-17,76.750
2018-05-18,77.050
2018-05-21,76.450
2018-05-22,77.290
2018-05-23,76.600
2018-05-24,77.050
2018-05-25,75.750
2018-05-28,73.200
2018-05-29,73.200
2018-05-30,73.550
2018-05-31,75.450
2018-06-01,75.060
2018-06-04,74.410
2018-06-05,73.600
2018-06-06,73.750
2018-06-07,73.560
2018-06-08,74.810
2018-06-11,74.400
2018-06-12,74.775
2018-06-13,73.400
2018-06-14,74.320
2018-06-15,74.320
2018-06-18,70.940
2018-06-19,72.000
2018-06-20,72.700
2018-06-21,71.240
2018-06-22,71.750
2018-06-25,72.755
2018-06-26,73.000
2018-06-27,74.360
2018-06-28,75.150
2018-06-29,75.850
2018-07-02,75.600
2018-07-03,74.890
2018-07-04,75.050
2018-07-05,74.850
2018-07-06,74.190
2018-07-09,74.750
2018-07-10,76.050
2018-07-11,74.710
2018-07-12,72.555
2018-07-13,71.550
2018-07-16,73.000
2018-07-17,70.430
2018-07-18,69.605
2018-07-19,70.410
2018-07-20,71.500
2018-07-23,71.450
2018-07-24,71.600
2018-07-25,72.550
2018-07-26,73.460
2018-07-27,73.400
2018-07-30,73.400
2018-07-31,73.650
2018-08-01,72.350
2018-08-02,71.200
2018-08-03,71.900
2018-08-06,72.160
2018-08-07,72.650
2018-08-08,73.300
2018-08-09,73.300
2018-08-10,70.490
2018-08-13,71.250
2018-08-14,71.800
2018-08-15,70.650
2018-08-16,69.660
2018-08-17,70.390
2018-08-20,70.810
2018-08-21,71.100
2018-08-22,71.100
2018-08-23,73.140
2018-08-24,74.110
2018-08-27,74.340
2018-08-28,75.050
2018-08-29,74.290
2018-08-30,75.790
2018-08-31,75.800
2018-09-03,76.250
2018-09-04,76.870
2018-09-05,75.800
2018-09-06,75.350
2018-09-07,74.750
2018-09-10,75.905
2018-09-11,76.260
2018-09-12,77.400
2018-09-13,77.100
2018-09-14,76.390
2018-09-17,76.450
2018-09-18,75.780
2018-09-19,77.050
2018-09-20,77.550
2018-09-21,77.400
2018-09-24,78.440
2018-09-25,79.700
2018-09-26,80.050
2018-09-27,80.450
2018-09-28,80.000
2018-10-01,80.800
2018-10-02,82.950
2018-10-03,83.350
2018-10-04,84.405
2018-10-05,83.250
2018-10-08,81.590
2018-10-09,82.850
2018-10-10,82.950
2018-10-11,80.600
2018-10-12,79.350
2018-10-15,79.290
2018-10-16,78.800
2018-10-17,80.200
2018-10-18,78.400
2018-10-19,77.890
2018-10-22,78.790
2018-10-23,77.840
2018-10-24,74.400
2018-10-25,74.950
2018-10-26,75.400
2018-10-29,76.010
2018-10-30,76.190
2018-10-31,75.670
2018-11-01,73.395
2018-11-02,71.650
2018-11-05,71.155
2018-11-06,71.155
2018-11-07,70.645
2018-11-08,71.550
2018-11-09,69.345
2018-11-12,70.660
2018-11-13,68.460
2018-11-14,64.450
2018-11-15,65.400
2018-11-16,66.490
2018-11-19,66.160
2018-11-20,65.500
2018-11-21,62.655
2018-11-22,62.450
2018-11-23,61.060
2018-11-26,59.200
2018-11-27,59.110
2018-11-28,60.200
2018-11-29,58.250
2018-11-30,58.990
2018-12-03,61.160
2018-12-04,61.500
2018-12-05,59.790
2018-12-06,59.820
2018-12-07,58.390
2018-12-10,60.210
2018-12-11,58.340
2018-12-12,59.300
2018-12-13,58.790
2018-12-14,59.650
2018-12-17,58.960
2018-12-18,57.200
2018-12-19,55.150
2018-12-20,54.450
2018-12-21,53.560
2018-12-24,53.560
2018-12-25,53.560
2018-12-26,49.500
2018-12-27,53.100
2018-12-28,52.850
2018-12-31,52.850
2019-01-01,52.850
2019-01-02,51.850
2019-01-03,53.200
2019-01-04,55.600
2019-01-07,56.800
2019-01-08,56.210
2019-01-09,58.110
2019-01-10,59.610
2019-01-11,61.155
2019-01-14,58.890
2019-01-15,58.600
2019-01-16,60.110
2019-01-17,60.010
2019-01-18,61.100
2019-01-21,61.850
2019-01-22,61.410
2019-01-23,61.250
2019-01-24,60.390
2019-01-25,61.150
2019-01-28,60.300
2019-01-29,59.460
2019-01-30,60.910
2019-01-31,61.800
2019-02-01,60.850
2019-02-04,62.900
2019-02-05,62.900
2019-02-06,62.900
2019-02-07,62.500
2019-02-08,61.600
2019-02-11,62.000
2019-02-12,62.210
2019-02-13,63.355
2019-02-14,65.300
2019-02-15,65.090
2019-02-18,66.710
2019-02-19,66.460
2019-02-20,66.350
2019-02-21,67.110
2019-02-22,67.210
2019-02-25,66.860
2019-02-26,64.550
2019-02-27,65.290
2019-02-28,66.000
2019-03-01,66.600
2019-03-04,65.340
2019-03-05,65.710
2019-03-06,65.810
2019-03-07,66.500
2019-03-08,65.750
2019-03-11,66.790
2019-03-12,67.140
2019-03-13,67.190
2019-03-14,68.150
2019-03-15,67.695
2019-03-18,67.295
2019-03-19,67.650
2019-03-20,67.645
2019-03-21,68.250
2019-03-22,67.450
2019-03-25,66.360
2019-03-26,67.150
2019-03-27,67.400
2019-03-28,66.540
2019-03-29,67.200
2019-04-01,68.200
2019-04-02,68.770
2019-04-03,69.405
2019-04-04,68.650
2019-04-05,68.840
2019-04-08,70.310
2019-04-09,70.545
2019-04-10,70.100
2019-04-11,70.500
2019-04-12,70.250
2019-04-15,70.360
2019-04-16,70.260
2019-04-17,71.350
2019-04-18,71.050
2019-04-19,71.050
2019-04-22,73.400
2019-04-23,73.750
2019-04-24,73.640
2019-04-25,74.490
2019-04-26,73.430
2019-04-29,71.060
2019-04-30,71.600
2019-05-01,71.600
2019-05-02,71.450
2019-05-03,69.960
2019-05-06,69.240
2019-05-07,70.250
2019-05-08,69.250
2019-05-09,69.100
2019-05-10,70.090
2019-05-13,70.940
2019-05-14,69.670
2019-05-15,70.440
2019-05-16,72.000
2019-05-17,72.450
2019-05-20,72.450
2019-05-21,71.600
2019-05-22,71.240
2019-05-23,69.190
2019-05-24,66.740
2019-05-27,66.850
2019-05-28,68.300
2019-05-29,67.155
2019-05-30,67.150
2019-05-31,63.810
2019-06-03,60.160
2019-06-04,60.050
2019-06-05,60.050
2019-06-06,59.330
2019-06-07,61.190
2019-06-10,61.890
2019-06-11,61.250
2019-06-12,59.885
2019-06-13,60.300
2019-06-14,59.890
2019-06-17,60.710
2019-06-18,59.890
2019-06-19,61.190
2019-06-20,62.590
2019-06-21,64.200
2019-06-24,63.995
2019-06-25,63.350
2019-06-26,64.260
2019-06-27,64.400
2019-06-28,64.890
2019-07-01,64.900
2019-07-02,63.405
2019-07-03,60.645
2019-07-04,61.720
2019-07-05,61.600
2019-07-08,63.300
2019-07-09,62.600
2019-07-10,63.855
2019-07-11,65.930
2019-07-12,65.855
2019-07-15,65.190
2019-07-16,64.560
2019-07-17,63.200
2019-07-18,62.105
2019-07-19,61.540
2019-07-22,62.710
2019-07-23,62.080
2019-07-24,63.170
2019-07-25,63.010
2019-07-26,62.810
2019-07-29,62.500
2019-07-30,63.600
2019-07-31,64.550
2019-08-01,63.010
2019-08-02,60.350
2019-08-05,59.650
2019-08-06,58.710
2019-08-07,57.870
2019-08-08,56.800
2019-08-09,56.800
2019-08-12,56.800
2019-08-13,57.750
2019-08-14,59.630
2019-08-15,58.310
2019-08-16,58.180
2019-08-19,58.380
2019-08-20,59.210
2019-08-21,60.050
2019-08-22,60.260
2019-08-23,59.420
2019-08-26,58.570
2019-08-27,58.060
2019-08-28,59.000
2019-08-29,59.300
2019-08-30,59.600
2019-09-02,57.600
2019-09-03,56.450
2019-09-04,56.690
2019-09-05,58.500
2019-09-06,59.245
2019-09-09,60.100
2019-09-10,60.850
2019-09-11,60.850
2019-09-12,59.300
2019-09-13,58.330
2019-09-16,63.855
2019-09-17,67.550
2019-09-18,63.320
2019-09-19,63.205
2019-09-20,64.310
2019-09-23,63.560
2019-09-24,63.440
2019-09-25,61.550
2019-09-26,61.750
2019-09-27,62.060
2019-09-30,60.900
2019-10-01,59.200
2019-10-02,58.650
2019-10-03,57.400
2019-10-04,57.850
2019-10-07,58.255
2019-10-08,58.010
2019-10-09,57.700
2019-10-10,57.740
2019-10-11,60.450
2019-10-14,60.000
2019-10-15,59.450
2019-10-16,58.755
2019-10-17,59.210
2019-10-18,59.710
2019-10-21,59.410
2019-10-22,58.900
2019-10-23,59.610
2019-10-24,61.010
2019-10-25,61.450
2019-10-28,61.450
2019-10-29,60.990
2019-10-30,61.310
2019-10-31,61.050
2019-11-01,58.700
2019-11-04,60.700
2019-11-05,61.310
2019-11-06,61.520
2019-11-07,61.150
2019-11-08,60.850
2019-11-11,61.120
2019-11-12,62.110
2019-11-13,61.450
2019-11-14,62.510
2019-11-15,61.910
2019-11-18,62.800
2019-11-19,61.810
2019-11-20,60.410
2019-11-21,62.100
2019-11-22,63.750
2019-11-25,63.400
2019-11-26,63.060
2019-11-27,63.640
2019-11-28,63.310
2019-11-29,63.850
2019-12-02,60.800
2019-12-03,61.005
2019-12-04,61.095
2019-12-05,62.705
2019-12-06,63.010
2019-12-09,63.700
2019-12-10,63.810
2019-12-11,63.740
2019-12-12,63.960
2019-12-13,64.940
2019-12-16,65.495
2019-12-17,65.640
2019-12-18,66.100
2019-12-19,66.460
2019-12-20,66.905
2019-12-23,66.150
2019-12-24,66.740
2019-12-25,66.740
2019-12-26,67.450
2019-12-27,67.900
2019-12-30,67.800
2019-12-31,67.255
2020-01-01,67.255
2020-01-02,65.660
2020-01-03,67.810
2020-01-06,69.600
2020-01-07,68.300
2020-01-08,69.260
2020-01-09,66.210
2020-01-10,65.900
2020-01-13,65.650
2020-01-14,64.750
2020-01-15,64.590
2020-01-16,64.710
2020-01-17,64.855
2020-01-20,65.210
2020-01-21,64.250
2020-01-22,64.250
2020-01-23,62.750
2020-01-24,62.200
2020-01-27,62.200
2020-01-28,58.550
2020-01-29,59.340
2020-01-30,57.710
2020-01-31,58.460
2020-02-03,55.200
2020-02-04,53.960
2020-02-05,53.600
2020-02-06,55.190
2020-02-07,54.340
2020-02-10,53.300
2020-02-11,53.050
2020-02-12,54.260
2020-02-13,54.510
2020-02-14,55.240
2020-02-17,55.960
2020-02-18,55.090
2020-02-19,56.400
2020-02-20,56.900
2020-02-21,56.400
2020-02-24,54.610
2020-02-25,54.450
2020-02-26,52.300
2020-02-27,50.610
2020-02-28,49.010
2020-03-02,50.560
2020-03-03,51.750
2020-03-04,50.840
2020-03-05,50.800
2020-03-06,48.560
2020-03-09,32.850
2020-03-10,34.160
2020-03-11,34.545
2020-03-12,32.660
2020-03-13,33.950
2020-03-16,31.450
2020-03-17,30.850
2020-03-18,28.290
2020-03-19,25.840
2020-03-20,28.700
2020-03-23,24.570
2020-03-24,26.620
2020-03-25,27.010
2020-03-26,25.700
2020-03-27,25.100
2020-03-30,23.200
2020-03-31,23.400
2020-04-01,21.200
2020-04-02,21.500
2020-04-03,24.490
2020-04-06,24.890
2020-04-07,24.900
2020-04-08,23.500
2020-04-09,23.350
2020-04-10,23.350
2020-04-13,22.340
2020-04-14,21.640
2020-04-15,19.640
2020-04-16,19.690
2020-04-17,20.590
2020-04-20,20.800
2020-04-21,17.400
2020-04-22,13.550
2020-04-23,18.100
2020-04-24,18.150
2020-04-27,17.990
2020-04-28,16.600
2020-04-29,17.100
2020-04-30,20.700
2020-05-01,20.700
2020-05-04,24.300
2020-05-05,25.955
2020-05-06,26.850
2020-05-07,26.850
2020-05-08,25.900
2020-05-11,26.750
2020-05-12,26.900
2020-05-13,26.860
2020-05-14,29.860
2020-05-15,31.960
2020-05-18,32.960
2020-05-19,33.150
2020-05-20,32.940
2020-05-21,34.050
2020-05-22,32.560
2020-05-25,32.560
2020-05-26,34.850
2020-05-27,34.500
2020-05-28,33.210
2020-05-29,34.850
2020-06-01,38.000
2020-06-02,38.960
2020-06-03,39.900
2020-06-04,38.850
2020-06-05,40.650
2020-06-08,42.910
2020-06-09,40.810
2020-06-10,40.850
2020-06-11,40.640
2020-06-12,38.450
2020-06-15,38.300
2020-06-16,40.250
2020-06-17,41.500
2020-06-18,41.050
2020-06-19,42.940
2020-06-22,42.290
2020-06-23,43.350
2020-06-24,42.450
2020-06-25,40.550
2020-06-26,42.000
2020-06-29,40.650
2020-06-30,42.050
2020-07-01,42.660
2020-07-02,42.810
2020-07-03,42.700
2020-07-06,43.690
2020-07-07,42.860
2020-07-08,43.305
2020-07-09,43.660
2020-07-10,43.660
2020-07-13,43.350
2020-07-14,42.750
2020-07-15,44.150
2020-07-16,43.350
2020-07-17,42.840
2020-07-20,42.705
2020-07-21,43.845
2020-07-22,44.100
2020-07-23,44.390
2020-07-24,43.100
2020-07-27,43.100
2020-07-28,43.090
2020-07-29,43.290
2020-07-30,43.100
2020-07-31,43.100
2020-08-03,42.510
2020-08-04,42.955
2020-08-05,43.740
2020-08-06,43.690
2020-08-07,43.900
2020-08-10,43.900
2020-08-11,44.100
2020-08-12,43.650
2020-08-13,44.160
2020-08-14,43.405
2020-08-17,43.700
2020-08-18,44.450
2020-08-19,43.790
2020-08-20,43.860
2020-08-21,43.950
2020-08-24,43.750
2020-08-25,44.360
2020-08-26,44.805
2020-08-27,44.960
2020-08-28,44.100
2020-08-31,45.910
2020-09-01,45.095
2020-09-02,45.290
2020-09-03,43.405
2020-09-04,43.810
2020-09-07,41.450
2020-09-08,40.650
2020-09-09,39.460
2020-09-10,39.705
2020-09-11,39.255
2020-09-14,38.855
2020-09-15,39.195
2020-09-16,41.195
2020-09-17,41.690
2020-09-18,43.000
2020-09-21,41.590
2020-09-22,41.150
2020-09-23,41.360
2020-09-24,41.190
2020-09-25,41.995
2020-09-28,41.380
2020-09-29,41.845
2020-09-30,40.330
2020-10-01,41.140
2020-10-02,38.650
2020-10-05,39.295
2020-10-06,40.510
2020-10-07,41.210
2020-10-08,41.455
2020-10-09,42.070
2020-10-12,41.260
2020-10-13,41.155
2020-10-14,41.590
2020-10-15,41.980
2020-10-16,41.890
2020-10-19,41.750
2020-10-20,41.590
2020-10-21,41.690
2020-10-22,41.340
2020-10-23,41.660
2020-10-26,39.810
2020-10-27,39.860
2020-10-28,39.240
2020-10-29,38.250
2020-10-30,37.150
2020-11-02,36.260
2020-11-03,39.460
2020-11-04,39.740
2020-11-05,40.710
2020-11-06,40.560
2020-11-09,40.310
2020-11-10,42.470
2020-11-11,44.400
2020-11-12,43.905
2020-11-13,43.105
2020-11-16,43.690
2020-11-17,43.860
2020-11-18,43.800
2020-11-19,43.970
2020-11-20,44.210
2020-11-23,45.590
2020-11-24,45.830
2020-11-25,47.840
2020-11-26,47.455
2020-11-27,47.120
2020-11-30,46.990
2020-12-01,47.560
2020-12-02,47.045
2020-12-03,48.030
2020-12-04,49.055
2020-12-07,48.255
2020-12-08,48.290
2020-12-09,49.110
2020-12-10,48.995
2020-12-11,50.455
2020-12-14,50.600
2020-12-15,50.155
2020-12-16,50.800
2020-12-17,51.440
2020-12-18,51.100
2020-12-21,50.290
2020-12-22,49.790
2020-12-23,49.595
2020-12-24,51.260
2020-12-25,51.260
2020-12-28,51.050
2020-12-29,50.950
2020-12-30,51.010
2020-12-31,51.100
2021-01-01,51.100
2021-01-04,52.440
2021-01-05,50.450
2021-01-06,53.440
2021-01-07,54.460
2021-01-08,54.555
2021-01-11,55.255
2021-01-12,55.650
2021-01-13,56.380
2021-01-14,55.640
2021-01-15,55.340
2021-01-18,54.140
2021-01-19,55.150
2021-01-20,56.205
2021-01-21,55.450
2021-01-22,55.150
2021-01-25,55.345
2021-01-26,55.260
2021-01-27,55.700
2021-01-28,54.790
2021-01-29,54.640
2021-02-01,54.950
2021-02-02,56.705
2021-02-03,57.610
2021-02-04,58.310
2021-02-05,58.910
2021-02-08,59.740
2021-02-09,60.460
2021-02-10,60.350
2021-02-11,60.510
2021-02-12,60.510
2021-02-15,62.460
2021-02-16,62.255
2021-02-17,62.760
2021-02-18,63.210
2021-02-19,60.795
2021-02-22,61.240
2021-02-23,63.500
2021-02-24,62.850
2021-02-25,65.350
2021-02-26,64.280
2021-03-01,64.190
2021-03-02,61.355
2021-03-03,61.390
2021-03-04,63.040
2021-03-05,66.420
2021-03-08,68.300
2021-03-09,66.360
2021-03-10,65.250
2021-03-11,66.790
2021-03-12,67.895
2021-03-15,68.200
2021-03-16,66.505
2021-03-17,66.600
2021-03-18,65.250
2021-03-19,62.250
2021-03-22,63.160
2021-03-23,62.955
2021-03-24,60.950
2021-03-25,62.400
2021-03-26,62.050
2021-03-29,63.050
2021-03-30,63.860
2021-03-31,63.310
2021-04-01,61.450
2021-04-02,61.450
2021-04-05,61.950
2021-04-06,61.310
2021-04-07,60.850
2021-04-08,61.200
2021-04-09,60.900
2021-04-12,61.055
2021-04-13,61.550
2021-04-14,62.540
2021-04-15,64.145
2021-04-16,65.110
2021-04-19,64.790
2021-04-20,65.700
2021-04-21,63.690
2021-04-22,62.210
2021-04-23,62.890
2021-04-26,62.350
2021-04-27,63.240
2021-04-28,63.540
2021-04-29,65.050
2021-04-30,65.260
2021-05-03,64.350
2021-05-04,65.790
2021-05-05,67.710
2021-05-06,67.110
2021-05-07,65.890
2021-05-10,66.710
2021-05-11,65.500
2021-05-12,66.520
2021-05-13,66.520
2021-05-14,65.290
2021-05-17,67.130
2021-05-18,68.380
2021-05-19,66.090
2021-05-20,65.000
2021-05-21,63.200
2021-05-24,66.220
2021-05-25,67.345
2021-05-26,67.345
2021-05-27,66.380
2021-05-28,67.460
2021-05-31,67.900
2021-06-01,69.060
2021-06-02,69.190
2021-06-03,69.945
2021-06-04,70.090
2021-06-07,70.000
2021-06-08,69.300
2021-06-09,71.100
2021-06-10,70.655
2021-06-11,71.160
2021-06-14,72.040
2021-06-15,71.755
2021-06-16,72.740
2021-06-17,72.310
2021-06-18,70.950
2021-06-21,71.750
2021-06-22,72.500
2021-06-23,73.400
2021-06-24,73.700
2021-06-25,73.450
2021-06-28,73.850
2021-06-29,72.810
2021-06-30,72.850
2021-07-01,73.790
2021-07-02,74.050
2021-07-05,74.650
2021-07-06,75.850
2021-07-07,73.250
2021-07-08,70.590
2021-07-09,73.000
2021-07-12,73.500
2021-07-13,74.340
2021-07-14,74.690
2021-07-15,72.200
2021-07-16,72.200
2021-07-19,71.640
2021-07-20,71.640
2021-07-21,68.640
2021-07-22,71.400
2021-07-23,72.240
2021-07-26,71.550
2021-07-27,72.990
2021-07-28,72.790
2021-07-29,73.700
2021-07-30,73.900
2021-08-02,73.245
2021-08-03,71.850
2021-08-04,71.390
2021-08-05,68.810
2021-08-06,70.750
2021-08-09,70.750
2021-08-10,68.890
2021-08-11,69.750
2021-08-12,70.500
2021-08-13,70.020
2021-08-16,68.890
2021-08-17,68.410
2021-08-18,68.540
2021-08-19,65.340
2021-08-20,65.350
2021-08-23,66.050
2021-08-24,68.650
2021-08-25,69.650
2021-08-26,70.090
2021-08-27,70.750
2021-08-30,71.110
2021-08-31,71.150
2021-09-01,70.400
2021-09-02,69.710
2021-09-03,71.300
2021-09-06,69.960
2021-09-07,70.310
2021-09-08,69.750
2021-09-09,70.645
2021-09-10,70.860
2021-09-13,71.690
2021-09-14,72.260
2021-09-15,72.240
2021-09-16,73.070
2021-09-17,73.050
2021-09-20,72.100
2021-09-21,72.860
2021-09-22,73.260
2021-09-23,74.090
2021-09-24,74.760
2021-09-27,76.150
2021-09-28,77.300
2021-09-29,75.660
2021-09-30,75.950
2021-10-01,75.650
2021-10-04,77.140
2021-10-05,79.540
2021-10-06,80.540
2021-10-07,77.390
2021-10-08,81.195
2021-10-11,81.995
2021-10-12,82.050
2021-10-13,81.400
2021-10-14,82.250
2021-10-15,82.995
2021-10-18,83.860
2021-10-19,82.990
2021-10-20,82.540
2021-10-21,83.100
2021-10-22,82.550
2021-10-25,84.340
2021-10-26,83.910
2021-10-27,83.440
2021-10-28,81.870
2021-10-29,82.550
2021-11-01,81.960
2021-11-02,83.290
2021-11-03,81.900
2021-11-04,81.900
2021-11-05,79.450
2021-11-08,81.950
2021-11-09,82.205
2021-11-10,83.945
2021-11-11,81.795
2021-11-12,81.550
2021-11-15,80.850
2021-11-16,81.950
2021-11-17,80.990
2021-11-18,78.640
2021-11-19,80.900
2021-11-22,78.390
2021-11-23,78.450
2021-11-24,81.840
2021-11-25,81.400
2021-11-26,77.350
2021-11-29,75.150
2021-11-30,71.850
2021-12-01,71.100
2021-12-02,69.110
2021-12-03,70.760
2021-12-06,70.090
2021-12-07,73.190
2021-12-08,73.805
2021-12-09,74.445
2021-12-10,72.690
2021-12-13,74.090
2021-12-14,73.340
2021-12-15,71.980
2021-12-16,73.350
2021-12-17,73.330
2021-12-20,70.090
2021-12-21,70.540
2021-12-22,72.545
2021-12-23,73.510
2021-12-24,74.350
2021-12-27,74.350
2021-12-28,76.450
2021-12-29,76.960
2021-12-30,77.255
2021-12-31,77.100
2022-01-03,76.850
2022-01-04,77.490
2022-01-05,78.395
2022-01-06,78.810
2022-01-07,80.585
2022-01-10,80.340
2022-01-11,79.980
2022-01-12,82.210
2022-01-13,82.945
2022-01-14,83.740
2022-01-17,84.900
2022-01-18,86.550
2022-01-19,86.340
2022-01-20,86.295
2022-01-21,85.100
2022-01-24,86.740
2022-01-25,84.850
2022-01-26,86.740
2022-01-27,87.770
2022-01-28,87.560
2022-01-31,88.370
2022-02-01,88.370
2022-02-02,88.370
2022-02-03,87.445
2022-02-04,90.250
2022-02-07,90.940
2022-02-08,90.405
2022-02-09,89.360
2022-02-10,90.555
2022-02-11,90.205
2022-02-14,92.750
2022-02-15,93.030
2022-02-16,92.560
2022-02-17,91.870
2022-02-18,90.290
2022-02-21,91.690
2022-02-22,95.960
2022-02-23,93.605
2022-02-24,98.600
2022-02-25,95.810
2022-02-28,96.795
2022-03-01,98.660
2022-03-02,110.010
2022-03-03,116.590
2022-03-04,108.800
2022-03-07,125.150
2022-03-08,122.950
2022-03-09,127.810
2022-03-10,115.300
2022-03-11,110.505
2022-03-14,109.845
2022-03-15,99.730
2022-03-16,102.450
2022-03-17,100.800
2022-03-18,106.605
2022-03-21,109.750
2022-03-22,111.150
2022-03-23,111.750
2022-03-24,115.550
2022-03-25,111.900
2022-03-28,110.650
2022-03-29,108.590
2022-03-30,108.350
2022-03-31,107.660
2022-04-01,101.600
2022-04-04,101.790
2022-04-05,105.300
2022-04-06,103.750
2022-04-07,97.370
2022-04-08,98.110
2022-04-11,97.600
2022-04-12,98.100
2022-04-13,102.410
2022-04-14,105.850
2022-04-15,105.850
2022-04-18,108.090
2022-04-19,108.650
2022-04-20,105.510
2022-04-21,106.110
2022-04-22,105.050
2022-04-25,99.690
2022-04-26,99.550
2022-04-27,103.000
2022-04-28,102.795
2022-04-29,105.400
2022-05-02,105.400
2022-05-03,105.400
2022-05-04,104.660
2022-05-05,106.605
2022-05-06,107.800
2022-05-09,107.950
2022-05-10,103.100
2022-05-11,102.890
2022-05-12,102.840
2022-05-13,106.640
2022-05-16,106.640
2022-05-17,110.805
2022-05-18,109.710
2022-05-19,105.580
2022-05-20,108.040
2022-05-23,109.390
2022-05-24,107.890
2022-05-25,109.200
2022-05-26,108.910
2022-05-27,112.355
2022-05-30,113.790
2022-05-31,116.350
2022-06-01,112.660
2022-06-02,108.940
2022-06-03,112.100
2022-06-06,115.600
2022-06-07,115.560
2022-06-08,116.510
2022-06-09,118.790
2022-06-10,118.950
2022-06-13,115.660
2022-06-14,118.610
2022-06-15,116.300
2022-06-16,114.940
2022-06-17,116.300
2022-06-20,108.400
2022-06-21,111.750
2022-06-22,106.600
2022-06-23,106.450
2022-06-24,106.500
2022-06-27,110.000
2022-06-28,113.160
2022-06-29,114.190
2022-06-30,113.350
2022-07-01,106.310
2022-07-04,108.370
2022-07-05,111.010
2022-07-06,101.690
2022-07-07,98.200
2022-07-08,104.050
2022-07-11,104.050
2022-07-12,102.100
2022-07-13,98.450
2022-07-14,97.690
2022-07-15,98.320
2022-07-18,102.590
2022-07-19,104.805
2022-07-20,104.440
2022-07-21,102.000
2022-07-22,102.690
2022-07-25,101.210
2022-07-26,104.900
2022-07-27,101.400
2022-07-28,105.000
2022-07-29,107.240
2022-08-01,101.500
2022-08-02,97.980
2022-08-03,98.360
2022-08-04,95.700
2022-08-05,93.760
2022-08-08,94.260
2022-08-09,94.260
2022-08-10,94.860
2022-08-11,96.000
2022-08-12,98.280
2022-08-15,94.560
2022-08-16,92.100
2022-08-17,90.400
2022-08-18,92.800
2022-08-19,94.350
2022-08-22,93.950
2022-08-23,96.500
2022-08-24,99.500
2022-08-25,99.900
2022-08-26,99.650
2022-08-29,100.160
2022-08-30,102.800
2022-08-31,97.850
2022-09-01,93.950
2022-09-02,94.750
2022-09-05,95.340
2022-09-06,95.210
2022-09-07,92.200
2022-09-08,88.000
2022-09-09,90.410
2022-09-12,92.360
2022-09-13,94.445
2022-09-14,92.705
2022-09-15,93.610
2022-09-16,91.010
2022-09-19,90.340
2022-09-20,92.550
2022-09-21,92.700
2022-09-22,91.200
2022-09-23,88.800
2022-09-26,84.850
2022-09-27,84.200
2022-09-28,84.610
2022-09-29,87.300
2022-09-30,89.500
2022-10-03,88.260
2022-10-04,88.800
2022-10-05,91.180
2022-10-06,93.260
2022-10-07,94.350
2022-10-10,96.540
2022-10-11,93.700
2022-10-12,92.900
2022-10-13,91.160
2022-10-14,92.100
2022-10-17,89.650
2022-10-18,88.820
2022-10-19,85.750
2022-10-20,89.910
2022-10-21,90.710
2022-10-24,90.710
2022-10-25,89.560
2022-10-26,90.350
2022-10-27,92.350
2022-10-28,92.650
2022-10-31,90.600
2022-11-01,91.390
2022-11-02,90.950
2022-11-03,89.790
2022-11-04,92.290
2022-11-07,92.900
2022-11-08,92.290
2022-11-09,89.760
2022-11-10,87.140
2022-11-11,91.040
2022-11-14,91.000
2022-11-15,86.795
2022-11-16,88.040
2022-11-17,87.145
2022-11-18,84.340
2022-11-21,81.250
2022-11-22,82.300
2022-11-23,81.790
2022-11-24,77.640
2022-11-25,81.060
2022-11-28,76.645
2022-11-29,80.940
2022-11-30,80.400
2022-12-01,81.350
2022-12-02,81.000
2022-12-05,80.800
2022-12-06,77.950
2022-12-07,74.800
2022-12-08,73.050
2022-12-09,72.050
2022-12-12,71.810
2022-12-13,75.445
2022-12-14,76.690
2022-12-15,77.690
2022-12-16,76.350
2022-12-19,75.340
2022-12-20,75.750
2022-12-21,76.700
2022-12-22,78.850
2022-12-23,78.100
2022-12-26,78.100
2022-12-27,80.590
2022-12-28,79.950
2022-12-29,78.110
2022-12-30,78.750
2023-01-02,78.750
2023-01-03,82.055
2023-01-04,77.055
2023-01-05,75.140
2023-01-06,75.140
2023-01-09,77.050
2023-01-10,76.000
2023-01-11,76.800
2023-01-12,79.500
2023-01-13,81.050
2023-01-16,81.750
2023-01-17,82.490
2023-01-18,83.650
2023-01-19,81.390
2023-01-20,83.840
2023-01-23,83.840
2023-01-24,83.840
2023-01-25,83.500
2023-01-26,83.190
2023-01-27,84.150
2023-01-30,82.600
2023-01-31,80.880
2023-02-01,83.555
2023-02-02,80.870
2023-02-03,79.750
2023-02-06,78.300
2023-02-07,80.410
2023-02-08,81.900
2023-02-09,83.200
2023-02-10,83.560
2023-02-13,84.395
2023-02-14,84.875
2023-02-15,83.340
2023-02-16,84.010
2023-02-17,82.240
2023-02-20,82.390
2023-02-21,81.940
2023-02-22,80.800
2023-02-23,80.050
2023-02-24,82.060
2023-02-27,82.160
2023-02-28,81.900
2023-03-01,82.460
2023-03-02,82.840
2023-03-03,83.255
2023-03-06,84.090
2023-03-07,84.560
2023-03-08,81.960
2023-03-09,81.790
2023-03-10,80.205
2023-03-13,82.305
2023-03-14,79.090
2023-03-15,77.840
2023-03-16,73.980
2023-03-17,74.850
2023-03-20,70.290
2023-03-21,73.700
2023-03-22,74.550
2023-03-23,76.090
2023-03-24,75.110
2023-03-27,74.745
2023-03-28,77.845
2023-03-29,77.990
2023-03-30,77.750
2023-03-31,78.050
2023-04-03,84.050
2023-04-04,85.050
2023-04-05,84.910
2023-04-06,84.545
2023-04-07,84.545
2023-04-10,84.730
2023-04-11,84.500
2023-04-12,85.540
2023-04-13,87.310
2023-04-14,86.040
2023-04-17,85.900
2023-04-18,84.650
2023-04-19,83.540
2023-04-20,81.710
2023-04-21,80.750
2023-04-24,80.900
2023-04-25,82.750
2023-04-26,80.240
2023-04-27,77.950
2023-04-28,79.760
2023-05-01,79.760
2023-05-02,78.595
2023-05-03,73.630
2023-05-04,72.940
2023-05-05,73.250
2023-05-08,76.160
2023-05-09,75.810
2023-05-10,75.720
2023-05-11,76.190
2023-05-12,73.530
2023-05-15,73.300
2023-05-16,74.550
2023-05-17,73.150
2023-05-18,75.330
2023-05-19,75.010
2023-05-22,74.225
2023-05-23,74.920
2023-05-24,76.610
2023-05-25,76.700
2023-05-26,75.340
2023-05-29,76.250
2023-05-30,74.930
2023-05-31,72.220
2023-06-01,71.680
2023-06-02,71.680
2023-06-05,76.440
2023-06-06,74.300
2023-06-07,75.200
2023-06-08,76.145
2023-06-09,75.200
2023-06-12,72.390
2023-06-13,71.960
2023-06-14,74.600
2023-06-15,73.350
2023-06-16,75.450
2023-06-19,76.290
2023-06-20,77.450
2023-06-21,76.950
2023-06-22,77.450
2023-06-23,74.100
2023-06-26,74.500
2023-06-27,75.490
2023-06-28,74.250
2023-06-29,74.250
2023-06-30,76.640
2023-07-03,75.200
2023-07-04,75.195
2023-07-05,75.430
2023-07-06,77.300
2023-07-07,77.850
2023-07-10,78.270
2023-07-11,78.800
2023-07-12,79.900
2023-07-13,81.100
2023-07-14,81.940
2023-07-17,79.460
2023-07-18,79.600
2023-07-19,81.000
2023-07-20,81.050
2023-07-21,81.740
2023-07-24,82.510
2023-07-25,84.255
2023-07-26,84.300
2023-07-27,84.100
2023-07-28,84.700
2023-07-31,85.645
2023-08-01,85.840
2023-08-02,86.305
2023-08-03,83.980
2023-08-04,87.105
2023-08-07,87.740
2023-08-08,87.100
2023-08-09,87.100
2023-08-10,89.040
2023-08-11,87.890
2023-08-14,87.600
2023-08-15,87.150
2023-08-16,86.050
2023-08-17,84.950
2023-08-18,85.400
2023-08-21,86.940
2023-08-22,85.750
2023-08-23,85.350
2023-08-24,85.100
2023-08-25,86.200
2023-08-28,86.300
2023-08-29,86.100
2023-08-30,86.790
2023-08-31,87.540
2023-09-01,87.540
2023-09-04,89.480
2023-09-05,89.210
2023-09-06,90.590
2023-09-07,91.495
2023-09-08,91.090
2023-09-11,91.600
2023-09-12,92.350
2023-09-13,93.900
2023-09-14,93.850
2023-09-15,95.550
2023-09-18,95.210
2023-09-19,95.200
2023-09-20,93.860
2023-09-21,93.240
2023-09-22,94.300
2023-09-25,94.100
2023-09-26,92.840
2023-09-27,95.450
2023-09-28,96.770
2023-09-29,96.120
2023-10-02,93.110
2023-10-03,91.100
2023-10-04,90.670
2023-10-05,86.300
2023-10-06,84.840
2023-10-09,87.055
2023-10-10,88.495
2023-10-11,88.210
2023-10-12,87.280
2023-10-13,88.910
2023-10-16,91.140
2023-10-17,90.790
2023-10-18,92.490
2023-10-19,91.200
2023-10-20,93.450
2023-10-23,92.350
2023-10-24,90.500
2023-10-25,89.040
2023-10-26,90.120
2023-10-27,89.745
2023-10-30,89.860
2023-10-31,88.060
2023-11-01,86.260
2023-11-02,86.945
2023-11-03,88.245
2023-11-06,86.900
2023-11-07,85.045
2023-11-08,82.750
2023-11-09,81.300
2023-11-10,81.610
2023-11-13,81.610
2023-11-14,83.355
2023-11-15,83.240
2023-11-16,81.680
2023-11-17,79.260
2023-11-20,82.800
2023-11-21,83.400
2023-11-22,84.200
2023-11-23,82.700
2023-11-24,83.060
2023-11-27,81.500
2023-11-28,82.145
2023-11-29,83.000
2023-11-30,85.390
2023-12-01,81.300
2023-12-04,78.040
2023-12-05,78.540
2023-12-06,77.540
2023-12-07,75.010
2023-12-08,76.080
2023-12-11,76.640
2023-12-12,76.240
2023-12-13,71.640
2023-12-14,74.400
2023-12-15,76.150
2023-12-18,76.150
2023-12-19,76.840
2023-12-20,79.050
2023-12-21,78.850
2023-12-22,79.100
2023-12-25,79.100
2023-12-26,78.645
2023-12-27,80.200
2023-12-28,79.100
2023-12-29,77.095
2024-01-01,77.095
2024-01-02,78.095
2024-01-03,75.290
2024-01-04,78.650
2024-01-05,77.750
2024-01-08,77.860
2024-01-09,76.850
2024-01-10,78.000
2024-01-11,77.290
2024-01-12,79.050
2024-01-15,78.000
2024-01-16,77.840
2024-01-17,76.750
2024-01-18,77.550
2024-01-19,78.895
2024-01-22,77.750
2024-01-23,79.900
2024-01-24,79.560
2024-01-25,80.295
2024-01-26,81.650
2024-01-29,83.300
2024-01-30,81.910
2024-01-31,82.400
2024-02-01,80.300
2024-02-02,78.950
2024-02-05,77.410
2024-02-06,78.000
2024-02-07,78.500
2024-02-08,79.330
2024-02-09,81.040
2024-02-12,81.040
2024-02-13,81.910
2024-02-14,82.440
2024-02-15,80.550
2024-02-16,82.050
2024-02-19,82.290
2024-02-20,82.750
2024-02-21,81.455
2024-02-22,82.600
2024-02-23,82.010
2024-02-26,80.390
2024-02-27,82.050
2024-02-28,81.860
2024-02-29,81.800
2024-03-01,81.540
2024-03-04,83.095
2024-03-05,81.785
2024-03-06,82.040
2024-03-07,82.375
2024-03-08,83.360
2024-03-11,82.105
2024-03-12,82.870
2024-03-13,82.210
2024-03-14,84.110
2024-03-15,84.790
2024-03-18,85.660
2024-03-19,86.410
2024-03-20,86.490
2024-03-21,86.010
2024-03-22,85.145
2024-03-25,85.350
2024-03-26,86.195
2024-03-27,85.200
2024-03-28,86.295
2024-03-29,86.295
2024-04-01,87.655
2024-04-02,89.060
2024-04-03,89.470
2024-04-04,89.650
2024-04-05,90.860
2024-04-08,90.060
2024-04-09,90.750
2024-04-10,90.750
2024-04-11,90.890
2024-04-12,90.510
2024-04-15,89.540
2024-04-16,90.250
2024-04-17,90.050
2024-04-18,87.440
2024-04-19,87.690
2024-04-22,86.395
2024-04-23,88.450
2024-04-24,88.850
2024-04-25,88.600
2024-04-26,88.960
2024-04-29,88.890
2024-04-30,88.600
2024-05-01,88.600
2024-05-02,84.490
2024-05-03,84.090
2024-05-06,84.010
2024-05-07,84.140
2024-05-08,83.000
2024-05-09,84.650
2024-05-10,84.830
2024-05-13,83.845
2024-05-14,83.890
2024-05-15,83.400
2024-05-16,83.750
2024-05-17,84.640
2024-05-20,85.160
2024-05-21,84.190
2024-05-22,84.190
2024-05-23,83.240
2024-05-24,82.450
2024-05-27,83.300
2024-05-28,84.440
2024-05-29,85.475
2024-05-30,84.300
2024-05-31,83.450
2024-06-03,81.895
2024-06-04,77.880
2024-06-05,78.210
2024-06-06,79.250
2024-06-07,80.105
2024-06-10,80.190
2024-06-11,81.860
2024-06-12,82.650
2024-06-13,82.080
2024-06-14,82.325
2024-06-17,82.325
2024-06-18,83.340
2024-06-19,84.300
2024-06-20,84.530
2024-06-21,84.790
2024-06-24,84.540
2024-06-25,85.290
2024-06-26,84.500
2024-06-27,84.940
2024-06-28,85.750
2024-07-01,85.660
2024-07-02,87.095
2024-07-03,86.590
2024-07-04,86.770
2024-07-05,87.650
2024-07-08,86.190
2024-07-09,85.620
2024-07-10,84.580
2024-07-11,85.480
2024-07-12,85.640
2024-07-15,84.680
2024-07-16,83.850
2024-07-17,83.700
2024-07-18,84.800
2024-07-19,84.500
2024-07-22,82.380
2024-07-23,81.950
2024-07-24,80.650
2024-07-25,80.660
2024-07-26,81.340
2024-07-29,79.800
2024-07-30,78.950
2024-07-31,79.550
2024-08-01,80.540
2024-08-02,79.230
2024-08-05,74.490
2024-08-06,75.040
2024-08-07,75.500
2024-08-08,77.140
2024-08-09,77.140
2024-08-12,78.670
2024-08-13,79.990
2024-08-14,79.210
2024-08-15,78.670
2024-08-16,79.040
2024-08-19,77.810
2024-08-20,75.680
2024-08-21,76.150
2024-08-22,75.150
2024-08-23,76.690
2024-08-26,78.550
2024-08-27,79.190
2024-08-28,77.700
2024-08-29,76.660
2024-08-30,78.410
2024-09-02,76.490
2024-09-03,76.630
2024-09-04,73.380
2024-09-05,73.390
2024-09-06,73.410
2024-09-09,72.280
2024-09-10,71.880
2024-09-11,70.950
2024-09-12,71.900
2024-09-13,72.790
2024-09-16,72.455
2024-09-17,73.300
2024-09-18,73.450
2024-09-19,74.845
2024-09-20,74.190
2024-09-23,74.270
2024-09-24,74.850
2024-09-25,74.990
2024-09-26,72.295
2024-09-27,72.715
2024-09-30,73.330
2024-10-01,70.770
2024-10-02,75.200
2024-10-03,74.440
2024-10-04,77.880
2024-10-07,78.145
2024-10-08,78.970
2024-10-09,77.435
2024-10-10,77.140
2024-10-11,78.590
2024-10-14,77.640
2024-10-15,74.290
2024-10-16,73.990
2024-10-17,74.070
2024-10-18,74.190
2024-10-21,73.540
2024-10-22,73.550
2024-10-23,75.060
2024-10-24,75.400
2024-10-25,73.550
2024-10-28,72.000
2024-10-29,70.820
2024-10-30,72.010
2024-10-31,72.010
2024-11-01,73.590
2024-11-04,73.520
2024-11-05,74.140
2024-11-06,73.295
2024-11-07,74.010
2024-11-08,73.850
2024-11-11,73.090
2024-11-12,71.080
2024-11-13,71.145
2024-11-14,71.420
2024-11-15,70.740
2024-11-18,70.505
2024-11-19,72.260
2024-11-20,72.850
2024-11-21,72.830
2024-11-22,74.150
2024-11-25,73.540
2024-11-26,72.510
2024-11-27,72.250
2024-11-28,71.850
2024-11-29,72.350
2024-12-02,72.100
2024-12-03,71.890
2024-12-04,73.395
2024-12-05,72.100
2024-12-06,71.710
2024-12-09,71.760
2024-12-10,71.670
2024-12-11,72.225
2024-12-12,73.660
2024-12-13,73.460
2024-12-16,74.160
2024-12-17,73.550
2024-12-18,73.600
2024-12-19,72.860
2024-12-20,72.645
2024-12-23,73.340
2024-12-24,73.290
2024-12-25,73.290
2024-12-26,74.550
2024-12-27,74.660
2024-12-30,75.340
2024-12-31,75.950
2025-01-01,75.950
2025-01-02,75.200
2025-01-03,76.520
2025-01-06,76.560
2025-01-07,76.320
2025-01-08,77.660
2025-01-09,76.445
2025-01-10,77.940
2025-01-13,82.390
2025-01-14,82.250
2025-01-15,82.255
2025-01-16,84.550
2025-01-17,84.600
2025-01-20,83.550
2025-01-21,83.070
2025-01-22,82.200
2025-01-23,82.120
2025-01-24,81.840
2025-01-27,81.580
2025-01-28,81.250
2025-01-29,81.250
2025-01-30,81.250
2025-01-31,79.895
2025-02-03,79.060
2025-02-04,77.445
2025-02-05,78.410
2025-02-06,77.440
2025-02-07,77.790
2025-02-10,77.990
2025-02-11,79.290
2025-02-12,79.040
2025-02-13,76.990
2025-02-14,77.750
2025-02-17,77.550
2025-02-18,77.890
2025-02-19,79.390
2025-02-20,78.945
2025-02-21,78.840
2025-02-24,77.000
2025-02-25,77.795
2025-02-26,76.290
2025-02-27,76.000
2025-02-28,77.500
2025-03-03,73.250
2025-03-04,70.450
2025-03-05,71.400
2025-03-06,70.240
2025-03-07,70.850
2025-03-10,71.405
2025-03-11,70.510
2025-03-12,70.650
2025-03-13,72.060
2025-03-14,71.550
2025-03-17,72.240
2025-03-18,73.050
2025-03-19,71.900
2025-03-20,72.925
2025-03-21,73.800
2025-03-24,73.450
2025-03-25,74.680
2025-03-26,74.680
2025-03-27,74.810
2025-03-28,75.850
2025-03-31,75.850
2025-04-01,75.950
2025-04-02,76.140
2025-04-03,75.100
2025-04-04,70.500
2025-04-07,64.550
2025-04-08,65.200
2025-04-09,61.900
2025-04-10,65.400
2025-04-11,64.900
2025-04-14,66.230
2025-04-15,66.590
2025-04-16,66.650
2025-04-17,68.150
2025-04-18,68.150
2025-04-21,68.430
2025-04-22,68.500
2025-04-23,69.490
2025-04-24,67.590
2025-04-25,67.200
2025-04-28,66.840
2025-04-29,64.640
2025-04-30,62.545
2025-05-01,62.545
2025-05-02,62.020
2025-05-05,59.550
2025-05-06,61.690
2025-05-07,63.640
2025-05-08,62.150
2025-05-09,63.890
2025-05-12,63.890
2025-05-13,65.250
2025-05-14,66.000
2025-05-15,63.710
2025-05-16,63.790
2025-05-19,64.260
2025-05-20,65.010
2025-05-21,66.050
2025-05-22,63.720
2025-05-23,63.200
2025-05-26,63.750
2025-05-27,64.010
2025-05-28,63.790
2025-05-29,65.330
2025-05-30,63.845
2025-06-02,63.960
2025-06-03,64.240
2025-06-04,64.640
2025-06-05,64.050
2025-06-06,64.440
2025-06-09,65.800
2025-06-10,66.850
2025-06-11,66.620
2025-06-12,68.590
2025-06-13,72.500
2025-06-16,72.890
2025-06-17,73.655
2025-06-18,75.520
2025-06-19,76.900
2025-06-20,76.850
2025-06-23,75.720
2025-06-24,68.755
2025-06-25,67.810
2025-06-26,67.650
2025-06-27,68.440
2025-06-30,68.755
2025-07-01,68.150
2025-07-02,68.600
2025-07-03,69.610
2025-07-04,69.560
2025-07-07,69.440
2025-07-08,70.460
2025-07-09,71.800
2025-07-10,71.250
2025-07-11,70.050
2025-07-14,72.190
2025-07-15,70.100
2025-07-16,69.890
2025-07-17,69.555
2025-07-18,70.780
2025-07-21,70.800
2025-07-22,70.520
2025-07-23,70.400
2025-07-24,71.170
2025-07-25,71.790
2025-07-28,71.105
2025-07-29,72.500
2025-07-30,74.950
2025-07-31,75.250
2025-08-01,73.740
2025-08-04,71.170
2025-08-05,70.330
2025-08-06,70.350
2025-08-07,69.330
2025-08-08,68.500
2025-08-11,68.030
2025-08-12,68.500
2025-08-13,67.390
2025-08-14,67.700
2025-08-15,68.195
2025-08-18,67.650
2025-08-19,68.040
2025-08-20,68.800
2025-08-21,69.660
2025-08-22,69.900
2025-08-25,70.000
2025-08-26,70.350
2025-08-27,69.250
2025-08-28,69.700
2025-08-29,70.500
2025-09-01,70.710
2025-09-02,71.710
2025-09-03,71.525
2025-09-04,69.480
2025-09-05,69.200
2025-09-08,69.200
2025-09-09,69.720
2025-09-10,70.400
2025-09-11,70.700
2025-09-12,69.510
2025-09-15,70.890
2025-09-16,70.250
2025-09-17,70.690
2025-09-18,70.440
2025-09-19,69.330
2025-09-22,68.600
2025-09-23,68.240
2025-09-24,69.870
2025-09-25,70.550
2025-09-26,70.640
2025-09-29,69.250
2025-09-30,69.340
2025-10-01,66.550
2025-10-02,65.290
2025-10-03,64.690
2025-10-06,65.620
2025-10-07,65.660
2025-10-08,65.850
2025-10-09,66.440
2025-10-10,64.890
2025-10-13,63.450
2025-10-14,62.520
2025-10-15,62.530
2025-10-16,62.440
2025-10-17,61.320
2025-10-20,61.810
2025-10-21,61.810
2025-10-22,63.480
2025-10-23,67.750
2025-10-24,68.840
2025-10-27,67.660
2025-10-28,64.960
2025-10-29,64.160
2025-10-30,66.420
2025-10-31,67.650
2025-11-03,66.700
2025-11-04,65.380
2025-11-05,65.605
2025-11-06,64.650
2025-11-07,64.950
2025-11-10,65.340
2025-11-11,64.960
2025-11-12,65.840
2025-11-13,63.595
2025-11-14,64.750
2025-11-17,64.640
2025-11-18,64.500
2025-11-19,64.740
2025-11-20,64.400
2025-11-21,62.690
2025-11-24,62.650
2025-11-25,63.370
2025-11-26,62.825
2025-11-27,63.730
2025-11-28,64.140
2025-12-01,64.240
2025-12-02,63.760
2025-12-03,63.400
2025-12-04,63.500
2025-12-05,63.860
2025-12-08,64.360
2025-12-09,62.680
2025-12-10,62.190
2025-12-11,61.570
2025-12-12,61.750
2025-12-15,61.250
2025-12-16,59.930
2025-12-17,59.720
2025-12-18,60.320
2025-12-19,60.010
2025-12-22,61.200
2025-12-23,62.150
2025-12-24,62.350
2025-12-25,62.350
2025-12-26,62.220
2025-12-29,61.250
2025-12-30,61.730
2025-12-31,61.570
2026-01-01,61.570
2026-01-02,60.310
2026-01-05,58.250
2026-01-06,59.400
2026-01-07,58.300
2026-01-08,58.320
2026-01-09,60.800
2026-01-12,61.405
2026-01-13,61.760
2026-01-14,62.410
2026-01-15,62.550
2026-01-16,62.280
2026-01-19,61.950
2026-01-20,61.800
2026-01-21,62.340
2026-01-22,63.210
2026-01-23,62.270
2026-01-26,63.555
2026-01-27,62.880
2026-01-28,64.660
2026-01-29,66.350
2026-01-30,66.540
2026-02-02,64.990
2026-02-03,65.095
2026-02-04,66.785
2026-02-05,67.430
2026-02-06,67.740
2026-02-09,66.795
2026-02-10,66.795
