date,LLCC.01
2008-01-01,93.850
2008-01-02,97.840
2008-01-03,97.600
2008-01-04,96.790
2008-01-07,94.390
2008-01-08,95.540
2008-01-09,94.370
2008-01-10,92.220
2008-01-11,91.070
2008-01-14,92.920
2008-01-15,90.980
2008-01-16,89.750
2008-01-17,88.750
2008-01-18,89.230
2008-01-21,87.510
2008-01-22,88.450
2008-01-23,86.620
2008-01-24,89.070
2008-01-25,90.900
2008-01-28,91.380
2008-01-29,92.000
2008-01-30,92.530
2008-01-31,92.210
2008-02-01,89.440
2008-02-04,90.470
2008-02-05,88.820
2008-02-06,87.780
2008-02-07,88.510
2008-02-08,91.940
2008-02-11,93.530
2008-02-12,92.860
2008-02-13,93.320
2008-02-14,95.090
2008-02-15,94.630
2008-02-18,94.910
2008-02-19,98.560
2008-02-20,98.420
2008-02-21,96.240
2008-02-22,97.010
2008-02-25,97.690
2008-02-26,99.470
2008-02-27,98.270
2008-02-28,100.900
2008-02-29,100.100
2008-03-03,100.480
2008-03-04,97.520
2008-03-05,101.640
2008-03-06,102.610
2008-03-07,102.380
2008-03-10,104.160
2008-03-11,105.250
2008-03-12,106.270
2008-03-13,107.540
2008-03-14,107.550
2008-03-17,101.750
2008-03-18,105.560
2008-03-19,100.720
2008-03-20,100.380
2008-03-21,100.380
2008-03-24,99.860
2008-03-25,100.600
2008-03-26,103.990
2008-03-27,105.000
2008-03-28,103.770
2008-03-31,100.300
2008-04-01,100.170
2008-04-02,103.750
2008-04-03,102.520
2008-04-04,104.900
2008-04-07,107.140
2008-04-08,106.340
2008-04-09,108.470
2008-04-10,108.200
2008-04-11,108.750
2008-04-14,109.840
2008-04-15,111.310
2008-04-16,112.660
2008-04-17,112.430
2008-04-18,113.920
2008-04-21,114.430
2008-04-22,115.950
2008-04-23,116.460
2008-04-24,114.340
2008-04-25,116.340
2008-04-28,116.740
2008-04-29,113.430
2008-04-30,111.360
2008-05-01,110.500
2008-05-02,114.560
2008-05-05,117.990
2008-05-06,120.310
2008-05-07,122.320
2008-05-08,122.840
2008-05-09,125.400
2008-05-12,122.910
2008-05-13,124.100
2008-05-14,121.860
2008-05-15,121.250
2008-05-16,124.990
2008-05-19,125.060
2008-05-20,127.840
2008-05-21,132.700
2008-05-22,130.510
2008-05-23,131.570
2008-05-26,132.370
2008-05-27,128.310
2008-05-28,130.930
2008-05-29,126.890
2008-05-30,127.780
2008-06-02,128.020
2008-06-03,124.580
2008-06-04,122.100
2008-06-05,127.540
2008-06-06,137.690
2008-06-09,133.910
2008-06-10,131.020
2008-06-11,135.020
2008-06-12,136.090
2008-06-13,134.250
2008-06-16,134.710
2008-06-17,133.720
2008-06-18,136.440
2008-06-19,132.000
2008-06-20,134.860
2008-06-23,135.910
2008-06-24,136.460
2008-06-25,134.330
2008-06-26,139.830
2008-06-27,140.310
2008-06-30,139.830
2008-07-01,140.670
2008-07-02,144.260
2008-07-03,146.080
2008-07-04,144.420
2008-07-07,141.870
2008-07-08,136.430
2008-07-09,136.580
2008-07-10,142.030
2008-07-11,144.490
2008-07-14,143.920
2008-07-15,138.750
2008-07-16,136.190
2008-07-17,131.070
2008-07-18,130.190
2008-07-21,132.610
2008-07-22,129.550
2008-07-23,125.290
2008-07-24,126.440
2008-07-25,124.520
2008-07-28,125.840
2008-07-29,122.710
2008-07-30,127.100
2008-07-31,123.980
2008-08-01,124.180
2008-08-04,120.680
2008-08-05,117.700
2008-08-06,117.000
2008-08-07,117.860
2008-08-08,113.330
2008-08-11,112.670
2008-08-12,111.150
2008-08-13,113.470
2008-08-14,112.640
2008-08-15,112.550
2008-08-18,111.940
2008-08-19,113.250
2008-08-20,114.360
2008-08-21,120.160
2008-08-22,113.920
2008-08-25,114.030
2008-08-26,114.630
2008-08-27,116.220
2008-08-28,114.170
2008-08-29,114.050
2008-09-01,109.410
2008-09-02,108.340
2008-09-03,108.060
2008-09-04,106.300
2008-09-05,104.090
2008-09-08,103.440
2008-09-09,100.340
2008-09-10,98.970
2008-09-11,97.640
2008-09-12,97.580
2008-09-15,92.380
2008-09-16,89.220
2008-09-17,94.840
2008-09-18,95.190
2008-09-19,99.610
2008-09-22,106.040
2008-09-23,103.080
2008-09-24,102.450
2008-09-25,104.600
2008-09-26,103.540
2008-09-29,93.980
2008-09-30,98.170
2008-10-01,95.330
2008-10-02,90.560
2008-10-03,90.250
2008-10-06,83.680
2008-10-07,84.660
2008-10-08,84.360
2008-10-09,82.660
2008-10-10,74.090
2008-10-13,77.460
2008-10-14,74.530
2008-10-15,70.800
2008-10-16,66.320
2008-10-17,69.600
2008-10-20,72.030
2008-10-21,69.720
2008-10-22,64.520
2008-10-23,65.920
2008-10-24,62.050
2008-10-27,61.410
2008-10-28,60.290
2008-10-29,65.470
2008-10-30,63.710
2008-10-31,65.320
2008-11-03,60.480
2008-11-04,66.440
2008-11-05,61.870
2008-11-06,57.430
2008-11-07,57.350
2008-11-10,59.080
2008-11-11,55.710
2008-11-12,52.370
2008-11-13,51.990
2008-11-14,54.240
2008-11-17,52.310
2008-11-18,51.840
2008-11-19,51.720
2008-11-20,48.080
2008-11-21,49.190
2008-11-24,53.930
2008-11-25,50.350
2008-11-26,53.920
2008-11-27,53.130
2008-11-28,53.490
2008-12-01,47.970
2008-12-02,45.440
2008-12-03,45.440
2008-12-04,42.280
2008-12-05,39.740
2008-12-08,43.420
2008-12-09,41.530
2008-12-10,42.400
2008-12-11,47.390
2008-12-12,46.410
2008-12-15,44.600
2008-12-16,44.560
2008-12-17,45.530
2008-12-18,43.360
2008-12-19,44.000
2008-12-22,41.450
2008-12-23,40.360
2008-12-24,36.610
2008-12-25,36.610
2008-12-26,38.370
2008-12-29,40.550
2008-12-30,40.150
2008-12-31,45.590
2009-01-01,45.590
2009-01-02,46.910
2009-01-05,49.620
2009-01-06,50.530
2009-01-07,45.860
2009-01-08,44.670
2009-01-09,44.420
2009-01-12,42.910
2009-01-13,44.830
2009-01-14,45.080
2009-01-15,44.690
2009-01-16,46.570
2009-01-19,44.500
2009-01-20,43.620
2009-01-21,45.020
2009-01-22,45.390
2009-01-23,48.370
2009-01-26,46.960
2009-01-27,43.730
2009-01-28,44.900
2009-01-29,45.400
2009-01-30,45.880
2009-02-02,43.820
2009-02-03,44.080
2009-02-04,44.150
2009-02-05,46.460
2009-02-06,46.210
2009-02-09,46.020
2009-02-10,44.610
2009-02-11,44.280
2009-02-12,44.650
2009-02-13,44.810
2009-02-16,43.280
2009-02-17,41.030
2009-02-18,39.550
2009-02-19,41.990
2009-02-20,41.890
2009-02-23,40.990
2009-02-24,42.500
2009-02-25,44.290
2009-02-26,46.510
2009-02-27,46.350
2009-03-02,42.210
2009-03-03,43.700
2009-03-04,46.120
2009-03-05,43.640
2009-03-06,44.850
2009-03-09,44.130
2009-03-10,43.960
2009-03-11,41.400
2009-03-12,45.090
2009-03-13,44.930
2009-03-16,43.980
2009-03-17,48.240
2009-03-18,47.660
2009-03-19,50.670
2009-03-20,51.220
2009-03-23,53.470
2009-03-24,53.500
2009-03-25,51.750
2009-03-26,53.460
2009-03-27,51.980
2009-03-30,47.990
2009-03-31,49.230
2009-04-01,48.440
2009-04-02,52.750
2009-04-03,53.470
2009-04-06,52.240
2009-04-07,51.220
2009-04-08,51.590
2009-04-09,54.060
2009-04-10,54.060
2009-04-13,52.140
2009-04-14,51.960
2009-04-15,51.790
2009-04-16,53.060
2009-04-17,53.350
2009-04-20,49.860
2009-04-21,49.820
2009-04-22,49.810
2009-04-23,50.110
2009-04-24,51.670
2009-04-27,50.320
2009-04-28,49.990
2009-04-29,50.780
2009-04-30,50.800
2009-05-01,52.850
2009-05-04,54.580
2009-05-05,54.120
2009-05-06,56.150
2009-05-07,56.470
2009-05-08,58.140
2009-05-11,57.480
2009-05-12,57.940
2009-05-13,57.340
2009-05-14,56.690
2009-05-15,55.980
2009-05-18,58.470
2009-05-19,58.920
2009-05-20,60.590
2009-05-21,59.930
2009-05-22,60.780
2009-05-25,60.210
2009-05-26,61.240
2009-05-27,62.500
2009-05-28,64.390
2009-05-29,65.520
2009-06-01,67.970
2009-06-02,68.170
2009-06-03,65.880
2009-06-04,68.710
2009-06-05,68.340
2009-06-08,67.880
2009-06-09,69.620
2009-06-10,70.800
2009-06-11,71.790
2009-06-12,70.920
2009-06-15,69.440
2009-06-16,70.240
2009-06-17,70.850
2009-06-18,71.060
2009-06-19,69.190
2009-06-22,66.980
2009-06-23,68.800
2009-06-24,68.330
2009-06-25,69.780
2009-06-26,68.920
2009-06-29,70.990
2009-06-30,69.300
2009-07-01,68.790
2009-07-02,66.650
2009-07-03,65.610
2009-07-06,64.050
2009-07-07,63.230
2009-07-08,60.430
2009-07-09,61.100
2009-07-10,60.520
2009-07-13,60.690
2009-07-14,60.860
2009-07-15,63.090
2009-07-16,62.750
2009-07-17,65.380
2009-07-20,66.440
2009-07-21,66.870
2009-07-22,67.210
2009-07-23,69.250
2009-07-24,70.320
2009-07-27,70.810
2009-07-28,69.880
2009-07-29,66.530
2009-07-30,70.110
2009-07-31,71.700
2009-08-03,73.550
2009-08-04,74.280
2009-08-05,75.510
2009-08-06,74.830
2009-08-07,73.590
2009-08-10,73.500
2009-08-11,72.460
2009-08-12,72.890
2009-08-13,73.480
2009-08-14,72.410
2009-08-17,70.540
2009-08-18,72.370
2009-08-19,74.590
2009-08-20,73.330
2009-08-21,74.190
2009-08-24,74.260
2009-08-25,71.820
2009-08-26,71.650
2009-08-27,72.510
2009-08-28,72.790
2009-08-31,69.650
2009-09-01,67.730
2009-09-02,67.660
2009-09-03,67.120
2009-09-04,66.820
2009-09-07,66.530
2009-09-08,69.420
2009-09-09,69.830
2009-09-10,69.860
2009-09-11,67.690
2009-09-14,67.440
2009-09-15,67.350
2009-09-16,71.670
2009-09-17,71.550
2009-09-18,71.320
2009-09-21,68.690
2009-09-22,70.530
2009-09-23,67.990
2009-09-24,64.820
2009-09-25,65.110
2009-09-28,65.540
2009-09-29,65.490
2009-09-30,69.070
2009-10-01,69.190
2009-10-02,68.070
2009-10-05,68.040
2009-10-06,68.560
2009-10-07,67.200
2009-10-08,69.770
2009-10-09,70.000
2009-10-12,71.360
2009-10-13,72.400
2009-10-14,73.100
2009-10-15,74.450
2009-10-16,76.990
2009-10-19,77.770
2009-10-20,77.240
2009-10-21,79.690
2009-10-22,79.510
2009-10-23,78.920
2009-10-26,77.260
2009-10-27,77.920
2009-10-28,75.860
2009-10-29,78.040
2009-10-30,75.200
2009-11-02,76.550
2009-11-03,78.110
2009-11-04,78.890
2009-11-05,77.990
2009-11-06,75.870
2009-11-09,77.770
2009-11-10,77.500
2009-11-11,77.950
2009-11-12,76.020
2009-11-13,75.550
2009-11-16,78.760
2009-11-17,78.970
2009-11-18,79.470
2009-11-19,77.640
2009-11-20,77.200
2009-11-23,77.460
2009-11-24,76.460
2009-11-25,78.440
2009-11-26,76.990
2009-11-27,77.180
2009-11-30,78.470
2009-12-01,79.350
2009-12-02,77.880
2009-12-03,78.360
2009-12-04,77.520
2009-12-07,76.430
2009-12-08,75.190
2009-12-09,72.390
2009-12-10,71.860
2009-12-11,71.880
2009-12-14,71.890
2009-12-15,72.050
2009-12-16,73.550
2009-12-17,73.370
2009-12-18,73.750
2009-12-21,72.990
2009-12-22,73.460
2009-12-23,75.450
2009-12-24,76.310
2009-12-25,76.310
2009-12-28,77.320
2009-12-29,77.640
2009-12-30,78.030
2009-12-31,77.930
2010-01-01,77.930
2010-01-04,80.120
2010-01-05,80.590
2010-01-06,81.890
2010-01-07,81.510
2010-01-08,81.370
2010-01-11,80.970
2010-01-12,79.300
2010-01-13,78.310
2010-01-14,77.820
2010-01-15,77.110
2010-01-18,77.100
2010-01-19,77.630
2010-01-20,76.320
2010-01-21,74.580
2010-01-22,72.830
2010-01-25,73.690
2010-01-26,73.290
2010-01-27,72.240
2010-01-28,72.130
2010-01-29,71.460
2010-02-01,73.110
2010-02-02,76.060
2010-02-03,75.920
2010-02-04,72.130
2010-02-05,69.590
2010-02-08,70.110
2010-02-09,72.130
2010-02-10,72.540
2010-02-11,73.050
2010-02-12,72.900
2010-02-15,72.510
2010-02-16,75.680
2010-02-17,76.270
2010-02-18,77.780
2010-02-19,78.190
2010-02-22,78.610
2010-02-23,77.250
2010-02-24,78.090
2010-02-25,76.290
2010-02-26,77.590
2010-03-01,76.890
2010-03-02,78.180
2010-03-03,79.250
2010-03-04,78.540
2010-03-05,79.890
2010-03-08,80.470
2010-03-09,79.910
2010-03-10,80.480
2010-03-11,80.280
2010-03-12,79.390
2010-03-15,77.890
2010-03-16,79.020
2010-03-17,81.960
2010-03-18,81.480
2010-03-19,79.880
2010-03-22,80.540
2010-03-23,80.700
2010-03-24,79.620
2010-03-25,79.610
2010-03-26,79.290
2010-03-29,81.170
2010-03-30,81.280
2010-03-31,82.700
2010-04-01,84.010
2010-04-02,84.010
2010-04-05,85.880
2010-04-06,86.150
2010-04-07,85.590
2010-04-08,84.810
2010-04-09,84.830
2010-04-12,84.770
2010-04-13,84.720
2010-04-14,86.150
2010-04-15,87.170
2010-04-16,85.990
2010-04-19,84.230
2010-04-20,84.800
2010-04-21,85.700
2010-04-22,85.670
2010-04-23,87.250
2010-04-26,86.830
2010-04-27,85.780
2010-04-28,86.160
2010-04-29,86.900
2010-04-30,87.440
2010-05-03,88.940
2010-05-04,85.670
2010-05-05,82.610
2010-05-06,79.830
2010-05-07,78.270
2010-05-10,80.120
2010-05-11,80.490
2010-05-12,81.200
2010-05-13,80.110
2010-05-14,77.180
2010-05-17,75.100
2010-05-18,74.430
2010-05-19,73.690
2010-05-20,71.840
2010-05-21,71.680
2010-05-24,71.170
2010-05-25,69.550
2010-05-26,71.740
2010-05-27,74.660
2010-05-28,74.020
2010-05-31,74.650
2010-06-01,72.710
2010-06-02,73.750
2010-06-03,75.410
2010-06-04,72.090
2010-06-07,72.120
2010-06-08,72.300
2010-06-09,74.270
2010-06-10,75.290
2010-06-11,74.350
2010-06-14,75.200
2010-06-15,76.200
2010-06-16,78.140
2010-06-17,78.680
2010-06-18,78.220
2010-06-21,78.820
2010-06-22,78.040
2010-06-23,76.270
2010-06-24,76.470
2010-06-25,78.120
2010-06-28,77.590
2010-06-29,75.440
2010-06-30,75.010
2010-07-01,72.340
2010-07-02,71.650
2010-07-05,71.470
2010-07-06,71.450
2010-07-07,73.510
2010-07-08,74.710
2010-07-09,75.420
2010-07-12,74.370
2010-07-13,76.650
2010-07-14,76.770
2010-07-15,76.190
2010-07-16,75.370
2010-07-19,75.620
2010-07-20,76.220
2010-07-21,75.370
2010-07-22,77.820
2010-07-23,77.450
2010-07-26,77.500
2010-07-27,76.130
2010-07-28,76.060
2010-07-29,77.590
2010-07-30,78.180
2010-08-02,80.820
2010-08-03,82.680
2010-08-04,82.200
2010-08-05,81.610
2010-08-06,80.160
2010-08-09,80.990
2010-08-10,79.600
2010-08-11,77.640
2010-08-12,75.520
2010-08-13,75.110
2010-08-16,74.850
2010-08-17,76.930
2010-08-18,76.470
2010-08-19,75.300
2010-08-20,74.260
2010-08-23,73.620
2010-08-24,72.380
2010-08-25,73.480
2010-08-26,75.020
2010-08-27,76.650
2010-08-30,76.600
2010-08-31,74.640
2010-09-01,76.350
2010-09-02,76.930
2010-09-03,76.670
2010-09-06,76.870
2010-09-07,77.740
2010-09-08,78.170
2010-09-09,77.470
2010-09-10,78.160
2010-09-13,79.030
2010-09-14,79.160
2010-09-15,78.910
2010-09-16,78.480
2010-09-17,78.210
2010-09-20,79.320
2010-09-21,78.420
2010-09-22,77.950
2010-09-23,78.110
2010-09-24,78.870
2010-09-27,78.570
2010-09-28,78.710
2010-09-29,80.770
2010-09-30,82.310
2010-10-01,83.750
2010-10-04,83.280
2010-10-05,84.840
2010-10-06,85.060
2010-10-07,83.430
2010-10-08,84.030
2010-10-11,83.720
2010-10-12,83.500
2010-10-13,84.640
2010-10-14,84.530
2010-10-15,82.450
2010-10-18,84.370
2010-10-19,81.100
2010-10-20,83.600
2010-10-21,81.830
2010-10-22,82.960
2010-10-25,83.540
2010-10-26,83.660
2010-10-27,83.230
2010-10-28,83.590
2010-10-29,83.150
2010-11-01,84.620
2010-11-02,85.410
2010-11-03,86.380
2010-11-04,88.000
2010-11-05,88.110
2010-11-08,88.460
2010-11-09,88.330
2010-11-10,88.960
2010-11-11,88.810
2010-11-12,86.340
2010-11-15,86.700
2010-11-16,84.730
2010-11-17,83.280
2010-11-18,85.050
2010-11-19,84.340
2010-11-22,83.960
2010-11-23,83.250
2010-11-24,85.840
2010-11-25,86.100
2010-11-26,85.580
2010-11-29,87.340
2010-11-30,85.920
2010-12-01,88.870
2010-12-02,90.690
2010-12-03,91.420
2010-12-06,91.450
2010-12-07,91.390
2010-12-08,90.770
2010-12-09,90.990
2010-12-10,90.480
2010-12-13,91.190
2010-12-14,91.210
2010-12-15,92.200
2010-12-16,91.710
2010-12-17,91.670
2010-12-20,92.740
2010-12-21,93.200
2010-12-22,93.650
2010-12-23,94.250
2010-12-24,93.770
2010-12-27,93.850
2010-12-28,94.380
2010-12-29,94.140
2010-12-30,93.090
2010-12-31,94.750
2011-01-03,94.840
2011-01-04,93.530
2011-01-05,95.500
2011-01-06,94.520
2011-01-07,93.330
2011-01-10,95.700
2011-01-11,97.610
2011-01-12,98.120
2011-01-13,98.060
2011-01-14,98.680
2011-01-17,97.430
2011-01-18,97.800
2011-01-19,98.160
2011-01-20,96.580
2011-01-21,97.600
2011-01-24,96.610
2011-01-25,95.250
2011-01-26,97.910
2011-01-27,97.390
2011-01-28,99.420
2011-01-31,101.010
2011-02-01,101.740
2011-02-02,102.340
2011-02-03,101.760
2011-02-04,99.830
2011-02-07,99.250
2011-02-08,99.920
2011-02-09,101.820
2011-02-10,100.870
2011-02-11,101.430
2011-02-14,103.080
2011-02-15,101.640
2011-02-16,103.780
2011-02-17,102.590
2011-02-18,102.520
2011-02-21,105.740
2011-02-22,105.780
2011-02-23,111.250
2011-02-24,111.360
2011-02-25,112.140
2011-02-28,111.800
2011-03-01,115.420
2011-03-02,116.350
2011-03-03,114.790
2011-03-04,115.970
2011-03-07,115.040
2011-03-08,113.060
2011-03-09,115.940
2011-03-10,115.430
2011-03-11,113.840
2011-03-14,113.670
2011-03-15,108.520
2011-03-16,110.620
2011-03-17,114.900
2011-03-18,113.930
2011-03-21,114.960
2011-03-22,115.700
2011-03-23,115.550
2011-03-24,115.720
2011-03-25,115.590
2011-03-28,114.800
2011-03-29,115.160
2011-03-30,115.130
2011-03-31,117.360
2011-04-01,118.700
2011-04-04,121.060
2011-04-05,122.220
2011-04-06,122.300
2011-04-07,122.670
2011-04-08,126.650
2011-04-11,123.980
2011-04-12,120.920
2011-04-13,122.880
2011-04-14,122.360
2011-04-15,123.450
2011-04-18,121.610
2011-04-19,121.330
2011-04-20,123.850
2011-04-21,123.990
2011-04-22,123.990
2011-04-25,123.660
2011-04-26,124.140
2011-04-27,125.130
2011-04-28,125.020
2011-04-29,125.890
2011-05-02,125.120
2011-05-03,122.450
2011-05-04,121.190
2011-05-05,110.800
2011-05-06,109.130
2011-05-09,115.900
2011-05-10,117.630
2011-05-11,112.570
2011-05-12,112.980
2011-05-13,113.830
2011-05-16,112.730
2011-05-17,109.990
2011-05-18,112.300
2011-05-19,111.420
2011-05-20,112.390
2011-05-23,110.100
2011-05-24,112.530
2011-05-25,114.930
2011-05-26,115.050
2011-05-27,115.030
2011-05-30,114.680
2011-05-31,116.730
2011-06-01,114.530
2011-06-02,115.540
2011-06-03,115.840
2011-06-06,114.480
2011-06-07,116.780
2011-06-08,117.850
2011-06-09,119.570
2011-06-10,118.780
2011-06-13,119.100
2011-06-14,120.160
2011-06-15,117.100
2011-06-16,114.020
2011-06-17,113.210
2011-06-20,111.690
2011-06-21,110.950
2011-06-22,114.210
2011-06-23,107.260
2011-06-24,105.120
2011-06-27,105.990
2011-06-28,108.780
2011-06-29,112.400
2011-06-30,112.480
2011-07-01,111.770
2011-07-04,111.390
2011-07-05,113.610
2011-07-06,113.620
2011-07-07,118.590
2011-07-08,118.330
2011-07-11,117.240
2011-07-12,117.750
2011-07-13,118.780
2011-07-14,118.320
2011-07-15,117.260
2011-07-18,116.050
2011-07-19,117.060
2011-07-20,118.150
2011-07-21,117.510
2011-07-22,118.670
2011-07-25,117.940
2011-07-26,118.280
2011-07-27,117.430
2011-07-28,117.360
2011-07-29,116.740
2011-08-01,116.810
2011-08-02,116.460
2011-08-03,113.230
2011-08-04,107.250
2011-08-05,109.370
2011-08-08,103.740
2011-08-09,102.570
2011-08-10,106.680
2011-08-11,108.020
2011-08-12,108.030
2011-08-15,109.910
2011-08-16,109.470
2011-08-17,110.600
2011-08-18,106.990
2011-08-19,108.620
2011-08-22,108.360
2011-08-23,109.310
2011-08-24,110.150
2011-08-25,110.620
2011-08-26,111.360
2011-08-29,111.880
2011-08-30,114.020
2011-08-31,114.850
2011-09-01,114.290
2011-09-02,112.330
2011-09-05,110.080
2011-09-06,112.890
2011-09-07,115.800
2011-09-08,114.550
2011-09-09,112.770
2011-09-12,112.250
2011-09-13,111.890
2011-09-14,112.400
2011-09-15,115.340
2011-09-16,112.220
2011-09-19,109.140
2011-09-20,110.540
2011-09-21,110.360
2011-09-22,105.490
2011-09-23,103.970
2011-09-26,103.940
2011-09-27,107.140
2011-09-28,103.810
2011-09-29,103.950
2011-09-30,102.760
2011-10-03,101.710
2011-10-04,99.790
2011-10-05,102.730
2011-10-06,105.730
2011-10-07,105.880
2011-10-10,108.950
2011-10-11,110.730
2011-10-12,111.360
2011-10-13,111.110
2011-10-14,114.680
2011-10-17,110.160
2011-10-18,111.150
2011-10-19,108.390
2011-10-20,109.760
2011-10-21,109.560
2011-10-24,111.450
2011-10-25,110.920
2011-10-26,108.910
2011-10-27,112.080
2011-10-28,109.910
2011-10-31,109.560
2011-11-01,109.540
2011-11-02,109.340
2011-11-03,110.830
2011-11-04,111.970
2011-11-07,114.560
2011-11-08,115.000
2011-11-09,112.310
2011-11-10,113.710
2011-11-11,114.160
2011-11-14,111.890
2011-11-15,112.390
2011-11-16,111.880
2011-11-17,108.220
2011-11-18,107.560
2011-11-21,106.880
2011-11-22,109.030
2011-11-23,107.020
2011-11-24,107.780
2011-11-25,106.400
2011-11-28,109.000
2011-11-29,110.820
2011-11-30,110.520
2011-12-01,108.990
2011-12-02,109.940
2011-12-05,109.810
2011-12-06,110.810
2011-12-07,109.530
2011-12-08,108.110
2011-12-09,108.620
2011-12-12,107.260
2011-12-13,109.500
2011-12-14,105.020
2011-12-15,105.090
2011-12-16,103.350
2011-12-19,103.640
2011-12-20,106.730
2011-12-21,107.710
2011-12-22,107.890
2011-12-23,107.960
2011-12-26,107.960
2011-12-27,109.270
2011-12-28,107.560
2011-12-29,108.010
2011-12-30,107.380
2012-01-02,107.380
2012-01-03,112.130
2012-01-04,113.700
2012-01-05,112.740
2012-01-06,113.060
2012-01-09,112.450
2012-01-10,113.280
2012-01-11,112.240
2012-01-12,111.260
2012-01-13,110.440
2012-01-16,111.200
2012-01-17,111.530
2012-01-18,110.660
2012-01-19,111.550
2012-01-20,109.860
2012-01-23,110.580
2012-01-24,110.030
2012-01-25,109.810
2012-01-26,110.790
2012-01-27,111.460
2012-01-30,110.750
2012-01-31,110.980
2012-02-01,111.560
2012-02-02,112.070
2012-02-03,114.580
2012-02-06,115.930
2012-02-07,116.230
2012-02-08,117.200
2012-02-09,118.590
2012-02-10,117.310
2012-02-13,117.930
2012-02-14,118.160
2012-02-15,118.930
2012-02-16,120.110
2012-02-17,119.580
2012-02-20,120.050
2012-02-21,121.660
2012-02-22,122.900
2012-02-23,123.620
2012-02-24,125.470
2012-02-27,124.170
2012-02-28,121.550
2012-02-29,122.660
2012-03-01,126.200
2012-03-02,123.650
2012-03-05,123.800
2012-03-06,121.980
2012-03-07,124.120
2012-03-08,125.440
2012-03-09,125.980
2012-03-12,125.340
2012-03-13,126.220
2012-03-14,124.970
2012-03-15,123.550
2012-03-16,125.810
2012-03-19,125.710
2012-03-20,124.120
2012-03-21,124.200
2012-03-22,123.140
2012-03-23,125.130
2012-03-26,125.650
2012-03-27,125.540
2012-03-28,124.160
2012-03-29,122.390
2012-03-30,122.880
2012-04-02,125.430
2012-04-03,124.860
2012-04-04,122.340
2012-04-05,123.430
2012-04-06,123.430
2012-04-09,122.670
2012-04-10,119.880
2012-04-11,120.180
2012-04-12,121.710
2012-04-13,121.830
2012-04-16,118.680
2012-04-17,118.780
2012-04-18,117.970
2012-04-19,118.000
2012-04-20,118.760
2012-04-23,118.710
2012-04-24,118.160
2012-04-25,119.120
2012-04-26,119.920
2012-04-27,119.830
2012-04-30,119.470
2012-05-01,119.660
2012-05-02,118.200
2012-05-03,116.080
2012-05-04,113.180
2012-05-07,113.160
2012-05-08,112.730
2012-05-09,113.200
2012-05-10,112.730
2012-05-11,112.260
2012-05-14,111.570
2012-05-15,112.240
2012-05-16,111.710
2012-05-17,107.490
2012-05-18,107.140
2012-05-21,108.810
2012-05-22,108.410
2012-05-23,105.560
2012-05-24,106.550
2012-05-25,106.830
2012-05-28,107.110
2012-05-29,106.680
2012-05-30,103.470
2012-05-31,101.870
2012-06-01,98.430
2012-06-04,98.850
2012-06-05,98.840
2012-06-06,100.640
2012-06-07,99.930
2012-06-08,99.470
2012-06-11,98.000
2012-06-12,97.140
2012-06-13,97.130
2012-06-14,97.030
2012-06-15,97.610
2012-06-18,96.050
2012-06-19,95.760
2012-06-20,92.690
2012-06-21,89.230
2012-06-22,90.980
2012-06-25,91.010
2012-06-26,93.020
2012-06-27,93.500
2012-06-28,91.360
2012-06-29,97.800
2012-07-02,97.340
2012-07-03,100.680
2012-07-04,99.770
2012-07-05,100.700
2012-07-06,98.190
2012-07-09,100.320
2012-07-10,97.970
2012-07-11,100.230
2012-07-12,101.070
2012-07-13,102.400
2012-07-16,103.550
2012-07-17,104.000
2012-07-18,105.160
2012-07-19,107.800
2012-07-20,106.830
2012-07-23,103.260
2012-07-24,103.420
2012-07-25,104.380
2012-07-26,105.260
2012-07-27,106.470
2012-07-30,106.200
2012-07-31,104.920
2012-08-01,105.960
2012-08-02,105.900
2012-08-03,108.940
2012-08-06,109.550
2012-08-07,112.000
2012-08-08,112.140
2012-08-09,113.220
2012-08-10,112.950
2012-08-13,113.600
2012-08-14,114.030
2012-08-15,116.250
2012-08-16,116.900
2012-08-17,113.710
2012-08-20,113.700
2012-08-21,114.640
2012-08-22,114.910
2012-08-23,115.010
2012-08-24,113.590
2012-08-27,112.260
2012-08-28,112.580
2012-08-29,112.540
2012-08-30,112.650
2012-08-31,114.570
2012-09-03,115.780
2012-09-04,114.180
2012-09-05,113.090
2012-09-06,113.490
2012-09-07,114.250
2012-09-10,114.810
2012-09-11,115.400
2012-09-12,115.960
2012-09-13,116.900
2012-09-14,116.660
2012-09-17,113.790
2012-09-18,112.030
2012-09-19,108.190
2012-09-20,110.030
2012-09-21,111.420
2012-09-24,109.810
2012-09-25,110.450
2012-09-26,110.040
2012-09-27,112.010
2012-09-28,112.390
2012-10-01,112.190
2012-10-02,111.570
2012-10-03,108.170
2012-10-04,112.580
2012-10-05,112.020
2012-10-08,111.820
2012-10-09,114.500
2012-10-10,114.330
2012-10-11,115.710
2012-10-12,114.620
2012-10-15,115.800
2012-10-16,115.070
2012-10-17,113.220
2012-10-18,112.420
2012-10-19,110.140
2012-10-22,109.440
2012-10-23,108.250
2012-10-24,107.850
2012-10-25,108.490
2012-10-26,109.550
2012-10-29,109.440
2012-10-30,109.080
2012-10-31,108.700
2012-11-01,108.170
2012-11-02,105.680
2012-11-05,107.730
2012-11-06,111.070
2012-11-07,106.820
2012-11-08,107.250
2012-11-09,109.400
2012-11-12,109.070
2012-11-13,108.260
2012-11-14,109.610
2012-11-15,110.980
2012-11-16,108.950
2012-11-19,111.700
2012-11-20,109.830
2012-11-21,110.860
2012-11-22,110.550
2012-11-23,111.380
2012-11-26,110.920
2012-11-27,109.870
2012-11-28,109.510
2012-11-29,110.760
2012-11-30,111.230
2012-12-03,110.920
2012-12-04,109.840
2012-12-05,108.810
2012-12-06,107.030
2012-12-07,107.020
2012-12-10,107.330
2012-12-11,108.010
2012-12-12,109.500
2012-12-13,107.910
2012-12-14,109.150
2012-12-17,107.640
2012-12-18,108.840
2012-12-19,110.360
2012-12-20,110.200
2012-12-21,108.970
2012-12-24,108.800
2012-12-25,108.800
2012-12-26,111.070
2012-12-27,110.800
2012-12-28,110.620
2012-12-31,111.110
2013-01-01,111.110
2013-01-02,112.470
2013-01-03,112.140
2013-01-04,111.310
2013-01-07,111.400
2013-01-08,111.940
2013-01-09,111.760
2013-01-10,111.890
2013-01-11,110.640
2013-01-14,111.880
2013-01-15,110.300
2013-01-16,110.610
2013-01-17,111.100
2013-01-18,111.890
2013-01-21,111.710
2013-01-22,112.420
2013-01-23,112.800
2013-01-24,113.280
2013-01-25,113.280
2013-01-28,113.480
2013-01-29,114.360
2013-01-30,114.900
2013-01-31,115.550
2013-02-01,116.760
2013-02-04,115.600
2013-02-05,116.520
2013-02-06,116.730
2013-02-07,117.240
2013-02-08,118.900
2013-02-11,118.130
2013-02-12,118.660
2013-02-13,118.720
2013-02-14,118.000
2013-02-15,117.660
2013-02-18,117.380
2013-02-19,117.520
2013-02-20,115.600
2013-02-21,113.530
2013-02-22,114.100
2013-02-25,114.440
2013-02-26,112.710
2013-02-27,111.870
2013-02-28,111.380
2013-03-01,110.400
2013-03-04,110.090
2013-03-05,111.610
2013-03-06,111.060
2013-03-07,111.150
2013-03-08,110.850
2013-03-11,110.220
2013-03-12,109.650
2013-03-13,108.520
2013-03-14,109.420
2013-03-15,109.820
2013-03-18,109.510
2013-03-19,107.450
2013-03-20,108.720
2013-03-21,107.470
2013-03-22,107.660
2013-03-25,108.170
2013-03-26,109.360
2013-03-27,109.690
2013-03-28,110.020
2013-03-29,110.020
2013-04-01,111.080
2013-04-02,110.690
2013-04-03,107.110
2013-04-04,106.340
2013-04-05,104.120
2013-04-08,104.660
2013-04-09,106.230
2013-04-10,105.790
2013-04-11,104.270
2013-04-12,103.110
2013-04-15,100.390
2013-04-16,99.910
2013-04-17,97.690
2013-04-18,99.130
2013-04-19,99.650
2013-04-22,100.390
2013-04-23,100.310
2013-04-24,101.730
2013-04-25,103.410
2013-04-26,103.160
2013-04-29,103.810
2013-04-30,102.370
2013-05-01,99.950
2013-05-02,102.850
2013-05-03,104.190
2013-05-06,105.460
2013-05-07,104.400
2013-05-08,104.340
2013-05-09,104.470
2013-05-10,103.910
2013-05-13,102.820
2013-05-14,102.600
2013-05-15,103.680
2013-05-16,103.800
2013-05-17,104.640
2013-05-20,104.800
2013-05-21,103.910
2013-05-22,102.600
2013-05-23,102.440
2013-05-24,102.640
2013-05-27,102.620
2013-05-28,104.230
2013-05-29,102.430
2013-05-30,102.190
2013-05-31,100.390
2013-06-03,102.060
2013-06-04,103.240
2013-06-05,103.040
2013-06-06,103.610
2013-06-07,104.560
2013-06-10,103.950
2013-06-11,102.960
2013-06-12,103.490
2013-06-13,104.250
2013-06-14,105.930
2013-06-17,105.470
2013-06-18,106.020
2013-06-19,106.120
2013-06-20,102.150
2013-06-21,100.910
2013-06-24,101.160
2013-06-25,101.260
2013-06-26,101.660
2013-06-27,102.820
2013-06-28,102.160
2013-07-01,103.000
2013-07-02,104.000
2013-07-03,105.760
2013-07-04,105.540
2013-07-05,107.720
2013-07-08,107.430
2013-07-09,107.810
2013-07-10,108.510
2013-07-11,107.730
2013-07-12,108.810
2013-07-15,109.090
2013-07-16,109.400
2013-07-17,108.610
2013-07-18,108.700
2013-07-19,108.070
2013-07-22,108.150
2013-07-23,108.420
2013-07-24,107.190
2013-07-25,107.650
2013-07-26,107.170
2013-07-29,107.450
2013-07-30,106.910
2013-07-31,107.700
2013-08-01,109.540
2013-08-02,108.950
2013-08-05,108.700
2013-08-06,108.180
2013-08-07,107.440
2013-08-08,106.680
2013-08-09,108.220
2013-08-12,108.970
2013-08-13,109.820
2013-08-14,110.200
2013-08-15,111.110
2013-08-16,110.400
2013-08-19,109.900
2013-08-20,110.150
2013-08-21,109.810
2013-08-22,109.900
2013-08-23,111.040
2013-08-26,110.730
2013-08-27,114.360
2013-08-28,116.610
2013-08-29,115.160
2013-08-30,114.010
2013-09-02,114.330
2013-09-03,115.680
2013-09-04,114.910
2013-09-05,115.260
2013-09-06,116.120
2013-09-09,113.720
2013-09-10,111.250
2013-09-11,111.500
2013-09-12,112.630
2013-09-13,112.780
2013-09-16,110.070
2013-09-17,108.190
2013-09-18,110.600
2013-09-19,108.760
2013-09-20,109.220
2013-09-23,108.160
2013-09-24,108.640
2013-09-25,108.320
2013-09-26,109.210
2013-09-27,108.630
2013-09-30,108.370
2013-10-01,107.940
2013-10-02,109.190
2013-10-03,109.000
2013-10-04,109.460
2013-10-07,109.680
2013-10-08,110.160
2013-10-09,109.060
2013-10-10,111.800
2013-10-11,111.280
2013-10-14,111.040
2013-10-15,109.960
2013-10-16,110.860
2013-10-17,109.110
2013-10-18,109.940
2013-10-21,109.640
2013-10-22,109.970
2013-10-23,107.800
2013-10-24,106.990
2013-10-25,106.930
2013-10-28,109.610
2013-10-29,109.010
2013-10-30,109.860
2013-10-31,108.840
2013-11-01,105.910
2013-11-04,106.230
2013-11-05,105.330
2013-11-06,105.240
2013-11-07,103.460
2013-11-08,105.120
2013-11-11,106.400
2013-11-12,105.810
2013-11-13,107.120
2013-11-14,108.540
2013-11-15,108.500
2013-11-18,108.470
2013-11-19,106.920
2013-11-20,108.060
2013-11-21,110.080
2013-11-22,111.050
2013-11-25,111.000
2013-11-26,110.880
2013-11-27,111.310
2013-11-28,110.860
2013-11-29,109.690
2013-12-02,111.450
2013-12-03,112.620
2013-12-04,111.880
2013-12-05,110.980
2013-12-06,111.610
2013-12-09,109.390
2013-12-10,109.380
2013-12-11,109.700
2013-12-12,108.670
2013-12-13,108.830
2013-12-16,110.470
2013-12-17,108.440
2013-12-18,109.630
2013-12-19,110.290
2013-12-20,111.770
2013-12-23,111.560
2013-12-24,111.900
2013-12-25,111.900
2013-12-26,111.980
2013-12-27,112.180
2013-12-30,111.210
2013-12-31,110.800
2014-01-01,110.800
2014-01-02,107.780
2014-01-03,106.890
2014-01-06,106.730
2014-01-07,107.350
2014-01-08,107.150
2014-01-09,106.390
2014-01-10,107.250
2014-01-13,106.750
2014-01-14,106.390
2014-01-15,107.130
2014-01-16,107.090
2014-01-17,106.480
2014-01-20,106.350
2014-01-21,106.730
2014-01-22,108.270
2014-01-23,107.580
2014-01-24,107.880
2014-01-27,106.690
2014-01-28,107.410
2014-01-29,107.850
2014-01-30,107.950
2014-01-31,106.400
2014-02-03,106.040
2014-02-04,105.780
2014-02-05,106.250
2014-02-06,107.190
2014-02-07,109.570
2014-02-10,108.630
2014-02-11,108.680
2014-02-12,108.790
2014-02-13,108.730
2014-02-14,109.080
2014-02-17,109.180
2014-02-18,110.460
2014-02-19,110.470
2014-02-20,110.300
2014-02-21,109.850
2014-02-24,110.640
2014-02-25,109.510
2014-02-26,109.520
2014-02-27,108.960
2014-02-28,109.070
2014-03-03,111.200
2014-03-04,109.300
2014-03-05,107.760
2014-03-06,108.100
2014-03-07,109.000
2014-03-10,108.080
2014-03-11,108.550
2014-03-12,108.020
2014-03-13,107.390
2014-03-14,108.570
2014-03-17,106.240
2014-03-18,106.790
2014-03-19,105.850
2014-03-20,106.450
2014-03-21,106.920
2014-03-24,106.810
2014-03-25,106.990
2014-03-26,107.030
2014-03-27,107.830
2014-03-28,108.070
2014-03-31,107.760
2014-04-01,105.620
2014-04-02,104.790
2014-04-03,106.150
2014-04-04,106.720
2014-04-07,105.820
2014-04-08,107.670
2014-04-09,107.980
2014-04-10,107.460
2014-04-11,107.330
2014-04-14,109.070
2014-04-15,108.740
2014-04-16,109.600
2014-04-17,109.530
2014-04-18,109.530
2014-04-21,109.950
2014-04-22,109.270
2014-04-23,109.110
2014-04-24,110.330
2014-04-25,109.580
2014-04-28,108.120
2014-04-29,108.980
2014-04-30,108.070
2014-05-01,107.760
2014-05-02,108.590
2014-05-05,107.720
2014-05-06,107.060
2014-05-07,108.130
2014-05-08,108.040
2014-05-09,107.890
2014-05-12,108.410
2014-05-13,109.240
2014-05-14,110.190
2014-05-15,110.440
2014-05-16,109.750
2014-05-19,109.370
2014-05-20,109.690
2014-05-21,110.550
2014-05-22,110.360
2014-05-23,110.540
2014-05-26,110.320
2014-05-27,110.020
2014-05-28,109.810
2014-05-29,109.970
2014-05-30,109.410
2014-06-02,108.830
2014-06-03,108.820
2014-06-04,108.400
2014-06-05,108.790
2014-06-06,108.610
2014-06-09,109.990
2014-06-10,109.520
2014-06-11,109.950
2014-06-12,113.020
2014-06-13,113.410
2014-06-16,112.940
2014-06-17,113.450
2014-06-18,114.260
2014-06-19,115.060
2014-06-20,114.810
2014-06-23,114.120
2014-06-24,114.460
2014-06-25,114.000
2014-06-26,113.210
2014-06-27,113.300
2014-06-30,112.360
2014-07-01,112.290
2014-07-02,111.240
2014-07-03,111.000
2014-07-04,110.640
2014-07-07,110.240
2014-07-08,108.940
2014-07-09,108.280
2014-07-10,108.670
2014-07-11,106.660
2014-07-14,106.980
2014-07-15,106.020
2014-07-16,105.850
2014-07-17,107.890
2014-07-18,107.240
2014-07-21,107.680
2014-07-22,107.330
2014-07-23,108.030
2014-07-24,107.070
2014-07-25,108.390
2014-07-28,107.570
2014-07-29,107.720
2014-07-30,106.510
2014-07-31,106.020
2014-08-01,104.840
2014-08-04,105.410
2014-08-05,104.610
2014-08-06,104.590
2014-08-07,105.440
2014-08-08,105.020
2014-08-11,104.680
2014-08-12,103.020
2014-08-13,104.280
2014-08-14,102.010
2014-08-15,103.530
2014-08-18,101.600
2014-08-19,101.560
2014-08-20,102.280
2014-08-21,102.630
2014-08-22,102.290
2014-08-25,102.650
2014-08-26,102.500
2014-08-27,102.720
2014-08-28,102.460
2014-08-29,103.190
2014-09-01,102.790
2014-09-02,100.340
2014-09-03,102.770
2014-09-04,101.830
2014-09-05,100.820
2014-09-08,100.200
2014-09-09,99.160
2014-09-10,98.040
2014-09-11,98.080
2014-09-12,97.110
2014-09-15,96.650
2014-09-16,99.050
2014-09-17,98.970
2014-09-18,97.700
2014-09-19,98.390
2014-09-22,96.970
2014-09-23,96.850
2014-09-24,96.950
2014-09-25,97.000
2014-09-26,97.000
2014-09-29,97.200
2014-09-30,94.670
2014-10-01,94.160
2014-10-02,93.420
2014-10-03,92.310
2014-10-06,92.790
2014-10-07,92.110
2014-10-08,91.380
2014-10-09,90.050
2014-10-10,90.210
2014-10-13,88.890
2014-10-14,85.040
2014-10-15,83.780
2014-10-16,84.470
2014-10-17,86.160
2014-10-20,85.400
2014-10-21,86.220
2014-10-22,84.710
2014-10-23,86.830
2014-10-24,86.130
2014-10-27,85.830
2014-10-28,86.030
2014-10-29,87.120
2014-10-30,86.240
2014-10-31,85.860
2014-11-03,84.780
2014-11-04,82.820
2014-11-05,82.950
2014-11-06,82.860
2014-11-07,83.390
2014-11-10,82.340
2014-11-11,81.670
2014-11-12,80.380
2014-11-13,77.920
2014-11-14,79.410
2014-11-17,79.310
2014-11-18,78.470
2014-11-19,78.100
2014-11-20,79.330
2014-11-21,80.360
2014-11-24,79.680
2014-11-25,78.330
2014-11-26,77.750
2014-11-27,72.580
2014-11-28,70.150
2014-12-01,72.540
2014-12-02,70.540
2014-12-03,69.920
2014-12-04,69.640
2014-12-05,69.070
2014-12-08,66.190
2014-12-09,66.840
2014-12-10,64.240
2014-12-11,63.680
2014-12-12,61.850
2014-12-15,61.060
2014-12-16,59.860
2014-12-17,61.180
2014-12-18,59.270
2014-12-19,61.380
2014-12-22,60.110
2014-12-23,61.690
2014-12-24,60.240
2014-12-25,60.240
2014-12-26,59.450
2014-12-29,57.880
2014-12-30,57.900
2014-12-31,57.330
2015-01-01,57.330
2015-01-02,56.420
2015-01-05,53.110
2015-01-06,51.100
2015-01-07,51.150
2015-01-08,50.960
2015-01-09,50.110
2015-01-12,47.430
2015-01-13,46.590
2015-01-14,48.690
2015-01-15,47.670
2015-01-16,50.170
2015-01-19,48.840
2015-01-20,47.990
2015-01-21,49.030
2015-01-22,48.520
2015-01-23,48.790
2015-01-26,48.160
2015-01-27,49.600
2015-01-28,48.470
2015-01-29,49.130
2015-01-30,52.990
2015-02-02,54.750
2015-02-03,57.910
2015-02-04,54.160
2015-02-05,56.570
2015-02-06,57.800
2015-02-09,58.340
2015-02-10,56.430
2015-02-11,54.660
2015-02-12,57.050
2015-02-13,61.520
2015-02-16,61.400
2015-02-17,62.530
2015-02-18,60.530
2015-02-19,60.210
2015-02-20,60.220
2015-02-23,58.900
2015-02-24,58.660
2015-02-25,61.630
2015-02-26,60.050
2015-02-27,62.580
2015-03-02,59.540
2015-03-03,61.020
2015-03-04,60.550
2015-03-05,60.480
2015-03-06,59.730
2015-03-09,58.530
2015-03-10,56.390
2015-03-11,57.540
2015-03-12,57.080
2015-03-13,54.670
2015-03-16,53.440
2015-03-17,53.510
2015-03-18,55.910
2015-03-19,54.430
2015-03-20,55.320
2015-03-23,55.920
2015-03-24,55.110
2015-03-25,56.480
2015-03-26,59.190
2015-03-27,56.410
2015-03-30,56.290
2015-03-31,55.110
2015-04-01,57.100
2015-04-02,54.950
2015-04-03,54.950
2015-04-06,58.120
2015-04-07,59.100
2015-04-08,55.550
2015-04-09,56.570
2015-04-10,57.870
2015-04-13,57.930
2015-04-14,58.430
2015-04-15,60.320
2015-04-16,63.980
2015-04-17,63.450
2015-04-20,63.450
2015-04-21,62.080
2015-04-22,62.730
2015-04-23,64.850
2015-04-24,65.280
2015-04-27,64.830
2015-04-28,64.640
2015-04-29,65.840
2015-04-30,66.780
2015-05-01,66.460
2015-05-04,66.450
2015-05-05,67.520
2015-05-06,67.770
2015-05-07,65.540
2015-05-08,65.390
2015-05-11,64.910
2015-05-12,66.860
2015-05-13,66.810
2015-05-14,66.590
2015-05-15,66.810
2015-05-18,66.270
2015-05-19,64.020
2015-05-20,65.030
2015-05-21,66.540
2015-05-22,65.370
2015-05-25,65.520
2015-05-26,63.720
2015-05-27,62.060
2015-05-28,62.580
2015-05-29,65.560
2015-06-01,64.880
2015-06-02,65.490
2015-06-03,63.800
2015-06-04,62.030
2015-06-05,63.310
2015-06-08,62.690
2015-06-09,64.880
2015-06-10,65.700
2015-06-11,65.110
2015-06-12,63.870
2015-06-15,62.610
2015-06-16,63.700
2015-06-17,63.870
2015-06-18,64.260
2015-06-19,63.020
2015-06-22,63.340
2015-06-23,64.450
2015-06-24,63.490
2015-06-25,63.200
2015-06-26,63.260
2015-06-29,62.010
2015-06-30,63.590
2015-07-01,62.010
2015-07-02,62.070
2015-07-03,60.320
2015-07-06,56.540
2015-07-07,56.850
2015-07-08,57.050
2015-07-09,58.610
2015-07-10,58.730
2015-07-13,57.850
2015-07-14,58.510
2015-07-15,57.050
2015-07-16,57.510
2015-07-17,57.100
2015-07-20,56.650
2015-07-21,57.040
2015-07-22,56.130
2015-07-23,55.270
2015-07-24,54.620
2015-07-27,53.470
2015-07-28,53.300
2015-07-29,53.380
2015-07-30,53.310
2015-07-31,52.210
2015-08-03,49.520
2015-08-04,49.990
2015-08-05,49.590
2015-08-06,49.520
2015-08-07,48.610
2015-08-10,50.410
2015-08-11,49.180
2015-08-12,49.660
2015-08-13,49.220
2015-08-14,49.030
2015-08-17,48.740
2015-08-18,48.810
2015-08-19,47.160
2015-08-20,46.620
2015-08-21,45.460
2015-08-24,42.690
2015-08-25,43.210
2015-08-26,43.140
2015-08-27,47.560
2015-08-28,50.050
2015-08-31,54.150
2015-09-01,49.560
2015-09-02,50.500
2015-09-03,50.680
2015-09-04,49.610
2015-09-07,47.630
2015-09-08,49.520
2015-09-09,47.580
2015-09-10,48.890
2015-09-11,48.140
2015-09-14,46.370
2015-09-15,46.630
2015-09-16,49.750
2015-09-17,49.080
2015-09-18,47.470
2015-09-21,48.920
2015-09-22,49.080
2015-09-23,47.750
2015-09-24,48.170
2015-09-25,48.600
2015-09-28,47.340
2015-09-29,48.230
2015-09-30,48.370
2015-10-01,47.690
2015-10-02,48.130
2015-10-05,49.250
2015-10-06,51.920
2015-10-07,51.330
2015-10-08,53.050
2015-10-09,52.650
2015-10-12,49.860
2015-10-13,49.240
2015-10-14,49.150
2015-10-15,48.710
2015-10-16,50.460
2015-10-19,48.610
2015-10-20,48.710
2015-10-21,47.850
2015-10-22,48.080
2015-10-23,47.990
2015-10-26,47.540
2015-10-27,46.810
2015-10-28,49.050
2015-10-29,48.800
2015-10-30,49.560
2015-11-02,48.790
2015-11-03,50.540
2015-11-04,48.580
2015-11-05,47.980
2015-11-06,47.420
2015-11-09,47.190
2015-11-10,47.440
2015-11-11,45.810
2015-11-12,44.060
2015-11-13,43.610
2015-11-16,44.560
2015-11-17,43.570
2015-11-18,44.140
2015-11-19,44.180
2015-11-20,44.660
2015-11-23,44.830
2015-11-24,46.120
2015-11-25,46.170
2015-11-26,45.460
2015-11-27,44.860
2015-11-30,44.610
2015-12-01,44.440
2015-12-02,42.490
2015-12-03,43.840
2015-12-04,43.000
2015-12-07,40.730
2015-12-08,40.260
2015-12-09,40.110
2015-12-10,39.730
2015-12-11,37.930
2015-12-14,37.920
2015-12-15,38.450
2015-12-16,37.190
2015-12-17,37.060
2015-12-18,36.880
2015-12-21,36.350
2015-12-22,36.110
2015-12-23,37.360
2015-12-24,37.890
2015-12-25,37.890
2015-12-28,36.620
2015-12-29,37.790
2015-12-30,36.460
2015-12-31,37.280
2016-01-01,37.280
2016-01-04,37.220
2016-01-05,36.420
2016-01-06,34.230
2016-01-07,33.750
2016-01-08,33.550
2016-01-11,31.550
2016-01-12,30.860
2016-01-13,30.310
2016-01-14,31.030
2016-01-15,28.940
2016-01-18,28.550
2016-01-19,28.760
2016-01-20,27.880
2016-01-21,29.250
2016-01-22,32.180
2016-01-25,30.500
2016-01-26,31.800
2016-01-27,33.100
2016-01-28,33.890
2016-01-29,34.740
2016-02-01,34.240
2016-02-02,32.720
2016-02-03,35.040
2016-02-04,34.460
2016-02-05,34.060
2016-02-08,32.880
2016-02-09,30.320
2016-02-10,30.840
2016-02-11,30.060
2016-02-12,33.360
2016-02-15,33.390
2016-02-16,32.180
2016-02-17,34.500
2016-02-18,34.280
2016-02-19,33.010
2016-02-22,34.690
2016-02-23,33.270
2016-02-24,34.410
2016-02-25,35.290
2016-02-26,35.100
2016-02-29,35.970
2016-03-01,36.810
2016-03-02,36.930
2016-03-03,37.070
2016-03-04,38.720
2016-03-07,40.840
2016-03-08,39.650
2016-03-09,41.070
2016-03-10,40.050
2016-03-11,40.390
2016-03-14,39.530
2016-03-15,38.740
2016-03-16,40.330
2016-03-17,41.540
2016-03-18,41.200
2016-03-21,41.540
2016-03-22,41.790
2016-03-23,40.470
2016-03-24,40.440
2016-03-25,40.440
2016-03-28,40.270
2016-03-29,39.140
2016-03-30,39.260
2016-03-31,39.600
2016-04-01,38.670
2016-04-04,37.690
2016-04-05,37.870
2016-04-06,39.840
2016-04-07,39.430
2016-04-08,41.940
2016-04-11,42.830
2016-04-12,44.690
2016-04-13,44.180
2016-04-14,43.840
2016-04-15,43.100
2016-04-18,42.910
2016-04-19,44.030
2016-04-20,45.800
2016-04-21,44.530
2016-04-22,45.110
2016-04-25,44.480
2016-04-26,45.740
2016-04-27,47.180
2016-04-28,48.140
2016-04-29,48.130
2016-05-02,45.830
2016-05-03,44.970
2016-05-04,44.620
2016-05-05,45.010
2016-05-06,45.370
2016-05-09,43.630
2016-05-10,45.520
2016-05-11,47.600
2016-05-12,48.080
2016-05-13,47.830
2016-05-16,48.970
2016-05-17,49.280
2016-05-18,48.930
2016-05-19,48.810
2016-05-20,48.720
2016-05-23,48.350
2016-05-24,48.610
2016-05-25,49.740
2016-05-26,49.590
2016-05-27,49.320
2016-05-30,49.760
2016-05-31,49.690
2016-06-01,49.720
2016-06-02,50.040
2016-06-03,49.640
2016-06-06,50.550
2016-06-07,51.440
2016-06-08,52.510
2016-06-09,51.950
2016-06-10,50.540
2016-06-13,50.350
2016-06-14,49.830
2016-06-15,48.970
2016-06-16,47.190
2016-06-17,49.170
2016-06-20,50.650
2016-06-21,50.620
2016-06-22,49.880
2016-06-23,50.910
2016-06-24,48.410
2016-06-27,47.160
2016-06-28,48.580
2016-06-29,50.610
2016-06-30,49.680
2016-07-01,50.350
2016-07-04,50.100
2016-07-05,47.960
2016-07-06,48.800
2016-07-07,46.400
2016-07-08,46.760
2016-07-11,46.250
2016-07-12,48.470
2016-07-13,46.260
2016-07-14,47.370
2016-07-15,47.610
2016-07-18,46.960
2016-07-19,46.660
2016-07-20,47.170
2016-07-21,46.200
2016-07-22,45.690
2016-07-25,44.720
2016-07-26,44.870
2016-07-27,43.470
2016-07-28,42.700
2016-07-29,42.460
2016-08-01,42.140
2016-08-02,41.800
2016-08-03,43.100
2016-08-04,44.290
2016-08-05,44.270
2016-08-08,45.390
2016-08-09,44.980
2016-08-10,44.050
2016-08-11,46.040
2016-08-12,46.970
2016-08-15,48.350
2016-08-16,49.230
2016-08-17,49.850
2016-08-18,50.890
2016-08-19,50.880
2016-08-22,49.160
2016-08-23,49.960
2016-08-24,49.050
2016-08-25,49.670
2016-08-26,49.920
2016-08-29,49.260
2016-08-30,48.370
2016-08-31,47.040
2016-09-01,45.450
2016-09-02,46.830
2016-09-05,47.630
2016-09-06,47.260
2016-09-07,47.980
2016-09-08,49.990
2016-09-09,48.010
2016-09-12,48.320
2016-09-13,47.100
2016-09-14,45.850
2016-09-15,46.590
2016-09-16,45.770
2016-09-19,45.950
2016-09-20,45.880
2016-09-21,46.830
2016-09-22,47.650
2016-09-23,45.890
2016-09-26,47.350
2016-09-27,45.970
2016-09-28,48.690
2016-09-29,49.240
2016-09-30,49.060
2016-10-03,50.890
2016-10-04,50.870
2016-10-05,51.860
2016-10-06,52.510
2016-10-07,51.930
2016-10-10,53.140
2016-10-11,52.410
2016-10-12,51.810
2016-10-13,52.030
2016-10-14,51.950
2016-10-17,51.520
2016-10-18,51.680
2016-10-19,52.670
2016-10-20,51.380
2016-10-21,51.780
2016-10-24,51.460
2016-10-25,50.790
2016-10-26,49.980
2016-10-27,50.470
2016-10-28,49.710
2016-10-31,48.300
2016-11-01,48.140
2016-11-02,46.860
2016-11-03,46.350
2016-11-04,45.580
2016-11-07,46.150
2016-11-08,46.040
2016-11-09,46.360
2016-11-10,45.840
2016-11-11,44.750
2016-11-14,44.430
2016-11-15,46.950
2016-11-16,46.630
2016-11-17,46.490
2016-11-18,46.860
2016-11-21,48.900
2016-11-22,49.120
2016-11-23,48.950
2016-11-24,49.000
2016-11-25,47.240
2016-11-28,48.240
2016-11-29,46.380
2016-11-30,50.470
2016-12-01,53.940
2016-12-02,54.460
2016-12-05,54.940
2016-12-06,53.930
2016-12-07,53.000
2016-12-08,53.890
2016-12-09,54.330
2016-12-12,55.690
2016-12-13,55.720
2016-12-14,53.900
2016-12-15,54.020
2016-12-16,55.210
2016-12-19,54.920
2016-12-20,55.350
2016-12-21,54.460
2016-12-22,55.050
2016-12-23,55.160
2016-12-26,55.160
2016-12-27,56.090
2016-12-28,56.220
2016-12-29,56.140
2016-12-30,56.820
2017-01-02,56.820
2017-01-03,55.470
2017-01-04,56.460
2017-01-05,56.890
2017-01-06,57.100
2017-01-09,54.940
2017-01-10,53.640
2017-01-11,55.100
2017-01-12,56.010
2017-01-13,55.450
2017-01-16,55.860
2017-01-17,55.470
2017-01-18,53.920
2017-01-19,54.160
2017-01-20,55.490
2017-01-23,55.230
2017-01-24,55.440
2017-01-25,55.080
2017-01-26,56.240
2017-01-27,55.520
2017-01-30,55.230
2017-01-31,55.700
2017-02-01,56.800
2017-02-02,56.560
2017-02-03,56.810
2017-02-06,55.720
2017-02-07,55.050
2017-02-08,55.120
2017-02-09,55.630
2017-02-10,56.700
2017-02-13,55.590
2017-02-14,55.970
2017-02-15,55.750
2017-02-16,55.650
2017-02-17,55.810
2017-02-20,56.180
2017-02-21,56.660
2017-02-22,55.840
2017-02-23,56.580
2017-02-24,55.990
2017-02-27,55.930
2017-02-28,55.590
2017-03-01,56.360
2017-03-02,55.080
2017-03-03,55.900
2017-03-06,56.010
2017-03-07,55.920
2017-03-08,53.110
2017-03-09,52.190
2017-03-10,51.370
2017-03-13,51.350
2017-03-14,50.920
2017-03-15,51.810
2017-03-16,51.740
2017-03-17,51.760
2017-03-20,51.620
2017-03-21,50.960
2017-03-22,50.640
2017-03-23,50.560
2017-03-24,50.800
2017-03-27,50.750
2017-03-28,51.330
2017-03-29,52.420
2017-03-30,52.960
2017-03-31,52.830
2017-04-03,53.120
2017-04-04,54.170
2017-04-05,54.360
2017-04-06,54.890
2017-04-07,55.240
2017-04-10,55.980
2017-04-11,56.230
2017-04-12,55.860
2017-04-13,55.890
2017-04-14,55.890
2017-04-17,55.360
2017-04-18,54.890
2017-04-19,52.930
2017-04-20,52.990
2017-04-21,51.960
2017-04-24,51.600
2017-04-25,52.100
2017-04-26,51.820
2017-04-27,51.440
2017-04-28,51.730
2017-05-01,51.520
2017-05-02,50.460
2017-05-03,50.790
2017-05-04,48.380
2017-05-05,49.100
2017-05-08,49.340
2017-05-09,48.730
2017-05-10,50.220
2017-05-11,50.770
2017-05-12,50.840
2017-05-15,51.820
2017-05-16,51.650
2017-05-17,52.210
2017-05-18,52.510
2017-05-19,53.610
2017-05-22,53.870
2017-05-23,54.150
2017-05-24,53.960
2017-05-25,51.460
2017-05-26,52.150
2017-05-29,52.290
2017-05-30,51.840
2017-05-31,50.310
2017-06-01,50.630
2017-06-02,49.950
2017-06-05,49.470
2017-06-06,50.120
2017-06-07,48.060
2017-06-08,47.860
2017-06-09,48.150
2017-06-12,48.290
2017-06-13,48.720
2017-06-14,47.000
2017-06-15,46.920
2017-06-16,47.370
2017-06-19,46.910
2017-06-20,46.020
2017-06-21,44.820
2017-06-22,45.220
2017-06-23,45.540
2017-06-26,45.830
2017-06-27,46.650
2017-06-28,47.310
2017-06-29,47.420
2017-06-30,47.920
2017-07-03,49.680
2017-07-04,49.610
2017-07-05,47.790
2017-07-06,48.110
2017-07-07,46.710
2017-07-10,46.880
2017-07-11,47.520
2017-07-12,47.740
2017-07-13,48.420
2017-07-14,48.910
2017-07-17,48.420
2017-07-18,48.840
2017-07-19,49.700
2017-07-20,49.300
2017-07-21,48.060
2017-07-24,48.600
2017-07-25,50.200
2017-07-26,50.970
2017-07-27,51.490
2017-07-28,52.520
2017-07-31,52.650
2017-08-01,51.780
2017-08-02,52.360
2017-08-03,52.010
2017-08-04,52.420
2017-08-07,52.370
2017-08-08,52.140
2017-08-09,52.700
2017-08-10,51.900
2017-08-11,52.100
2017-08-14,50.730
2017-08-15,50.800
2017-08-16,50.270
2017-08-17,51.030
2017-08-18,52.720
2017-08-21,51.660
2017-08-22,51.870
2017-08-23,52.570
2017-08-24,52.040
2017-08-25,52.410
2017-08-28,51.890
2017-08-29,52.000
2017-08-30,50.860
2017-08-31,52.380
2017-09-01,52.750
2017-09-04,52.340
2017-09-05,53.380
2017-09-06,54.200
2017-09-07,54.490
2017-09-08,53.780
2017-09-11,53.840
2017-09-12,54.270
2017-09-13,55.160
2017-09-14,55.470
2017-09-15,55.620
2017-09-18,55.480
2017-09-19,55.140
2017-09-20,56.290
2017-09-21,56.430
2017-09-22,56.860
2017-09-25,59.020
2017-09-26,58.440
2017-09-27,57.900
2017-09-28,57.410
2017-09-29,57.540
2017-10-02,56.120
2017-10-03,56.000
2017-10-04,55.800
2017-10-05,57.000
2017-10-06,55.620
2017-10-09,55.790
2017-10-10,56.610
2017-10-11,56.940
2017-10-12,56.250
2017-10-13,57.170
2017-10-16,57.820
2017-10-17,57.880
2017-10-18,58.150
2017-10-19,57.230
2017-10-20,57.750
2017-10-23,57.370
2017-10-24,58.330
2017-10-25,58.440
2017-10-26,59.300
2017-10-27,60.440
2017-10-30,60.900
2017-10-31,61.370
2017-11-01,60.490
2017-11-02,60.620
2017-11-03,62.070
2017-11-06,64.270
2017-11-07,63.690
2017-11-08,63.490
2017-11-09,63.930
2017-11-10,63.520
2017-11-13,63.160
2017-11-14,62.210
2017-11-15,61.870
2017-11-16,61.360
2017-11-17,62.720
2017-11-20,62.220
2017-11-21,62.570
2017-11-22,63.320
2017-11-23,63.550
2017-11-24,63.860
2017-11-27,63.840
2017-11-28,63.610
2017-11-29,63.110
2017-11-30,63.570
2017-12-01,63.730
2017-12-04,62.450
2017-12-05,62.860
2017-12-06,61.220
2017-12-07,62.200
2017-12-08,63.400
2017-12-11,64.690
2017-12-12,63.340
2017-12-13,62.440
2017-12-14,63.310
2017-12-15,63.230
2017-12-18,63.410
2017-12-19,63.800
2017-12-20,64.560
2017-12-21,64.900
2017-12-22,65.250
2017-12-25,65.250
2017-12-26,67.020
2017-12-27,66.440
2017-12-28,66.720
2017-12-29,66.870
2018-01-01,66.870
2018-01-02,66.570
2018-01-03,67.840
2018-01-04,68.070
2018-01-05,67.620
2018-01-08,67.780
2018-01-09,68.820
2018-01-10,69.200
2018-01-11,69.260
2018-01-12,69.870
2018-01-15,70.260
2018-01-16,69.150
2018-01-17,69.380
2018-01-18,69.310
2018-01-19,68.610
2018-01-22,69.030
2018-01-23,69.960
2018-01-24,70.530
2018-01-25,70.420
2018-01-26,70.520
2018-01-29,69.460
2018-01-30,69.020
2018-01-31,69.050
2018-02-01,69.650
2018-02-02,68.580
2018-02-05,67.620
2018-02-06,66.860
2018-02-07,65.510
2018-02-08,64.810
2018-02-09,62.790
2018-02-12,62.590
2018-02-13,62.720
2018-02-14,64.360
2018-02-15,64.330
2018-02-16,64.840
2018-02-19,65.670
2018-02-20,65.250
2018-02-21,65.420
2018-02-22,66.390
2018-02-23,67.310
2018-02-26,67.500
2018-02-27,66.630
2018-02-28,65.780
2018-03-01,63.830
2018-03-02,64.370
2018-03-05,65.540
2018-03-06,65.790
2018-03-07,64.340
2018-03-08,63.610
2018-03-09,65.490
2018-03-12,64.950
2018-03-13,64.640
2018-03-14,64.890
2018-03-15,65.120
2018-03-16,66.210
2018-03-19,66.050
2018-03-20,67.420
2018-03-21,69.470
2018-03-22,68.910
2018-03-23,70.450
2018-03-26,70.120
2018-03-27,70.110
2018-03-28,69.530
2018-03-29,70.270
2018-03-30,70.270
2018-04-02,67.640
2018-04-03,68.120
2018-04-04,68.020
2018-04-05,68.330
2018-04-06,67.110
2018-04-09,68.650
2018-04-10,71.040
2018-04-11,72.060
2018-04-12,72.020
2018-04-13,72.580
2018-04-16,71.420
2018-04-17,71.580
2018-04-18,73.480
2018-04-19,73.780
2018-04-20,74.060
2018-04-23,74.710
2018-04-24,73.860
2018-04-25,74.000
2018-04-26,74.740
2018-04-27,74.640
2018-04-30,75.170
2018-05-01,73.130
2018-05-02,73.360
2018-05-03,73.620
2018-05-04,74.870
2018-05-07,76.170
2018-05-08,74.850
2018-05-09,77.210
2018-05-10,77.470
2018-05-11,77.120
2018-05-14,78.230
2018-05-15,78.430
2018-05-16,79.280
2018-05-17,79.300
2018-05-18,78.510
2018-05-21,79.220
2018-05-22,79.570
2018-05-23,79.800
2018-05-24,78.790
2018-05-25,76.440
2018-05-28,75.300
2018-05-29,75.390
2018-05-30,77.500
2018-05-31,77.590
2018-06-01,76.790
2018-06-04,75.290
2018-06-05,75.380
2018-06-06,75.360
2018-06-07,77.320
2018-06-08,76.460
2018-06-11,76.460
2018-06-12,75.880
2018-06-13,76.740
2018-06-14,75.940
2018-06-15,73.440
2018-06-18,75.340
2018-06-19,75.080
2018-06-20,74.740
2018-06-21,73.050
2018-06-22,75.550
2018-06-25,74.730
2018-06-26,76.310
2018-06-27,77.620
2018-06-28,77.850
2018-06-29,79.440
2018-07-02,77.300
2018-07-03,77.760
2018-07-04,78.240
2018-07-05,77.390
2018-07-06,77.110
2018-07-09,78.070
2018-07-10,78.860
2018-07-11,73.400
2018-07-12,74.450
2018-07-13,75.330
2018-07-16,71.840
2018-07-17,72.160
2018-07-18,72.900
2018-07-19,72.580
2018-07-20,73.070
2018-07-23,73.060
2018-07-24,73.440
2018-07-25,73.930
2018-07-26,74.540
2018-07-27,74.290
2018-07-30,74.970
2018-07-31,74.250
2018-08-01,72.390
2018-08-02,73.450
2018-08-03,73.210
2018-08-06,73.750
2018-08-07,74.650
2018-08-08,72.280
2018-08-09,72.070
2018-08-10,72.810
2018-08-13,72.610
2018-08-14,72.460
2018-08-15,70.760
2018-08-16,71.430
2018-08-17,71.830
2018-08-20,72.210
2018-08-21,72.630
2018-08-22,74.780
2018-08-23,74.730
2018-08-24,75.820
2018-08-27,76.210
2018-08-28,75.950
2018-08-29,77.140
2018-08-30,77.770
2018-08-31,77.420
2018-09-03,78.150
2018-09-04,78.170
2018-09-05,77.270
2018-09-06,76.500
2018-09-07,76.830
2018-09-10,77.370
2018-09-11,79.060
2018-09-12,79.740
2018-09-13,78.180
2018-09-14,78.090
2018-09-17,78.050
2018-09-18,79.030
2018-09-19,79.400
2018-09-20,78.700
2018-09-21,78.800
2018-09-24,81.200
2018-09-25,81.870
2018-09-26,81.340
2018-09-27,81.720
2018-09-28,82.720
2018-10-01,84.980
2018-10-02,84.800
2018-10-03,86.290
2018-10-04,84.580
2018-10-05,84.160
2018-10-08,83.910
2018-10-09,85.000
2018-10-10,83.090
2018-10-11,80.260
2018-10-12,80.430
2018-10-15,80.780
2018-10-16,81.410
2018-10-17,80.050
2018-10-18,79.290
2018-10-19,79.780
2018-10-22,79.830
2018-10-23,76.440
2018-10-24,76.170
2018-10-25,76.890
2018-10-26,77.620
2018-10-29,77.340
2018-10-30,75.910
2018-10-31,75.470
2018-11-01,72.890
2018-11-02,72.830
2018-11-05,73.170
2018-11-06,72.130
2018-11-07,72.070
2018-11-08,70.650
2018-11-09,70.180
2018-11-12,70.120
2018-11-13,65.470
2018-11-14,66.120
2018-11-15,66.620
2018-11-16,66.760
2018-11-19,66.790
2018-11-20,62.530
2018-11-21,63.480
2018-11-22,62.600
2018-11-23,58.800
2018-11-26,60.480
2018-11-27,60.210
2018-11-28,58.760
2018-11-29,59.510
2018-11-30,58.710
2018-12-03,61.690
2018-12-04,62.080
2018-12-05,61.560
2018-12-06,60.060
2018-12-07,61.670
2018-12-10,59.970
2018-12-11,60.200
2018-12-12,60.150
2018-12-13,61.450
2018-12-14,60.280
2018-12-17,59.610
2018-12-18,56.260
2018-12-19,57.240
2018-12-20,54.350
2018-12-21,53.820
2018-12-24,50.470
2018-12-25,50.470
2018-12-26,54.470
2018-12-27,52.160
2018-12-28,52.200
2018-12-31,53.800
2019-01-01,53.800
2019-01-02,54.910
2019-01-03,55.950
2019-01-04,57.060
2019-01-07,57.330
2019-01-08,58.720
2019-01-09,61.440
2019-01-10,61.680
2019-01-11,60.480
2019-01-14,58.990
2019-01-15,60.640
2019-01-16,61.320
2019-01-17,61.180
2019-01-18,62.700
2019-01-21,62.740
2019-01-22,61.500
2019-01-23,61.140
2019-01-24,61.090
2019-01-25,61.640
2019-01-28,59.930
2019-01-29,61.320
2019-01-30,61.650
2019-01-31,61.890
2019-02-01,62.750
2019-02-04,62.510
2019-02-05,61.980
2019-02-06,62.690
2019-02-07,61.630
2019-02-08,62.100
2019-02-11,61.510
2019-02-12,62.420
2019-02-13,63.610
2019-02-14,64.570
2019-02-15,66.250
2019-02-18,66.500
2019-02-19,66.450
2019-02-20,67.080
2019-02-21,67.070
2019-02-22,67.120
2019-02-25,64.760
2019-02-26,65.210
2019-02-27,66.390
2019-02-28,66.030
2019-03-01,65.070
2019-03-04,65.670
2019-03-05,65.860
2019-03-06,65.990
2019-03-07,66.300
2019-03-08,65.740
2019-03-11,66.580
2019-03-12,66.670
2019-03-13,67.550
2019-03-14,67.230
2019-03-15,67.160
2019-03-18,67.540
2019-03-19,67.610
2019-03-20,68.500
2019-03-21,67.860
2019-03-22,67.030
2019-03-25,67.210
2019-03-26,67.970
2019-03-27,67.830
2019-03-28,67.820
2019-03-29,68.390
2019-04-01,69.010
2019-04-02,69.370
2019-04-03,69.310
2019-04-04,69.400
2019-04-05,70.340
2019-04-08,71.100
2019-04-09,70.610
2019-04-10,71.730
2019-04-11,70.830
2019-04-12,71.550
2019-04-15,71.180
2019-04-16,71.720
2019-04-17,71.620
2019-04-18,71.970
2019-04-19,71.970
2019-04-22,74.040
2019-04-23,74.510
2019-04-24,74.570
2019-04-25,74.350
2019-04-26,72.150
2019-04-29,72.040
2019-04-30,72.800
2019-05-01,72.180
2019-05-02,70.750
2019-05-03,70.850
2019-05-06,71.240
2019-05-07,69.880
2019-05-08,70.370
2019-05-09,70.390
2019-05-10,70.620
2019-05-13,70.230
2019-05-14,71.240
2019-05-15,71.770
2019-05-16,72.620
2019-05-17,72.210
2019-05-20,71.970
2019-05-21,72.180
2019-05-22,70.990
2019-05-23,67.760
2019-05-24,68.690
2019-05-27,70.110
2019-05-28,70.110
2019-05-29,69.450
2019-05-30,66.870
2019-05-31,64.490
2019-06-03,61.280
2019-06-04,61.970
2019-06-05,60.630
2019-06-06,61.670
2019-06-07,63.290
2019-06-10,62.290
2019-06-11,62.290
2019-06-12,59.970
2019-06-13,61.310
2019-06-14,62.010
2019-06-17,60.940
2019-06-18,62.140
2019-06-19,61.820
2019-06-20,64.450
2019-06-21,65.200
2019-06-24,64.860
2019-06-25,65.050
2019-06-26,66.490
2019-06-27,66.550
2019-06-28,66.550
2019-07-01,65.060
2019-07-02,62.400
2019-07-03,63.820
2019-07-04,63.300
2019-07-05,64.230
2019-07-08,64.110
2019-07-09,64.160
2019-07-10,67.010
2019-07-11,66.520
2019-07-12,66.720
2019-07-15,66.480
2019-07-16,64.350
2019-07-17,63.660
2019-07-18,61.930
2019-07-19,62.470
2019-07-22,63.260
2019-07-23,63.830
2019-07-24,63.180
2019-07-25,63.390
2019-07-26,63.460
2019-07-29,63.710
2019-07-30,64.720
2019-07-31,65.170
2019-08-01,60.500
2019-08-02,61.890
2019-08-05,59.810
2019-08-06,58.940
2019-08-07,56.230
2019-08-08,57.380
2019-08-09,58.530
2019-08-12,58.570
2019-08-13,61.300
2019-08-14,59.480
2019-08-15,58.230
2019-08-16,58.640
2019-08-19,59.740
2019-08-20,60.030
2019-08-21,60.300
2019-08-22,59.920
2019-08-23,59.340
2019-08-26,58.700
2019-08-27,59.510
2019-08-28,60.490
2019-08-29,61.080
2019-08-30,60.430
2019-09-02,58.660
2019-09-03,58.260
2019-09-04,60.700
2019-09-05,60.950
2019-09-06,61.540
2019-09-09,62.590
2019-09-10,62.380
2019-09-11,60.810
2019-09-12,60.380
2019-09-13,60.220
2019-09-16,69.020
2019-09-17,64.550
2019-09-18,63.600
2019-09-19,64.400
2019-09-20,64.280
2019-09-23,64.770
2019-09-24,63.100
2019-09-25,62.390
2019-09-26,62.740
2019-09-27,61.910
2019-09-30,60.780
2019-10-01,58.890
2019-10-02,57.690
2019-10-03,57.710
2019-10-04,58.370
2019-10-07,58.350
2019-10-08,58.240
2019-10-09,58.320
2019-10-10,59.100
2019-10-11,60.510
2019-10-14,59.350
2019-10-15,58.740
2019-10-16,59.420
2019-10-17,59.910
2019-10-18,59.420
2019-10-21,58.960
2019-10-22,59.700
2019-10-23,61.170
2019-10-24,61.670
2019-10-25,62.020
2019-10-28,61.570
2019-10-29,61.590
2019-10-30,60.610
2019-10-31,60.230
2019-11-01,61.690
2019-11-04,62.130
2019-11-05,62.960
2019-11-06,61.740
2019-11-07,62.290
2019-11-08,62.510
2019-11-11,62.180
2019-11-12,62.060
2019-11-13,62.370
2019-11-14,62.280
2019-11-15,63.300
2019-11-18,62.440
2019-11-19,60.910
2019-11-20,62.400
2019-11-21,63.970
2019-11-22,63.390
2019-11-25,63.650
2019-11-26,64.270
2019-11-27,64.060
2019-11-28,63.870
2019-11-29,62.430
2019-12-02,60.920
2019-12-03,60.820
2019-12-04,63.000
2019-12-05,63.390
2019-12-06,64.390
2019-12-09,64.250
2019-12-10,64.340
2019-12-11,63.720
2019-12-12,64.200
2019-12-13,65.220
2019-12-16,65.340
2019-12-17,66.100
2019-12-18,66.170
2019-12-19,66.540
2019-12-20,66.140
2019-12-23,66.390
2019-12-24,67.200
2019-12-25,67.200
2019-12-26,67.920
2019-12-27,68.160
2019-12-30,68.440
2019-12-31,66.000
2020-01-01,66.000
2020-01-02,66.250
2020-01-03,68.600
2020-01-06,68.910
2020-01-07,68.270
2020-01-08,65.440
2020-01-09,65.370
2020-01-10,64.980
2020-01-13,64.200
2020-01-14,64.490
2020-01-15,64.000
2020-01-16,64.620
2020-01-17,64.850
2020-01-20,65.200
2020-01-21,64.590
2020-01-22,63.210
2020-01-23,62.040
2020-01-24,60.690
2020-01-27,59.320
2020-01-28,59.510
2020-01-29,59.810
2020-01-30,58.290
2020-01-31,58.160
2020-02-03,54.450
2020-02-04,53.960
2020-02-05,55.280
2020-02-06,54.930
2020-02-07,54.470
2020-02-10,53.270
2020-02-11,54.010
2020-02-12,55.790
2020-02-13,56.340
2020-02-14,57.320
2020-02-17,57.670
2020-02-18,57.750
2020-02-19,59.120
2020-02-20,59.310
2020-02-21,58.500
2020-02-24,56.300
2020-02-25,54.950
2020-02-26,53.430
2020-02-27,52.180
2020-02-28,50.520
2020-03-02,51.900
2020-03-03,51.860
2020-03-04,51.130
2020-03-05,49.990
2020-03-06,45.270
2020-03-09,34.360
2020-03-10,37.220
2020-03-11,35.790
2020-03-12,33.220
2020-03-13,33.850
2020-03-16,30.050
2020-03-17,28.730
2020-03-18,24.880
2020-03-19,28.470
2020-03-20,26.980
2020-03-23,27.030
2020-03-24,27.150
2020-03-25,27.390
2020-03-26,26.340
2020-03-27,24.930
2020-03-30,22.760
2020-03-31,22.740
2020-04-01,24.740
2020-04-02,29.940
2020-04-03,34.110
2020-04-06,33.050
2020-04-07,31.870
2020-04-08,32.840
2020-04-09,31.480
2020-04-10,31.480
2020-04-13,31.740
2020-04-14,29.600
2020-04-15,27.690
2020-04-16,27.820
2020-04-17,28.080
2020-04-20,25.570
2020-04-21,19.330
2020-04-22,20.370
2020-04-23,21.330
2020-04-24,21.440
2020-04-27,19.990
2020-04-28,20.460
2020-04-29,22.540
2020-04-30,25.270
2020-05-01,26.440
2020-05-04,27.200
2020-05-05,30.970
2020-05-06,29.720
2020-05-07,29.460
2020-05-08,30.970
2020-05-11,29.630
2020-05-12,29.980
2020-05-13,29.190
2020-05-14,31.130
2020-05-15,32.500
2020-05-18,34.810
2020-05-19,34.650
2020-05-20,35.750
2020-05-21,36.060
2020-05-22,35.130
2020-05-25,35.530
2020-05-26,36.170
2020-05-27,34.740
2020-05-28,35.290
2020-05-29,35.330
2020-06-01,38.320
2020-06-02,39.570
2020-06-03,39.790
2020-06-04,39.990
2020-06-05,42.300
2020-06-08,40.800
2020-06-09,41.180
2020-06-10,41.730
2020-06-11,38.550
2020-06-12,38.730
2020-06-15,39.720
2020-06-16,40.960
2020-06-17,40.710
2020-06-18,41.510
2020-06-19,42.190
2020-06-22,43.080
2020-06-23,42.630
2020-06-24,40.310
2020-06-25,41.050
2020-06-26,41.020
2020-06-29,41.710
2020-06-30,41.150
2020-07-01,42.030
2020-07-02,43.140
2020-07-03,42.800
2020-07-06,43.100
2020-07-07,43.080
2020-07-08,43.290
2020-07-09,42.350
2020-07-10,43.240
2020-07-13,42.720
2020-07-14,42.900
2020-07-15,43.790
2020-07-16,43.370
2020-07-17,43.140
2020-07-20,43.280
2020-07-21,44.320
2020-07-22,44.290
2020-07-23,43.310
2020-07-24,43.340
2020-07-27,43.410
2020-07-28,43.220
2020-07-29,43.750
2020-07-30,42.940
2020-07-31,43.300
2020-08-03,44.150
2020-08-04,44.430
2020-08-05,45.170
2020-08-06,45.090
2020-08-07,44.400
2020-08-10,44.990
2020-08-11,44.500
2020-08-12,45.430
2020-08-13,44.960
2020-08-14,44.800
2020-08-17,45.370
2020-08-18,45.460
2020-08-19,45.370
2020-08-20,44.900
2020-08-21,44.350
2020-08-24,45.130
2020-08-25,45.860
2020-08-26,45.640
2020-08-27,45.090
2020-08-28,45.050
2020-08-31,45.280
2020-09-01,45.580
2020-09-02,44.430
2020-09-03,44.070
2020-09-04,42.660
2020-09-07,42.010
2020-09-08,39.780
2020-09-09,40.790
2020-09-10,40.060
2020-09-11,39.830
2020-09-14,39.610
2020-09-15,40.530
2020-09-16,42.220
2020-09-17,43.300
2020-09-18,43.150
2020-09-21,41.440
2020-09-22,41.720
2020-09-23,41.770
2020-09-24,41.940
2020-09-25,41.920
2020-09-28,42.430
2020-09-29,41.030
2020-09-30,40.950
2020-10-01,40.930
2020-10-02,39.270
2020-10-05,41.290
2020-10-06,42.650
2020-10-07,41.990
2020-10-08,43.340
2020-10-09,42.850
2020-10-12,41.720
2020-10-13,42.450
2020-10-14,43.320
2020-10-15,43.160
2020-10-16,42.930
2020-10-19,42.620
2020-10-20,43.160
2020-10-21,41.730
2020-10-22,42.460
2020-10-23,41.770
2020-10-26,40.460
2020-10-27,41.200
2020-10-28,39.120
2020-10-29,37.650
2020-10-30,37.460
2020-11-02,38.970
2020-11-03,39.710
2020-11-04,41.230
2020-11-05,40.930
2020-11-06,39.450
2020-11-09,42.400
2020-11-10,43.610
2020-11-11,43.800
2020-11-12,43.530
2020-11-13,42.780
2020-11-16,43.820
2020-11-17,43.750
2020-11-18,44.340
2020-11-19,44.200
2020-11-20,44.960
2020-11-23,46.060
2020-11-24,47.860
2020-11-25,48.610
2020-11-26,47.800
2020-11-27,48.180
2020-11-30,47.590
2020-12-01,47.420
2020-12-02,48.250
2020-12-03,48.710
2020-12-04,49.250
2020-12-07,48.790
2020-12-08,48.840
2020-12-09,48.860
2020-12-10,50.250
2020-12-11,49.970
2020-12-14,50.290
2020-12-15,50.760
2020-12-16,51.080
2020-12-17,51.500
2020-12-18,52.260
2020-12-21,50.910
2020-12-22,50.080
2020-12-23,51.200
2020-12-24,51.290
2020-12-25,51.290
2020-12-28,50.860
2020-12-29,51.090
2020-12-30,51.340
2020-12-31,51.800
2021-01-01,51.800
2021-01-04,51.090
2021-01-05,53.600
2021-01-06,54.300
2021-01-07,54.380
2021-01-08,55.990
2021-01-11,55.660
2021-01-12,56.580
2021-01-13,56.060
2021-01-14,56.420
2021-01-15,55.100
2021-01-18,54.750
2021-01-19,55.900
2021-01-20,56.080
2021-01-21,56.100
2021-01-22,55.410
2021-01-25,55.880
2021-01-26,55.910
2021-01-27,55.810
2021-01-28,55.530
2021-01-29,55.880
2021-02-01,56.350
2021-02-02,57.460
2021-02-03,58.460
2021-02-04,58.840
2021-02-05,59.340
2021-02-08,60.560
2021-02-09,61.090
2021-02-10,61.470
2021-02-11,61.140
2021-02-12,62.430
2021-02-15,63.300
2021-02-16,63.350
2021-02-17,64.340
2021-02-18,63.930
2021-02-19,62.910
2021-02-22,65.240
2021-02-23,65.370
2021-02-24,67.040
2021-02-25,66.880
2021-02-26,66.130
2021-03-01,63.690
2021-03-02,62.700
2021-03-03,64.070
2021-03-04,66.740
2021-03-05,69.360
2021-03-08,68.240
2021-03-09,67.520
2021-03-10,67.900
2021-03-11,69.630
2021-03-12,69.220
2021-03-15,68.880
2021-03-16,68.390
2021-03-17,68.000
2021-03-18,63.280
2021-03-19,64.530
2021-03-22,64.620
2021-03-23,60.790
2021-03-24,64.410
2021-03-25,61.950
2021-03-26,64.570
2021-03-29,64.980
2021-03-30,64.140
2021-03-31,63.540
2021-04-01,64.860
2021-04-02,64.860
2021-04-05,62.150
2021-04-06,62.740
2021-04-07,63.160
2021-04-08,63.200
2021-04-09,62.950
2021-04-12,63.280
2021-04-13,63.670
2021-04-14,66.580
2021-04-15,66.940
2021-04-16,66.770
2021-04-19,67.050
2021-04-20,66.570
2021-04-21,65.320
2021-04-22,65.400
2021-04-23,66.110
2021-04-26,65.650
2021-04-27,66.420
2021-04-28,67.270
2021-04-29,68.560
2021-04-30,67.250
2021-05-03,67.560
2021-05-04,68.880
2021-05-05,68.960
2021-05-06,68.090
2021-05-07,68.280
2021-05-10,68.320
2021-05-11,68.550
2021-05-12,69.320
2021-05-13,67.050
2021-05-14,68.710
2021-05-17,69.460
2021-05-18,68.710
2021-05-19,66.660
2021-05-20,65.110
2021-05-21,66.440
2021-05-24,68.460
2021-05-25,68.650
2021-05-26,68.870
2021-05-27,69.460
2021-05-28,69.630
2021-05-31,69.320
2021-06-01,70.250
2021-06-02,71.350
2021-06-03,71.310
2021-06-04,71.890
2021-06-07,71.490
2021-06-08,72.220
2021-06-09,72.220
2021-06-10,72.520
2021-06-11,72.690
2021-06-14,72.860
2021-06-15,73.990
2021-06-16,74.390
2021-06-17,73.080
2021-06-18,73.510
2021-06-21,74.900
2021-06-22,74.810
2021-06-23,75.190
2021-06-24,75.560
2021-06-25,76.180
2021-06-28,74.680
2021-06-29,74.760
2021-06-30,75.130
2021-07-01,75.840
2021-07-02,76.170
2021-07-05,77.160
2021-07-06,74.530
2021-07-07,73.430
2021-07-08,74.120
2021-07-09,75.550
2021-07-12,75.160
2021-07-13,76.490
2021-07-14,74.760
2021-07-15,73.470
2021-07-16,73.590
2021-07-19,68.620
2021-07-20,69.350
2021-07-21,72.230
2021-07-22,73.790
2021-07-23,74.100
2021-07-26,74.500
2021-07-27,74.480
2021-07-28,74.740
2021-07-29,76.050
2021-07-30,76.330
2021-08-02,72.890
2021-08-03,72.410
2021-08-04,70.380
2021-08-05,71.290
2021-08-06,70.700
2021-08-09,69.040
2021-08-10,70.630
2021-08-11,71.440
2021-08-12,71.310
2021-08-13,70.590
2021-08-16,69.510
2021-08-17,69.030
2021-08-18,68.230
2021-08-19,66.450
2021-08-20,65.180
2021-08-23,68.750
2021-08-24,71.050
2021-08-25,72.250
2021-08-26,71.070
2021-08-27,72.700
2021-08-30,73.410
2021-08-31,72.990
2021-09-01,71.590
2021-09-02,73.030
2021-09-03,72.610
2021-09-06,72.220
2021-09-07,71.690
2021-09-08,72.600
2021-09-09,71.450
2021-09-10,72.920
2021-09-13,73.510
2021-09-14,73.600
2021-09-15,75.460
2021-09-16,75.670
2021-09-17,75.340
2021-09-20,73.920
2021-09-21,74.360
2021-09-22,76.190
2021-09-23,77.250
2021-09-24,78.090
2021-09-27,79.530
2021-09-28,79.090
2021-09-29,78.640
2021-09-30,78.520
2021-10-01,79.280
2021-10-04,81.260
2021-10-05,82.560
2021-10-06,81.080
2021-10-07,81.950
2021-10-08,82.390
2021-10-11,83.650
2021-10-12,83.420
2021-10-13,83.180
2021-10-14,84.000
2021-10-15,84.860
2021-10-18,84.330
2021-10-19,85.080
2021-10-20,85.820
2021-10-21,84.610
2021-10-22,85.530
2021-10-25,85.990
2021-10-26,86.400
2021-10-27,84.580
2021-10-28,84.320
2021-10-29,84.380
2021-11-01,84.710
2021-11-02,84.720
2021-11-03,81.990
2021-11-04,80.540
2021-11-05,82.740
2021-11-08,83.430
2021-11-09,84.780
2021-11-10,82.640
2021-11-11,82.870
2021-11-12,82.170
2021-11-15,82.050
2021-11-16,82.430
2021-11-17,80.280
2021-11-18,81.240
2021-11-19,78.890
2021-11-22,79.700
2021-11-23,82.310
2021-11-24,82.250
2021-11-25,82.220
2021-11-26,72.720
2021-11-29,73.440
2021-11-30,70.570
2021-12-01,68.870
2021-12-02,69.670
2021-12-03,69.880
2021-12-06,73.080
2021-12-07,75.440
2021-12-08,75.820
2021-12-09,74.420
2021-12-10,75.150
2021-12-13,74.390
2021-12-14,73.700
2021-12-15,73.880
2021-12-16,75.020
2021-12-17,73.520
2021-12-20,71.520
2021-12-21,73.980
2021-12-22,75.290
2021-12-23,76.850
2021-12-24,76.140
2021-12-27,78.600
2021-12-28,78.940
2021-12-29,79.230
2021-12-30,79.320
2021-12-31,77.780
2022-01-03,78.980
2022-01-04,80.000
2022-01-05,80.800
2022-01-06,81.990
2022-01-07,81.750
2022-01-10,80.870
2022-01-11,83.720
2022-01-12,84.670
2022-01-13,84.470
2022-01-14,86.060
2022-01-17,86.480
2022-01-18,87.510
2022-01-19,88.440
2022-01-20,88.380
2022-01-21,87.890
2022-01-24,86.270
2022-01-25,88.200
2022-01-26,89.960
2022-01-27,89.340
2022-01-28,90.030
2022-01-31,91.210
2022-02-01,89.160
2022-02-02,89.470
2022-02-03,91.110
2022-02-04,93.270
2022-02-07,92.690
2022-02-08,90.780
2022-02-09,91.550
2022-02-10,91.410
2022-02-11,94.440
2022-02-14,96.480
2022-02-15,93.280
2022-02-16,94.810
2022-02-17,92.970
2022-02-18,93.540
2022-02-21,95.390
2022-02-22,96.840
2022-02-23,96.840
2022-02-24,99.080
2022-02-25,97.930
2022-02-28,100.990
2022-03-01,104.970
2022-03-02,112.930
2022-03-03,110.460
2022-03-04,118.110
2022-03-07,123.210
2022-03-08,127.980
2022-03-09,111.140
2022-03-10,109.330
2022-03-11,112.670
2022-03-14,106.900
2022-03-15,99.910
2022-03-16,98.020
2022-03-17,106.640
2022-03-18,107.930
2022-03-21,115.620
2022-03-22,115.480
2022-03-23,121.600
2022-03-24,119.030
2022-03-25,120.650
2022-03-28,112.480
2022-03-29,110.230
2022-03-30,113.450
2022-03-31,107.910
2022-04-01,104.390
2022-04-04,107.530
2022-04-05,106.640
2022-04-06,101.070
2022-04-07,100.580
2022-04-08,102.780
2022-04-11,98.480
2022-04-12,104.640
2022-04-13,108.780
2022-04-14,111.700
2022-04-15,111.700
2022-04-18,113.160
2022-04-19,107.250
2022-04-20,106.800
2022-04-21,108.330
2022-04-22,106.650
2022-04-25,102.320
2022-04-26,104.990
2022-04-27,105.320
2022-04-28,107.590
2022-04-29,109.340
2022-05-02,107.580
2022-05-03,104.970
2022-05-04,110.140
2022-05-05,110.900
2022-05-06,112.390
2022-05-09,105.940
2022-05-10,102.460
2022-05-11,107.510
2022-05-12,107.450
2022-05-13,111.550
2022-05-16,114.240
2022-05-17,111.930
2022-05-18,109.110
2022-05-19,112.040
2022-05-20,112.550
2022-05-23,113.420
2022-05-24,113.560
2022-05-25,114.030
2022-05-26,117.400
2022-05-27,119.430
2022-05-30,121.670
2022-05-31,122.840
2022-06-01,116.290
2022-06-02,117.610
2022-06-03,119.720
2022-06-06,119.510
2022-06-07,120.570
2022-06-08,123.580
2022-06-09,123.070
2022-06-10,122.010
2022-06-13,122.270
2022-06-14,121.170
2022-06-15,118.510
2022-06-16,119.810
2022-06-17,113.120
2022-06-20,114.130
2022-06-21,114.650
2022-06-22,111.740
2022-06-23,110.050
2022-06-24,113.120
2022-06-27,115.090
2022-06-28,117.980
2022-06-29,116.260
2022-06-30,114.810
2022-07-01,111.630
2022-07-04,113.500
2022-07-05,102.770
2022-07-06,100.690
2022-07-07,104.650
2022-07-08,107.020
2022-07-11,107.100
2022-07-12,99.490
2022-07-13,99.570
2022-07-14,99.100
2022-07-15,101.160
2022-07-18,106.270
2022-07-19,107.350
2022-07-20,106.920
2022-07-21,103.860
2022-07-22,103.200
2022-07-25,105.150
2022-07-26,104.400
2022-07-27,106.620
2022-07-28,107.140
2022-07-29,110.010
2022-08-01,100.030
2022-08-02,100.540
2022-08-03,96.780
2022-08-04,94.120
2022-08-05,94.920
2022-08-08,96.650
2022-08-09,96.310
2022-08-10,97.400
2022-08-11,99.600
2022-08-12,98.150
2022-08-15,95.100
2022-08-16,92.340
2022-08-17,93.650
2022-08-18,96.590
2022-08-19,96.720
2022-08-22,96.480
2022-08-23,100.220
2022-08-24,101.220
2022-08-25,99.340
2022-08-26,100.990
2022-08-29,105.090
2022-08-30,99.310
2022-08-31,96.490
2022-09-01,92.360
2022-09-02,93.020
2022-09-05,95.740
2022-09-06,92.830
2022-09-07,88.000
2022-09-08,89.150
2022-09-09,92.840
2022-09-12,94.000
2022-09-13,93.170
2022-09-14,94.100
2022-09-15,90.840
2022-09-16,91.350
2022-09-19,92.000
2022-09-20,90.620
2022-09-21,89.830
2022-09-22,90.460
2022-09-23,86.150
2022-09-26,84.060
2022-09-27,86.270
2022-09-28,89.320
2022-09-29,88.490
2022-09-30,87.960
2022-10-03,88.860
2022-10-04,91.800
2022-10-05,93.370
2022-10-06,94.420
2022-10-07,97.920
2022-10-10,96.190
2022-10-11,94.290
2022-10-12,92.450
2022-10-13,94.570
2022-10-14,91.630
2022-10-17,91.620
2022-10-18,90.030
2022-10-19,92.410
2022-10-20,92.380
2022-10-21,93.500
2022-10-24,93.260
2022-10-25,93.520
2022-10-26,95.690
2022-10-27,96.960
2022-10-28,95.770
2022-10-31,94.830
2022-11-01,94.650
2022-11-02,96.160
2022-11-03,94.670
2022-11-04,98.570
2022-11-07,97.920
2022-11-08,95.360
2022-11-09,92.650
2022-11-10,93.670
2022-11-11,95.990
2022-11-14,93.140
2022-11-15,93.860
2022-11-16,92.860
2022-11-17,89.780
2022-11-18,87.620
2022-11-21,87.450
2022-11-22,88.360
2022-11-23,85.410
2022-11-24,85.340
2022-11-25,83.630
2022-11-28,83.190
2022-11-29,83.030
2022-11-30,85.430
2022-12-01,86.880
2022-12-02,85.570
2022-12-05,82.680
2022-12-06,79.350
2022-12-07,77.170
2022-12-08,76.150
2022-12-09,76.100
2022-12-12,77.990
2022-12-13,80.680
2022-12-14,82.700
2022-12-15,81.210
2022-12-16,79.040
2022-12-19,79.800
2022-12-20,79.990
2022-12-21,82.200
2022-12-22,80.980
2022-12-23,83.920
2022-12-26,83.920
2022-12-27,84.330
2022-12-28,83.260
2022-12-29,82.260
2022-12-30,85.910
2023-01-02,85.910
2023-01-03,82.100
2023-01-04,77.840
2023-01-05,78.690
2023-01-06,78.570
2023-01-09,79.650
2023-01-10,80.100
2023-01-11,82.670
2023-01-12,84.030
2023-01-13,85.280
2023-01-16,84.460
2023-01-17,85.920
2023-01-18,84.980
2023-01-19,86.160
2023-01-20,87.630
2023-01-23,88.190
2023-01-24,86.130
2023-01-25,86.120
2023-01-26,87.470
2023-01-27,86.660
2023-01-30,84.900
2023-01-31,84.490
2023-02-01,82.840
2023-02-02,82.170
2023-02-03,79.940
2023-02-06,80.990
2023-02-07,83.690
2023-02-08,85.090
2023-02-09,84.500
2023-02-10,86.390
2023-02-13,86.610
2023-02-14,85.580
2023-02-15,85.380
2023-02-16,85.140
2023-02-17,83.000
2023-02-20,84.070
2023-02-21,83.050
2023-02-22,80.600
2023-02-23,82.210
2023-02-24,83.160
2023-02-27,82.450
2023-02-28,83.890
2023-03-01,84.310
2023-03-02,84.750
2023-03-03,85.830
2023-03-06,86.180
2023-03-07,83.290
2023-03-08,82.660
2023-03-09,81.590
2023-03-10,82.780
2023-03-13,80.770
2023-03-14,77.450
2023-03-15,73.690
2023-03-16,74.700
2023-03-17,72.970
2023-03-20,73.790
2023-03-21,75.320
2023-03-22,76.690
2023-03-23,75.910
2023-03-24,74.990
2023-03-27,78.120
2023-03-28,78.650
2023-03-29,78.280
2023-03-30,79.270
2023-03-31,79.770
2023-04-03,84.930
2023-04-04,84.940
2023-04-05,84.990
2023-04-06,85.120
2023-04-07,85.120
2023-04-10,84.180
2023-04-11,85.610
2023-04-12,87.330
2023-04-13,86.090
2023-04-14,86.310
2023-04-17,84.760
2023-04-18,84.770
2023-04-19,83.120
2023-04-20,81.100
2023-04-21,81.660
2023-04-24,82.730
2023-04-25,80.770
2023-04-26,77.690
2023-04-27,78.370
2023-04-28,79.540
2023-05-01,79.310
2023-05-02,75.320
2023-05-03,72.330
2023-05-04,72.500
2023-05-05,75.300
2023-05-08,77.010
2023-05-09,77.440
2023-05-10,76.410
2023-05-11,74.980
2023-05-12,74.170
2023-05-15,75.230
2023-05-16,74.910
2023-05-17,76.960
2023-05-18,75.860
2023-05-19,75.580
2023-05-22,75.990
2023-05-23,76.840
2023-05-24,78.360
2023-05-25,76.260
2023-05-26,76.950
2023-05-29,77.070
2023-05-30,73.540
2023-05-31,72.660
2023-06-01,74.280
2023-06-02,76.130
2023-06-05,76.710
2023-06-06,76.290
2023-06-07,76.950
2023-06-08,75.960
2023-06-09,74.790
2023-06-12,71.840
2023-06-13,74.290
2023-06-14,73.200
2023-06-15,75.670
2023-06-16,76.610
2023-06-19,76.090
2023-06-20,75.900
2023-06-21,77.120
2023-06-22,74.140
2023-06-23,73.850
2023-06-26,74.180
2023-06-27,72.260
2023-06-28,74.030
2023-06-29,74.340
2023-06-30,74.900
2023-07-03,74.650
2023-07-04,76.250
2023-07-05,76.650
2023-07-06,76.520
2023-07-07,78.470
2023-07-10,77.690
2023-07-11,79.400
2023-07-12,80.110
2023-07-13,81.360
2023-07-14,79.870
2023-07-17,78.500
2023-07-18,79.630
2023-07-19,79.460
2023-07-20,79.640
2023-07-21,81.070
2023-07-24,82.740
2023-07-25,83.640
2023-07-26,82.920
2023-07-27,84.240
2023-07-28,84.990
2023-07-31,85.560
2023-08-01,84.910
2023-08-02,83.200
2023-08-03,85.140
2023-08-04,86.240
2023-08-07,85.340
2023-08-08,86.170
2023-08-09,87.550
2023-08-10,86.400
2023-08-11,86.810
2023-08-14,86.210
2023-08-15,84.890
2023-08-16,83.450
2023-08-17,84.120
2023-08-18,84.800
2023-08-21,84.460
2023-08-22,84.030
2023-08-23,83.210
2023-08-24,83.360
2023-08-25,84.480
2023-08-28,84.420
2023-08-29,85.490
2023-08-30,85.860
2023-08-31,86.860
2023-09-01,88.550
2023-09-04,89.000
2023-09-05,90.040
2023-09-06,90.600
2023-09-07,89.920
2023-09-08,90.650
2023-09-11,90.640
2023-09-12,92.060
2023-09-13,91.880
2023-09-14,93.700
2023-09-15,93.930
2023-09-18,94.430
2023-09-19,94.340
2023-09-20,93.530
2023-09-21,93.300
2023-09-22,93.270
2023-09-25,93.290
2023-09-26,93.960
2023-09-27,96.550
2023-09-28,95.380
2023-09-29,95.310
2023-10-02,90.710
2023-10-03,90.920
2023-10-04,85.810
2023-10-05,84.070
2023-10-06,84.580
2023-10-09,88.150
2023-10-10,87.650
2023-10-11,85.820
2023-10-12,86.000
2023-10-13,90.890
2023-10-16,89.650
2023-10-17,89.900
2023-10-18,91.500
2023-10-19,92.380
2023-10-20,92.160
2023-10-23,89.830
2023-10-24,88.070
2023-10-25,90.130
2023-10-26,87.930
2023-10-27,90.480
2023-10-30,87.450
2023-10-31,87.410
2023-11-01,84.630
2023-11-02,86.850
2023-11-03,84.890
2023-11-06,85.180
2023-11-07,81.610
2023-11-08,79.540
2023-11-09,80.010
2023-11-10,81.430
2023-11-13,82.520
2023-11-14,82.470
2023-11-15,81.180
2023-11-16,77.420
2023-11-17,80.610
2023-11-20,82.320
2023-11-21,82.450
2023-11-22,81.960
2023-11-23,81.420
2023-11-24,80.580
2023-11-27,79.980
2023-11-28,81.680
2023-11-29,83.100
2023-11-30,82.830
2023-12-01,78.880
2023-12-04,78.030
2023-12-05,77.200
2023-12-06,74.300
2023-12-07,74.050
2023-12-08,75.840
2023-12-11,76.030
2023-12-12,73.240
2023-12-13,74.260
2023-12-14,76.610
2023-12-15,76.550
2023-12-18,77.950
2023-12-19,79.230
2023-12-20,79.700
2023-12-21,79.390
2023-12-22,79.070
2023-12-25,79.070
2023-12-26,81.070
2023-12-27,79.650
2023-12-28,78.390
2023-12-29,77.040
2024-01-01,77.040
2024-01-02,75.890
2024-01-03,78.250
2024-01-04,77.590
2024-01-05,78.760
2024-01-08,76.120
2024-01-09,77.590
2024-01-10,76.800
2024-01-11,77.410
2024-01-12,78.290
2024-01-15,78.150
2024-01-16,78.290
2024-01-17,77.880
2024-01-18,79.100
2024-01-19,78.560
2024-01-22,80.060
2024-01-23,79.550
2024-01-24,80.040
2024-01-25,82.430
2024-01-26,83.550
2024-01-29,82.400
2024-01-30,82.870
2024-01-31,81.710
2024-02-01,78.700
2024-02-02,77.330
2024-02-05,77.990
2024-02-06,78.590
2024-02-07,79.210
2024-02-08,81.630
2024-02-09,82.190
2024-02-12,82.000
2024-02-13,82.770
2024-02-14,81.600
2024-02-15,82.860
2024-02-16,83.470
2024-02-19,83.560
2024-02-20,82.340
2024-02-21,83.030
2024-02-22,83.670
2024-02-23,81.620
2024-02-26,82.530
2024-02-27,83.650
2024-02-28,83.680
2024-02-29,83.620
2024-03-01,83.550
2024-03-04,82.800
2024-03-05,82.040
2024-03-06,82.960
2024-03-07,82.960
2024-03-08,82.080
2024-03-11,82.210
2024-03-12,81.920
2024-03-13,84.030
2024-03-14,85.420
2024-03-15,85.340
2024-03-18,86.890
2024-03-19,87.380
2024-03-20,85.950
2024-03-21,85.780
2024-03-22,85.430
2024-03-25,86.750
2024-03-26,86.250
2024-03-27,86.090
2024-03-28,87.480
2024-03-29,87.480
2024-04-01,87.420
2024-04-02,88.920
2024-04-03,89.350
2024-04-04,90.650
2024-04-05,91.170
2024-04-08,90.380
2024-04-09,89.420
2024-04-10,90.480
2024-04-11,89.740
2024-04-12,90.450
2024-04-15,90.100
2024-04-16,90.020
2024-04-17,87.290
2024-04-18,87.110
2024-04-19,87.290
2024-04-22,87.000
2024-04-23,88.420
2024-04-24,88.020
2024-04-25,89.010
2024-04-26,89.500
2024-04-29,88.400
2024-04-30,87.860
2024-05-01,83.440
2024-05-02,83.670
2024-05-03,82.960
2024-05-06,83.330
2024-05-07,83.160
2024-05-08,83.580
2024-05-09,83.880
2024-05-10,82.790
2024-05-13,83.360
2024-05-14,82.380
2024-05-15,82.750
2024-05-16,83.270
2024-05-17,83.980
2024-05-20,83.710
2024-05-21,82.880
2024-05-22,81.900
2024-05-23,81.360
2024-05-24,82.120
2024-05-27,83.100
2024-05-28,84.220
2024-05-29,83.600
2024-05-30,81.860
2024-05-31,81.620
2024-06-03,78.360
2024-06-04,77.520
2024-06-05,78.410
2024-06-06,79.870
2024-06-07,79.620
2024-06-10,81.630
2024-06-11,81.920
2024-06-12,82.600
2024-06-13,82.750
2024-06-14,82.620
2024-06-17,84.250
2024-06-18,85.330
2024-06-19,85.070
2024-06-20,85.710
2024-06-21,85.240
2024-06-24,86.010
2024-06-25,85.010
2024-06-26,85.250
2024-06-27,86.390
2024-06-28,86.410
2024-07-01,86.600
2024-07-02,86.240
2024-07-03,87.340
2024-07-04,87.430
2024-07-05,86.540
2024-07-08,85.750
2024-07-09,84.660
2024-07-10,85.080
2024-07-11,85.400
2024-07-12,85.030
2024-07-15,84.850
2024-07-16,83.730
2024-07-17,85.080
2024-07-18,85.110
2024-07-19,82.630
2024-07-22,82.400
2024-07-23,81.010
2024-07-24,81.710
2024-07-25,82.370
2024-07-26,81.130
2024-07-29,79.780
2024-07-30,78.630
2024-07-31,80.720
2024-08-01,79.520
2024-08-02,76.810
2024-08-05,76.300
2024-08-06,76.480
2024-08-07,78.330
2024-08-08,79.160
2024-08-09,79.660
2024-08-12,82.300
2024-08-13,80.690
2024-08-14,79.760
2024-08-15,81.040
2024-08-16,79.680
2024-08-19,77.660
2024-08-20,77.200
2024-08-21,76.050
2024-08-22,77.220
2024-08-23,79.020
2024-08-26,81.430
2024-08-27,79.550
2024-08-28,78.650
2024-08-29,79.940
2024-08-30,78.800
2024-09-02,77.520
2024-09-03,73.750
2024-09-04,72.700
2024-09-05,72.690
2024-09-06,71.060
2024-09-09,71.840
2024-09-10,69.190
2024-09-11,70.610
2024-09-12,71.970
2024-09-13,71.610
2024-09-16,72.750
2024-09-17,73.700
2024-09-18,73.650
2024-09-19,74.880
2024-09-20,74.490
2024-09-23,73.900
2024-09-24,75.170
2024-09-25,73.460
2024-09-26,71.600
2024-09-27,71.980
2024-09-30,71.770
2024-10-01,73.560
2024-10-02,73.900
2024-10-03,77.620
2024-10-04,78.050
2024-10-07,80.930
2024-10-08,77.180
2024-10-09,76.580
2024-10-10,79.400
2024-10-11,79.040
2024-10-14,77.460
2024-10-15,74.250
2024-10-16,74.220
2024-10-17,74.450
2024-10-18,73.060
2024-10-21,74.290
2024-10-22,76.040
2024-10-23,74.960
2024-10-24,74.380
2024-10-25,76.050
2024-10-28,71.420
2024-10-29,71.120
2024-10-30,72.550
2024-10-31,73.160
2024-11-01,73.100
2024-11-04,75.080
2024-11-05,75.530
2024-11-06,74.920
2024-11-07,75.630
2024-11-08,73.870
2024-11-11,71.830
2024-11-12,71.890
2024-11-13,72.280
2024-11-14,72.560
2024-11-15,71.040
2024-11-18,73.300
2024-11-19,73.310
2024-11-20,72.810
2024-11-21,74.230
2024-11-22,75.170
2024-11-25,73.010
2024-11-26,72.810
2024-11-27,72.830
2024-11-28,73.280
2024-11-29,72.940
2024-12-02,71.830
2024-12-03,73.620
2024-12-04,72.310
2024-12-05,72.090
2024-12-06,71.120
2024-12-09,72.140
2024-12-10,72.190
2024-12-11,73.520
2024-12-12,73.410
2024-12-13,74.490
2024-12-16,73.910
2024-12-17,73.190
2024-12-18,73.390
2024-12-19,72.880
2024-12-20,72.940
2024-12-23,72.630
2024-12-24,73.580
2024-12-25,73.580
2024-12-26,73.260
2024-12-27,74.170
2024-12-30,74.390
2024-12-31,74.640
2025-01-01,74.640
2025-01-02,75.930
2025-01-03,76.510
2025-01-06,76.300
2025-01-07,77.050
2025-01-08,76.160
2025-01-09,76.920
2025-01-10,79.760
2025-01-13,81.010
2025-01-14,79.920
2025-01-15,82.030
2025-01-16,81.290
2025-01-17,80.790
2025-01-20,80.150
2025-01-21,79.290
2025-01-22,79.000
2025-01-23,78.290
2025-01-24,78.500
2025-01-27,77.080
2025-01-28,77.490
2025-01-29,76.580
2025-01-30,76.870
2025-01-31,76.760
2025-02-03,75.960
2025-02-04,76.200
2025-02-05,74.610
2025-02-06,74.290
2025-02-07,74.660
2025-02-10,75.870
2025-02-11,77.000
2025-02-12,75.180
2025-02-13,75.020
2025-02-14,74.740
2025-02-17,75.220
2025-02-18,75.840
2025-02-19,76.040
2025-02-20,76.480
2025-02-21,74.430
2025-02-24,74.780
2025-02-25,73.020
2025-02-26,72.530
2025-02-27,74.040
2025-02-28,73.180
2025-03-03,71.620
2025-03-04,71.040
2025-03-05,69.300
2025-03-06,69.460
2025-03-07,70.360
2025-03-10,69.280
2025-03-11,69.560
2025-03-12,70.950
2025-03-13,69.880
2025-03-14,70.580
2025-03-17,71.070
2025-03-18,70.560
2025-03-19,70.780
2025-03-20,72.000
2025-03-21,72.160
2025-03-24,73.000
2025-03-25,73.020
2025-03-26,73.790
2025-03-27,74.030
2025-03-28,73.630
2025-03-31,74.740
2025-04-01,74.490
2025-04-02,74.950
2025-04-03,70.140
2025-04-04,65.580
2025-04-07,64.210
2025-04-08,62.820
2025-04-09,65.480
2025-04-10,63.330
2025-04-11,64.760
2025-04-14,64.880
2025-04-15,64.670
2025-04-16,65.850
2025-04-17,67.960
2025-04-18,67.960
2025-04-21,66.260
2025-04-22,67.440
2025-04-23,66.120
2025-04-24,66.550
2025-04-25,66.870
2025-04-28,65.860
2025-04-29,64.250
2025-04-30,63.120
2025-05-01,62.130
2025-05-02,61.290
2025-05-05,60.230
2025-05-06,62.150
2025-05-07,61.120
2025-05-08,62.840
2025-05-09,63.910
2025-05-12,64.960
2025-05-13,66.630
2025-05-14,66.090
2025-05-15,64.530
2025-05-16,65.410
2025-05-19,65.540
2025-05-20,65.380
2025-05-21,64.910
2025-05-22,64.440
2025-05-23,64.780
2025-05-26,64.740
2025-05-27,64.090
2025-05-28,64.900
2025-05-29,64.150
2025-05-30,63.900
2025-06-02,64.630
2025-06-03,65.630
2025-06-04,64.860
2025-06-05,65.340
2025-06-06,66.470
2025-06-09,67.040
2025-06-10,66.870
2025-06-11,69.770
2025-06-12,69.360
2025-06-13,74.230
2025-06-16,73.230
2025-06-17,76.450
2025-06-18,76.700
2025-06-19,78.850
2025-06-20,77.010
2025-06-23,71.480
2025-06-24,67.140
2025-06-25,67.680
2025-06-26,67.730
2025-06-27,67.770
2025-06-30,67.610
2025-07-01,67.110
2025-07-02,69.110
2025-07-03,68.800
2025-07-04,68.300
2025-07-07,69.580
2025-07-08,70.150
2025-07-09,70.190
2025-07-10,68.640
2025-07-11,70.360
2025-07-14,69.210
2025-07-15,68.710
2025-07-16,68.520
2025-07-17,69.520
2025-07-18,69.280
2025-07-21,69.210
2025-07-22,68.590
2025-07-23,68.510
2025-07-24,69.180
2025-07-25,68.440
2025-07-28,70.040
2025-07-29,72.510
2025-07-30,73.240
2025-07-31,72.530
2025-08-01,69.670
2025-08-04,68.760
2025-08-05,67.640
2025-08-06,66.890
2025-08-07,66.430
2025-08-08,66.590
2025-08-11,66.630
2025-08-12,66.120
2025-08-13,65.630
2025-08-14,66.840
2025-08-15,65.850
2025-08-18,66.600
2025-08-19,65.790
2025-08-20,66.840
2025-08-21,67.670
2025-08-22,67.730
2025-08-25,68.800
2025-08-26,67.220
2025-08-27,68.050
2025-08-28,68.620
2025-08-29,68.120
2025-09-01,68.150
2025-09-02,69.140
2025-09-03,67.600
2025-09-04,66.990
2025-09-05,65.500
2025-09-08,66.020
2025-09-09,66.390
2025-09-10,67.490
2025-09-11,66.370
2025-09-12,66.990
2025-09-15,67.440
2025-09-16,68.470
2025-09-17,67.950
2025-09-18,67.440
2025-09-19,66.680
2025-09-22,66.570
2025-09-23,67.630
2025-09-24,69.310
2025-09-25,69.420
2025-09-26,70.130
2025-09-29,67.970
2025-09-30,67.020
2025-10-01,65.350
2025-10-02,64.110
2025-10-03,64.530
2025-10-06,65.470
2025-10-07,65.450
2025-10-08,66.250
2025-10-09,65.220
2025-10-10,62.730
2025-10-13,63.320
2025-10-14,62.390
2025-10-15,61.910
2025-10-16,61.060
2025-10-17,61.290
2025-10-20,61.010
2025-10-21,61.320
2025-10-22,62.590
2025-10-23,65.990
2025-10-24,65.940
2025-10-27,65.620
2025-10-28,64.400
2025-10-29,64.920
2025-10-30,65.000
2025-10-31,65.070
2025-11-03,64.890
2025-11-04,64.440
2025-11-05,63.520
2025-11-06,63.380
2025-11-07,63.630
2025-11-10,64.060
2025-11-11,65.160
2025-11-12,62.710
2025-11-13,63.010
2025-11-14,64.390
2025-11-17,64.200
2025-11-18,64.890
2025-11-19,63.510
2025-11-20,63.380
2025-11-21,62.560
2025-11-24,63.370
2025-11-25,62.480
2025-11-26,63.130
2025-11-27,63.340
2025-11-28,63.200
2025-12-01,63.170
2025-12-02,62.450
2025-12-03,62.670
2025-12-04,63.260
2025-12-05,63.750
2025-12-08,62.490
2025-12-09,61.940
2025-12-10,62.210
2025-12-11,61.280
2025-12-12,61.120
2025-12-15,60.560
2025-12-16,58.920
2025-12-17,59.680
2025-12-18,59.820
2025-12-19,60.470
2025-12-22,62.070
2025-12-23,62.380
2025-12-24,62.240
2025-12-25,62.240
2025-12-26,60.640
2025-12-29,61.940
2025-12-30,61.920
2025-12-31,60.850
2026-01-01,60.850
2026-01-02,60.750
2026-01-05,61.760
2026-01-06,60.700
2026-01-07,59.960
2026-01-08,61.990
2026-01-09,63.340
2026-01-12,63.870
2026-01-13,65.470
2026-01-14,66.520
2026-01-15,63.760
2026-01-16,64.130
2026-01-19,63.940
2026-01-20,64.920
2026-01-21,65.240
2026-01-22,64.060
2026-01-23,65.880
2026-01-26,65.590
2026-01-27,67.570
2026-01-28,68.400
2026-01-29,70.710
2026-01-30,70.690
2026-02-02,66.300
2026-02-03,67.330
2026-02-04,69.460
2026-02-05,67.550
2026-02-06,68.050
2026-02-09,69.040
