date,DUBSINR,PCAAU00,LLCC.02,LLCC.03,NBRC.01,NCLC.01,NHOC.01,.OVX,LLCC.01,NDXYSPT,NCLC.02,DOQC.01,NBRNCLF,NBRNCSF,NBRTRLF,NBRTRSF,NBRTRLC,NBRTRSC,USSNGP.SP,D-PCABS00,D-AAXPG00,D-PCAAU00,D-PCAAV00,D-AAHZF00,D-AAHZH00,D-PCACG00,D-PCACH00,D-PCAAQ00,D-AAFFU00,D-AAFFW00,D-PCAJG00,D-XDOA001,D-XNCLA01,D-XNCLA02,D-XILLA01,D-PCAJI00,D-PCAJ000,D-XNCLA03,NRBC.01-NCLC.01,NHOC.01-NCLC.01,PCAAT00,U:USO,GPRD,GPRD_ACT,GPRD_THREAT,GPRD_MA7,WTTNTUS2,WCRNTUS2_4WEEK_AVG,WCRIMUS2_4WEEK_AVG,WCEIMUS2_4WEEK_AVG,WCREXUS2_4WEEK_AVG,W_EPC0_SCG_NUS_MBBLD_4WEEK_AVG,WCSSCUS2_4WEEK_AVG,WCESCUS2_4WEEK_AVG,WRPNTUS2_4WEEK_AVG,WRPIMUS2_4WEEK_AVG,WRPEXUS2_4WEEK_AVG,WPESCUS2_4WEEK_AVG,WTTNTUS2_4WEEK_AVG,WCESTP21,W_EPC0_SAX_YCUOK_MBBL,WCESTP31,WTTIMUS2,WTTEXUS2,RWTC,RBRTE,CHSS300,WTLM1UC,US10YT=RRPS,US3YT=RRPS,.VIX,DUHSINR,FSPHUM1,U:EDIV,U:DVYE,NBRNCLC,NBRNCSC,NBRCMLF,NBRCMSF,NBRCMLC,NBRCMSC,NBRTOTF,NBRTOTC,NBRPMLF,NBRPMSF,NBRPMLC,NBRPMSC,NBRSWLF,NBRSWSF,NBRSWLC,NBRSWSC,NBRMMLF,NBRMMSF,NBRMMLC,NBRMMSC,LLCSWLF,LLCSWSF,LLCSWLC,LLCSWSC,LLCMMLF,LLCMMSF,USTRCN10,CHRETTY%R,CHPMIMF.Q,CHVA%NATR,USENCONSP,USNGPEXOA,USNGPIMOA,USIPENERP,GPRD_MA30,WCRSTUS1,WCESTUS1,WTTSTUS1,WTESTUS1,WCRFPUS2,W_EPC0_FPF_R48_MBBLD,WCRNTUS2,WCRIMUS2,WCEIMUS2,WCREXUS2,W_EPC0_SCG_NUS_MBBLD,WCESCUS2,WCRRIUS2,W_EPC0_TVP_NUS_MBBLD,WCRFPUS2_4WEEK_AVG,W_EPC0_FPF_SAK_MBBLD_4WEEK_AVG,W_EPC0_FPF_R48_MBBLD_4WEEK_AVG,WCRRIUS2_4WEEK_AVG,W_EPC0_TVP_NUS_MBBLD_4WEEK_AVG,WCESTP11,WCESTP41,WCESTP51,W_EPC0_SKA_NUS_MBBL,WCEIMP42,WCEIMP52,WTTIMUS2_4WEEK_AVG,WTTEXUS2_4WEEK_AVG,.GVZ,VDAXNEW,VSTOXXI,CHSCOMP,TRBD10T,U:VWO,U:IEMG,U:EEM,U:SCHE,U:EEMV,U:FNDE,U:GEM,U:CWI,U:DGS,U:PXH,U:SPEM,U:ECON,U:FM,U:TLTE,@EEMA,U:EWX,U:GMF,@FEM,U:HEEM,U:EDC,U:BKF,U:EEMS,@FEMS,U:EELV,U:QEMM,@PIE,U:DBEM,@ESGE,U:JPEM,U:INCO,NBRNCXF,NBRNCXC,NBRNRLF,NBRNRSF,NBRNRLC,NBRNRSC,NBRSWXF,NBRSWXC,NBRMMXF,NBRMMXC,NBRORLF,NBRORSF,NBRORLC,NBRORSC,LLCPMSF,LLCPMLC,LLCPMSC,LLCSWXF,LLCSWXC,USPQWIUEP,USRRCTOTP,USCNFBSSQ,USSNGIALP,USSNGIERP,USSNGIMRP,USSNGIMWP,USSNGIPRP,USSNGISRP,USSNGIWGP,USPQOAPXP,USPQORCBP,USPQORCEP,USPQORCHP,USPQORCPP,USPQWICBP,USPQWICHP,USPQWICPP,USPQWIDBP,USPQWIDHP,USPQWIDPP,USPQWIKUP,USPQWIPIP,D-PGAEY00,D-PAAAD00,D-PAAAP00,D-PJABF00,D-AAOVC00,D-AAFEX00,D-PUADV00,D-PPXDK00,D-AAXEL00,D-AAXEM00,D-AAXFE00,D-AAXFF00,D-PJABS00,D-PJABT00,D-POAFC00,D-POAFG00,D-PUAXZ00,D-PUAYF00,D-AAPKC00,D-AAPKD00,D-FOFS001,D-FOFS002,D-PGAEZ00,D-AASFA00,D-AMFSA00,WWOUP_NUS_2_4WEEK_AVG,W_EPLLCL2A_TVP_NUS_MBBLD_4WEEK_AVG,W_EPLLNGPU_TVP_NUS_MBBLD_4WEEK_AVG,W_EPC0NG_TVP_NUS_MBBLD_4WEEK_AVG,WDISTP11,WDIST1A1,WDIST1B1,WDIST1C1,WDISTP21,WDISTP31,WDISTP41,WDISTP51,WD0ST_R10_1,WD0ST_R1X_1,WD0ST_R1Y_1,WD0ST_R1Z_1,WD0ST_R20_1,WD0ST_R30_1,WD0ST_R40_1,WD0ST_R50_1,WD1ST_R10_1,WD1ST_R1X_1,WD1ST_R1Y_1,WD1ST_R1Z_1,WD1ST_R20_1,WD1ST_R30_1,WD1ST_R40_1,WD1ST_R50_1,WDGSTP11,WDGST1A1,WDGST1B1,WCEIMP12_4WEEK_AVG,WCEIMP22_4WEEK_AVG,WCEIMP32_4WEEK_AVG,WCEIMP42_4WEEK_AVG,WCEIMP52_4WEEK_AVG,EER_EPMRU_PF4_Y35NY_DPG,EER_EPMRU_PF4_RGC_DPG,EER_EPMRR_PF4_Y05LA_DPG,EER_EPD2F_PF4_Y35NY_DPG,EER_EPD2DXL0_PF4_Y35NY_DPG,EER_EPD2DXL0_PF4_RGC_DPG,EER_EPD2DC_PF4_Y05LA_DPG,EER_EPJK_PF4_RGC_DPG,EER_EPLLPA_PF4_Y44MB_DPG,D-PCAAT00
2025-10-27,12.0,0.91,64.9,64.32,65.62,61.31,2.436,38.96,65.62,98.783,60.78,67.64,48025.0,62711.0,203003.0,204672.0,226275.0,228015.0,3.19,67.66,65.54,65.77,64.86,65.77,64.86,61.31,60.78,66.04,61.09,60.57,65.58,67.84,61.09,60.57,65.49,64.85,64.24,60.14,17.062,39.906,1.89,73.12,155.52,232.561,155.183,151.77,-4282.0,1917.0,5920.0,5920.0,4003.0,381.0,93.0,288.0,-5374.0,1728.0,7103.0,-192.0,-3457.0,101606.0,21231.0,244299.0,7274.0,11556.0,59.3,62.28,4716.02,-4.31,0.962,0.966,15.79,9.22,0.05,39.01,30.49,49188.0,62544.0,84173.0,71156.0,101167.0,89552.0,208408.0,231980.0,46885.0,61256.0,50591.0,68125.0,31364.0,3976.0,30861.0,1712.0,11810.0,3379.0,11821.0,3278.0,438672.0,51835.0,448713.0,54973.0,255919.0,145608.0,4.06,2.9,50.6,4.9,8130.309,5.21,1.73,9299.341,144.223,831388.0,422824.0,1693212.0,1284648.0,13629.0,13208.0,1715.0,5918.0,5918.0,4203.0,-20.0,-137.0,15730.0,458.0,13600.0,428.0,13172.0,15831.0,365.0,7633.0,23513.0,45773.0,3869.0,488.0,813.0,7648.0,11105.0,23.94,16.45,16.34,3996.94,2.618,55.64,68.79,55.71,34.3,65.74,37.21,42.585,35.91,57.33,26.18,48.23,28.1,27.19,65.345,96.87,67.79,142.989,27.025,35.194,56.8,45.919,69.14,42.645,26.85,68.84,24.162,32.355,45.03,60.12,66.49,70805.0,75919.0,5405.0,3736.0,5705.0,3965.0,5924.0,19715.0,5888.0,6335.0,36215.0,59332.0,37367.0,59266.0,1381797.0,1252935.0,1565643.0,125147.0,342029.0,335.0,542.0,48.7,34.71,848.0,272.43,988.57,303.14,1194.57,3641.42,37.0,29.75,54.5,45.25,250.5,74.0,44.0,445.0,59.0,42.0,423.0,71.0,69.0,79.91,577.62,62.6,91.64,93.42,92.01,389.06,386.97,77.3,75.44,573.0,566.0,90.03,88.24,90.91,88.29,393.0,396.4,387.7,389.65,447.25,449.0,82.51,91.5,446.29,5089.0,46.0,319.0,-365.0,26830.0,3751.0,12598.0,10481.0,27293.0,45086.0,3604.0,12738.0,25503.0,3723.0,12148.0,9632.0,26547.0,37565.0,3411.0,11926.0,757.0,28.0,184.0,545.0,412.0,2121.0,74.0,234.0,570.0,0.0,266.0,645.0,2771.0,1026.0,421.0,1057.0,1.888,1.914,2.175,2.183,2.331,2.179,2.416,2.163,0.619,67.66
2025-10-28,12.57,-15.38%,63.83,63.45,64.4,60.15,2.387,37.18,64.4,98.667,59.78,65.45,48025.0,62711.0,203003.0,204672.0,226275.0,228015.0,3.19,-3.49%,-1.88%,-1.98%,-1.79%,-1.46%,-1.26%,-1.89%,-1.65%,-2.74%,-1.57%,-1.52%,-1.88%,-3.67%,-1.57%,-1.52%,-1.80%,-1.79%,-1.49%,-1.31%,18.113,39.109,-74.07%,71.39,180.031,143.581,215.57,146.325,-4282.0,1917.0,5920.0,5920.0,4003.0,381.0,93.0,288.0,-5374.0,1728.0,7103.0,-192.0,-3457.0,101606.0,21231.0,244299.0,7274.0,11556.0,62.44,66.32,4691.97,-4.24,0.962,0.966,16.42,9.69,0.06,38.99,30.63,49188.0,62544.0,84173.0,71156.0,101167.0,89552.0,208408.0,231980.0,46885.0,61256.0,50591.0,68125.0,31364.0,3976.0,30861.0,1712.0,11810.0,3379.0,11821.0,3278.0,454451.0,47781.0,467517.0,52745.0,242430.0,190639.0,4.06,2.9,50.6,4.9,8130.309,5.21,1.73,9299.341,146.553,831388.0,422824.0,1693212.0,1284648.0,13629.0,13208.0,1715.0,5918.0,5918.0,4203.0,-20.0,-137.0,15730.0,458.0,13600.0,428.0,13172.0,15831.0,365.0,7633.0,23513.0,45773.0,3869.0,488.0,813.0,7648.0,11105.0,24.03,16.47,16.44,3988.22,2.621,55.61,68.77,55.69,34.27,65.69,37.27,42.55,35.95,57.43,26.23,48.18,28.033,27.19,65.324,96.61,67.681,143.098,26.975,35.135,56.72,45.87,69.358,42.345,26.98,68.864,24.36,32.234,45.1,60.269,66.04,70805.0,75919.0,5405.0,3736.0,5705.0,3965.0,5924.0,19715.0,5888.0,6335.0,36215.0,59332.0,37367.0,59266.0,1439173.0,1355407.0,1636056.0,122019.0,351062.0,335.0,542.0,48.7,34.71,848.0,272.43,988.57,303.14,1194.57,3641.42,37.0,29.75,54.5,45.25,250.5,74.0,44.0,445.0,59.0,42.0,423.0,71.0,69.0,-0.81%,-1.56%,-1.60%,+0.57%,+0.30%,-0.13%,-0.66%,-1.03%,-0.19%,-0.45%,-1.92%,-1.90%,+0.52%,+0.20%,+0.31%,+0.06%,-0.78%,-1.00%,-0.90%,-0.76%,-0.89%,-0.94%,-0.52%,+2.73%,-1.00%,5089.0,46.0,319.0,-365.0,26830.0,3751.0,12598.0,10481.0,27293.0,45086.0,3604.0,12738.0,25503.0,3723.0,12148.0,9632.0,26547.0,37565.0,3411.0,11926.0,757.0,28.0,184.0,545.0,412.0,2121.0,74.0,234.0,570.0,0.0,266.0,645.0,2771.0,1026.0,421.0,1057.0,1.931,1.959,2.194,2.291,2.438,2.285,2.523,2.265,0.64,-3.99%
2025-10-29,11.43,-48.05%,64.32,63.89,64.92,60.48,2.424,37.14,64.92,99.22,60.16,66.03,48025.0,62711.0,203003.0,204672.0,226275.0,228015.0,3.19,-1.23%,-0.57%,-1.13%,-0.57%,-1.13%,-0.56%,+0.55%,+0.64%,+1.48%,-0.67%,-0.44%,-0.57%,-0.46%,-0.67%,-0.44%,-0.58%,-0.35%,-0.17%,-0.24%,18.929,40.198,-14.29%,71.8,121.105,127.834,130.321,136.951,-4336.0,1569.0,5724.0,5724.0,4155.0,65.0,86.0,-21.0,-5344.0,1614.0,6957.0,-681.0,-3774.0,103747.0,22565.0,234313.0,6691.0,11027.0,62.27,65.8,4747.84,-4.38,0.961,0.965,16.92,8.43,0.08,38.94,30.65,49188.0,62544.0,84173.0,71156.0,101167.0,89552.0,208408.0,231980.0,46885.0,61256.0,50591.0,68125.0,31364.0,3976.0,30861.0,1712.0,11810.0,3379.0,11821.0,3278.0,454451.0,47781.0,467517.0,52745.0,242430.0,190639.0,4.06,2.9,50.6,4.9,8130.309,5.21,1.73,9299.341,146.741,825063.0,415966.0,1677842.0,1268745.0,13644.0,13212.0,690.0,5051.0,5051.0,4361.0,-904.0,-980.0,15219.0,463.0,13635.0,429.0,13206.0,15594.0,411.0,8063.0,23361.0,46482.0,5275.0,361.0,810.0,7338.0,11112.0,24.7,17.19,17.03,4016.33,2.618,55.77,69.14,56.01,34.37,65.76,37.42,42.69,35.83,57.39,26.32,48.31,28.22,27.19,65.595,97.11,67.67,143.58,27.044,35.365,57.69,45.86,69.34,42.636,26.89,68.98,24.284,32.452,45.31,60.295,65.867,70805.0,75919.0,5405.0,3736.0,5705.0,3965.0,5924.0,19715.0,5888.0,6335.0,36215.0,59332.0,37367.0,59266.0,1439173.0,1355407.0,1636056.0,122019.0,351062.0,335.0,542.0,48.7,34.71,848.0,272.43,988.57,303.14,1194.57,3641.42,37.0,29.75,54.5,45.25,250.5,74.0,44.0,445.0,59.0,42.0,423.0,71.0,69.0,+0.25%,+0.44%,+0.50%,-2.42%,-1.65%,-1.77%,-2.54%,-2.70%,+0.13%,+0.12%,+0.53%,+0.50%,-2.21%,-1.67%,-1.63%,-1.53%,-2.49%,-2.03%,-2.71%,-2.36%,-1.02%,-0.82%,+0.24%,+10.64%,-1.05%,5113.0,46.0,366.0,-411.0,25461.0,3487.0,12142.0,9832.0,25036.0,45663.0,3543.0,12486.0,24175.0,3465.0,11698.0,9013.0,24357.0,38079.0,3320.0,11692.0,768.0,22.0,173.0,573.0,379.0,2045.0,103.0,220.0,518.0,0.0,272.0,644.0,2708.0,974.0,392.0,1006.0,1.925,1.848,2.188,2.299,2.447,2.297,2.532,2.277,0.664,-1.23%
2025-10-30,11.93,+127.50%,64.37,63.89,65.0,60.57,2.46,34.74,65.0,99.526,60.2,67.29,48025.0,62711.0,203003.0,204672.0,226275.0,228015.0,3.19,+2.98%,+0.85%,+1.68%,+0.88%,+1.14%,+0.35%,+0.15%,+0.07%,-0.34%,+0.37%,+0.35%,+0.50%,+2.41%,+0.37%,+0.35%,+0.61%,+0.44%,+0.21%,+0.20%,18.919,40.616,+283.33%,71.71,196.925,140.228,257.321,142.549,-4336.0,1569.0,5724.0,5724.0,4155.0,65.0,86.0,-21.0,-5344.0,1614.0,6957.0,-681.0,-3774.0,103747.0,22565.0,234313.0,6691.0,11027.0,62.13,65.52,4709.91,-4.4,0.961,0.965,16.91,8.86,0.11,38.6,30.53,49188.0,62544.0,84173.0,71156.0,101167.0,89552.0,208408.0,231980.0,46885.0,61256.0,50591.0,68125.0,31364.0,3976.0,30861.0,1712.0,11810.0,3379.0,11821.0,3278.0,454451.0,47781.0,467517.0,52745.0,242430.0,190639.0,4.06,2.9,50.6,4.9,8130.309,5.21,1.73,9299.341,149.303,825063.0,415966.0,1677842.0,1268745.0,13644.0,13212.0,690.0,5051.0,5051.0,4361.0,-904.0,-980.0,15219.0,463.0,13635.0,429.0,13206.0,15594.0,411.0,8063.0,23361.0,46482.0,5275.0,361.0,810.0,7338.0,11112.0,24.82,17.11,16.87,3986.9,2.637,55.19,68.39,55.43,34.02,65.24,37.08,42.23,35.65,56.8,26.04,47.83,27.859,27.19,64.954,96.22,67.064,142.0,27.082,35.0,55.83,45.385,68.704,42.305,26.83,68.332,24.135,32.182,44.79,60.116,65.667,70805.0,75919.0,5405.0,3736.0,5705.0,3965.0,5924.0,19715.0,5888.0,6335.0,36215.0,59332.0,37367.0,59266.0,1439173.0,1355407.0,1636056.0,122019.0,351062.0,335.0,542.0,48.7,34.71,848.0,272.43,988.57,303.14,1194.57,3641.42,37.0,29.75,54.5,45.25,250.5,74.0,44.0,445.0,59.0,42.0,423.0,71.0,69.0,+0.43%,+0.26%,+0.08%,+0.88%,+0.74%,+0.66%,-0.15%,+0.01%,+0.69%,+0.61%,+0.13%,+0.13%,+0.94%,+0.89%,+1.00%,+0.90%,-0.20%,-0.13%,-0.01%,-0.06%,+1.20%,+0.94%,+0.41%,+25.48%,+1.32%,5113.0,46.0,366.0,-411.0,25461.0,3487.0,12142.0,9832.0,25036.0,45663.0,3543.0,12486.0,24175.0,3465.0,11698.0,9013.0,24357.0,38079.0,3320.0,11692.0,768.0,22.0,173.0,573.0,379.0,2045.0,103.0,220.0,518.0,0.0,272.0,644.0,2708.0,974.0,392.0,1006.0,1.936,1.867,2.268,2.345,2.493,2.339,2.578,2.322,0.674,+3.52%
2025-10-31,12.53,+1.10%,64.77,64.2,65.07,60.98,2.431,36.2,65.07,99.804,60.6,66.41,48025.0,62711.0,203003.0,204672.0,226275.0,228015.0,3.19,+1.85%,+0.98%,+0.96%,+0.95%,+0.96%,+0.95%,+0.68%,+0.66%,+0.00%,+0.72%,+0.67%,+0.84%,-0.32%,+0.72%,+0.67%,+0.84%,+0.71%,+0.65%,+0.64%,18.854,39.761,+37.89%,72.56,161.417,111.945,198.418,146.534,-4336.0,1569.0,5724.0,5724.0,4155.0,65.0,86.0,-21.0,-5344.0,1614.0,6957.0,-681.0,-3774.0,103747.0,22565.0,234313.0,6691.0,11027.0,60.97,64.03,4640.67,-4.33,0.961,0.965,17.44,9.41,0.04,38.56,30.38,49188.0,62544.0,84173.0,71156.0,101167.0,89552.0,208408.0,231980.0,46885.0,61256.0,50591.0,68125.0,31364.0,3976.0,30861.0,1712.0,11810.0,3379.0,11821.0,3278.0,454451.0,47781.0,467517.0,52745.0,242430.0,190639.0,4.06,2.9,50.6,4.9,8130.309,5.21,1.73,9299.341,150.619,825063.0,415966.0,1677842.0,1268745.0,13644.0,13212.0,690.0,5051.0,5051.0,4361.0,-904.0,-980.0,15219.0,463.0,13635.0,429.0,13206.0,15594.0,411.0,8063.0,23361.0,46482.0,5275.0,361.0,810.0,7338.0,11112.0,22.66,17.73,17.81,3954.79,2.638,54.97,68.27,55.3,33.86,65.04,36.92,42.12,35.55,56.72,25.87,47.58,27.839,27.19,64.903,95.92,67.262,141.223,26.98,34.984,55.55,44.92,68.948,42.27,26.74,68.207,24.34,32.105,44.69,59.9,65.331,70805.0,75919.0,5405.0,3736.0,5705.0,3965.0,5924.0,19715.0,5888.0,6335.0,36215.0,59332.0,37367.0,59266.0,1439173.0,1355407.0,1636056.0,122019.0,351062.0,345.0,548.0,48.7,34.44,909.0,288.0,1105.0,318.0,1296.0,3950.44,37.0,29.75,54.5,45.25,250.5,74.0,44.0,445.0,60.0,42.0,422.0,71.0,68.0,-1.05%,+1.38%,+1.44%,+0.87%,+1.36%,+1.28%,+0.51%,+0.55%,-0.98%,-0.57%,+1.59%,+1.38%,+0.90%,+0.73%,+1.61%,+1.34%,+0.46%,+0.47%,+0.53%,+0.46%,+1.23%,+1.08%,-1.02%,-9.58%,+1.31%,5113.0,46.0,366.0,-411.0,25461.0,3487.0,12142.0,9832.0,25036.0,45663.0,3543.0,12486.0,24175.0,3465.0,11698.0,9013.0,24357.0,38079.0,3320.0,11692.0,768.0,22.0,173.0,573.0,379.0,2045.0,103.0,220.0,518.0,0.0,272.0,644.0,2708.0,974.0,392.0,1006.0,1.926,1.847,2.268,2.271,2.418,2.268,2.503,2.25,0.648,+1.85%
2025-11-03,12.44,-17.39%,64.44,64.17,64.89,61.05,2.405,34.31,64.89,99.873,60.75,66.39,48025.0,62711.0,203003.0,204672.0,226275.0,228015.0,3.19,-1.40%,+0.94%,-0.32%,-0.08%,-0.32%,-0.08%,+0.11%,+0.25%,+0.20%,+1.14%,+1.17%,-0.02%,+0.26%,+1.14%,+1.17%,-0.05%,+0.17%,+0.39%,+1.11%,19.426,39.973,-33.33%,72.74,171.879,124.618,207.887,150.089,-4336.0,1569.0,5724.0,5724.0,4155.0,65.0,86.0,-21.0,-5344.0,1614.0,6957.0,-681.0,-3774.0,103747.0,22565.0,234313.0,6691.0,11027.0,61.26,65.01,4653.4,-4.12,0.961,0.965,17.17,9.32,0.04,38.6,30.7,49188.0,62544.0,84173.0,71156.0,101167.0,89552.0,208408.0,231980.0,46885.0,61256.0,50591.0,68125.0,31364.0,3976.0,30861.0,1712.0,11810.0,3379.0,11821.0,3278.0,454451.0,47781.0,467517.0,52745.0,242430.0,190639.0,4.06,2.9,50.6,4.9,8130.309,5.21,1.73,9299.341,151.886,825063.0,415966.0,1677842.0,1268745.0,13644.0,13212.0,690.0,5051.0,5051.0,4361.0,-904.0,-980.0,15219.0,463.0,13635.0,429.0,13206.0,15594.0,411.0,8063.0,23361.0,46482.0,5275.0,361.0,810.0,7338.0,11112.0,21.38,18.06,18.15,3976.52,2.663,55.09,68.73,55.65,33.95,65.18,37.0,42.45,35.67,57.03,25.973,47.67,27.99,27.19,65.373,96.49,67.531,141.88,27.14,35.275,56.5,45.14,69.461,42.665,26.9,68.568,24.312,32.387,45.02,60.19,65.433,70805.0,75919.0,5405.0,3736.0,5705.0,3965.0,5924.0,19715.0,5888.0,6335.0,36215.0,59332.0,37367.0,59266.0,1439173.0,1355407.0,1636056.0,122019.0,351062.0,345.0,548.0,48.7,34.44,909.0,288.0,1105.0,318.0,1296.0,3950.44,37.0,29.75,54.5,45.25,250.5,74.0,44.0,445.0,60.0,42.0,422.0,71.0,68.0,+1.08%,+0.32%,+0.78%,+0.60%,+0.16%,-0.08%,+0.50%,-0.46%,-1.19%,-0.31%,-0.61%,-0.30%,-1.29%,-1.19%,-2.90%,-1.56%,+1.84%,+0.98%,+1.20%,+0.67%,+1.67%,+1.26%,+1.04%,+0.00%,+1.63%,5113.0,46.0,366.0,-411.0,25461.0,3487.0,12142.0,9832.0,25036.0,45663.0,3543.0,12486.0,24175.0,3465.0,11698.0,9013.0,24357.0,38079.0,3320.0,11692.0,768.0,22.0,173.0,573.0,379.0,2045.0,103.0,220.0,518.0,0.0,272.0,644.0,2708.0,974.0,392.0,1006.0,1.98,1.929,2.428,2.323,2.471,2.318,2.556,2.256,0.65,-1.40%
2025-11-04,10.52,-35.53%,64.07,63.86,64.44,60.56,2.445,34.27,64.44,100.224,60.31,65.6,46563.0,65981.0,209481.0,212416.0,228731.0,231993.0,3.19,-1.98%,-0.80%,-1.12%,-0.71%,-1.12%,-0.71%,-0.80%,-0.72%,-0.83%,-1.03%,-0.89%,-0.83%,-1.88%,-1.03%,-0.89%,-0.82%,-0.72%,-0.55%,-0.78%,20.198,42.113,-39.86%,71.93,135.644,170.812,106.856,143.748,-4336.0,1569.0,5724.0,5724.0,4155.0,65.0,86.0,-21.0,-5344.0,1614.0,6957.0,-681.0,-3774.0,103747.0,22565.0,234313.0,6691.0,11027.0,61.36,65.11,4618.7,-4.14,0.961,0.965,19.0,7.47,0.04,38.27,30.46,48894.0,65365.0,82327.0,65844.0,95727.0,82518.0,218368.0,238441.0,36394.0,54798.0,41036.0,61949.0,37537.0,2650.0,36535.0,2413.0,13747.0,2394.0,13764.0,2394.0,457940.0,53203.0,471243.0,59547.0,299264.0,125377.0,4.06,2.9,50.6,4.9,8130.309,5.21,1.73,9299.341,153.786,825063.0,415966.0,1677842.0,1268745.0,13644.0,13212.0,690.0,5051.0,5051.0,4361.0,-904.0,-980.0,15219.0,463.0,13635.0,429.0,13206.0,15594.0,411.0,8063.0,23361.0,46482.0,5275.0,361.0,810.0,7338.0,11112.0,21.43,18.58,18.63,3960.19,2.652,54.32,67.48,54.63,33.49,64.72,36.55,41.67,35.19,56.17,25.665,47.03,27.451,27.19,64.226,94.61,67.0,139.618,26.601,34.707,53.28,44.596,68.312,41.889,26.85,67.686,23.87,31.88,44.2,59.665,64.843,80591.0,84110.0,8887.0,5952.0,9710.0,6449.0,8396.0,18156.0,11216.0,11387.0,32816.0,63587.0,35129.0,62971.0,1468070.0,1270457.0,1625859.0,118987.0,297865.0,345.0,548.0,48.7,34.44,909.0,288.0,1105.0,318.0,1296.0,3950.44,37.0,29.75,54.5,45.25,250.5,74.0,44.0,445.0,60.0,42.0,422.0,71.0,68.0,-1.75%,-1.01%,-1.18%,-0.91%,-1.28%,-1.17%,-1.00%,-1.05%,-0.46%,-0.40%,-0.92%,-0.80%,-0.74%,-0.61%,-0.95%,-0.86%,-0.98%,-1.33%,-0.59%,-0.77%,-1.26%,-1.12%,-1.82%,+0.00%,-1.59%,5113.0,46.0,366.0,-411.0,25461.0,3487.0,12142.0,9832.0,25036.0,45663.0,3543.0,12486.0,24175.0,3465.0,11698.0,9013.0,24357.0,38079.0,3320.0,11692.0,768.0,22.0,173.0,573.0,379.0,2045.0,103.0,220.0,518.0,0.0,272.0,644.0,2708.0,974.0,392.0,1006.0,1.998,1.922,2.75,2.328,2.475,2.318,2.495,2.256,0.651,-1.98%
2025-11-05,10.92,+4.08%,63.24,63.09,63.52,59.6,2.433,33.69,63.52,100.204,59.42,64.82,46563.0,65981.0,209481.0,212416.0,228731.0,231993.0,3.19,+0.34%,-0.19%,+0.47%,+0.44%,+0.47%,+0.44%,-1.59%,-1.48%,-0.26%,+0.00%,+0.03%,+0.14%,+0.37%,+0.00%,+0.03%,+0.05%,+0.36%,+0.38%,+0.10%,20.591,42.565,-8.99%,71.03,101.199,134.516,112.2,140.904,-3767.0,1256.0,5605.0,5605.0,4349.0,126.0,93.0,32.0,-5414.0,1597.0,7011.0,-667.0,-4159.0,104511.0,22865.0,237478.0,7626.0,11393.0,61.75,65.44,4627.26,-4.11,0.96,0.965,18.01,7.71,0.05,38.73,30.81,48894.0,65365.0,82327.0,65844.0,95727.0,82518.0,218368.0,238441.0,36394.0,54798.0,41036.0,61949.0,37537.0,2650.0,36535.0,2413.0,13747.0,2394.0,13764.0,2394.0,457940.0,53203.0,471243.0,59547.0,299264.0,125377.0,4.06,2.9,50.6,4.9,8130.309,5.21,1.73,9299.341,153.486,830763.0,421168.0,1678973.0,1269378.0,13651.0,13215.0,1557.0,5924.0,5924.0,4367.0,814.0,743.0,15256.0,469.0,13640.0,430.0,13210.0,15334.0,462.0,8119.0,23627.0,47434.0,3229.0,473.0,1035.0,7202.0,11361.0,20.15,18.26,17.89,3969.25,2.673,54.8,68.07,55.12,33.78,65.12,36.98,42.03,35.4,56.78,25.95,47.47,27.86,27.19,64.842,95.15,67.53,140.823,26.957,34.974,54.69,45.084,68.872,42.461,27.06,68.082,24.22,32.097,44.72,60.261,65.22,80591.0,84110.0,8887.0,5952.0,9710.0,6449.0,8396.0,18156.0,11216.0,11387.0,32816.0,63587.0,35129.0,62971.0,1468070.0,1270457.0,1625859.0,118987.0,297865.0,345.0,548.0,48.7,34.44,909.0,288.0,1105.0,318.0,1296.0,3950.44,37.0,29.75,54.5,45.25,250.5,74.0,44.0,445.0,60.0,42.0,422.0,71.0,68.0,-0.42%,+0.17%,-0.03%,+1.58%,+1.50%,+1.72%,-1.06%,-1.09%,-0.01%,+0.11%,+0.04%,+0.00%,+1.39%,+1.38%,+1.64%,+1.60%,-0.94%,-0.46%,-1.10%,-0.87%,-0.20%,-0.20%,-0.41%,-9.75%,-0.18%,4967.0,47.0,416.0,-462.0,26369.0,3463.0,11843.0,11062.0,23806.0,45675.0,3455.0,12242.0,25155.0,3447.0,11394.0,10314.0,22959.0,38259.0,3253.0,11453.0,733.0,16.0,176.0,540.0,424.0,1947.0,95.0,255.0,481.0,0.0,273.0,694.0,2730.0,891.0,406.0,884.0,1.904,1.906,2.525,2.3,2.447,2.315,2.527,2.245,0.648,+0.34%
2025-11-06,10.82,-39.22%,63.07,62.9,63.38,59.43,2.496,33.76,63.38,99.733,59.3,64.47,46563.0,65981.0,209481.0,212416.0,228731.0,231993.0,3.19,-1.44%,-1.97%,-1.27%,-0.96%,-1.25%,-0.95%,-0.29%,-0.20%,-1.63%,-1.16%,-1.03%,-1.16%,-1.43%,-1.16%,-1.03%,-1.10%,-1.09%,-0.94%,-0.92%,23.125,45.406,-16.05%,70.88,132.262,83.908,159.971,131.667,-3767.0,1256.0,5605.0,5605.0,4349.0,126.0,93.0,32.0,-5414.0,1597.0,7011.0,-667.0,-4159.0,104511.0,22865.0,237478.0,7626.0,11393.0,61.79,65.79,4693.4,-4.07,0.961,0.966,19.5,7.61,0.07,38.705,30.89,48894.0,65365.0,82327.0,65844.0,95727.0,82518.0,218368.0,238441.0,36394.0,54798.0,41036.0,61949.0,37537.0,2650.0,36535.0,2413.0,13747.0,2394.0,13764.0,2394.0,457940.0,53203.0,471243.0,59547.0,299264.0,125377.0,4.06,2.9,50.6,4.9,8130.309,5.21,1.73,9299.341,152.93,830763.0,421168.0,1678973.0,1269378.0,13651.0,13215.0,1557.0,5924.0,5924.0,4367.0,814.0,743.0,15256.0,469.0,13640.0,430.0,13210.0,15334.0,462.0,8119.0,23627.0,47434.0,3229.0,473.0,1035.0,7202.0,11361.0,20.13,19.88,19.35,4007.76,2.658,54.59,67.53,54.71,33.64,64.77,36.93,41.85,35.34,56.65,25.945,47.29,27.495,27.19,64.542,94.25,67.06,140.213,27.148,34.746,53.6,45.0,68.145,42.23,27.04,67.85,24.184,31.883,44.37,60.24,64.504,80591.0,84110.0,8887.0,5952.0,9710.0,6449.0,8396.0,18156.0,11216.0,11387.0,32816.0,63587.0,35129.0,62971.0,1468070.0,1270457.0,1625859.0,118987.0,297865.0,345.0,548.0,48.7,34.44,909.0,288.0,1105.0,318.0,1296.0,3950.44,37.0,29.75,54.5,45.25,250.5,74.0,44.0,445.0,60.0,42.0,422.0,71.0,68.0,+0.58%,-0.30%,-0.43%,+0.15%,+0.39%,+0.45%,-0.82%,-0.36%,+0.46%,+0.12%,-0.44%,-0.49%,+0.07%,-0.10%,+0.03%,-0.25%,-0.69%,-0.77%,-0.39%,-0.45%,-0.50%,-0.54%,+0.56%,-6.10%,-0.58%,4967.0,47.0,416.0,-462.0,26369.0,3463.0,11843.0,11062.0,23806.0,45675.0,3455.0,12242.0,25155.0,3447.0,11394.0,10314.0,22959.0,38259.0,3253.0,11453.0,733.0,16.0,176.0,540.0,424.0,1947.0,95.0,255.0,481.0,0.0,273.0,694.0,2730.0,891.0,406.0,884.0,1.923,1.946,2.571,2.309,2.456,2.324,2.506,2.254,0.635,-1.46%
2025-11-07,11.12,+41.94%,63.39,63.25,63.63,59.75,2.482,33.33,63.63,99.603,59.62,64.72,46563.0,65981.0,209481.0,212416.0,228731.0,231993.0,3.19,+0.49%,+0.72%,+0.64%,+0.44%,+0.67%,+0.47%,+0.54%,+0.54%,+0.38%,+0.54%,+0.59%,+0.49%,+0.56%,+0.54%,+0.59%,+0.55%,+0.49%,+0.36%,+0.52%,21.743,44.498,-16.18%,71.26,159.576,142.627,237.931,131.403,-3767.0,1256.0,5605.0,5605.0,4349.0,126.0,93.0,32.0,-5414.0,1597.0,7011.0,-667.0,-4159.0,104511.0,22865.0,237478.0,7626.0,11393.0,61.38,65.04,4678.79,-4.03,0.961,0.966,19.08,7.72,0.05,38.8,31.08,48894.0,65365.0,82327.0,65844.0,95727.0,82518.0,218368.0,238441.0,36394.0,54798.0,41036.0,61949.0,37537.0,2650.0,36535.0,2413.0,13747.0,2394.0,13764.0,2394.0,457940.0,53203.0,471243.0,59547.0,299264.0,125377.0,4.06,2.9,50.6,4.9,8130.309,5.21,1.73,9299.341,152.826,830763.0,421168.0,1678973.0,1269378.0,13651.0,13215.0,1557.0,5924.0,5924.0,4367.0,814.0,743.0,15256.0,469.0,13640.0,430.0,13210.0,15334.0,462.0,8119.0,23627.0,47434.0,3229.0,473.0,1035.0,7202.0,11361.0,20.36,21.78,21.38,3997.56,2.668,54.54,67.29,54.55,33.6,64.86,37.05,41.735,35.34,56.62,25.99,47.23,27.331,27.19,64.188,93.8,66.841,139.555,27.014,34.611,53.03,44.98,67.873,42.045,27.15,67.809,23.93,31.73,44.22,60.374,64.52,80591.0,84110.0,8887.0,5952.0,9710.0,6449.0,8396.0,18156.0,11216.0,11387.0,32816.0,63587.0,35129.0,62971.0,1468070.0,1270457.0,1625859.0,118987.0,297865.0,345.0,548.0,48.7,34.44,909.0,288.0,1105.0,318.0,1296.0,3950.44,37.0,29.75,54.5,45.25,250.5,74.0,44.0,445.0,60.0,42.0,422.0,71.0,68.0,+0.80%,+1.04%,+0.75%,+2.21%,+2.48%,+2.52%,-0.23%,+0.18%,+0.81%,+0.79%,+0.89%,+0.76%,+1.80%,+1.30%,+2.18%,+1.67%,+0.12%,+0.12%,+0.09%,+0.09%,+0.67%,+0.65%,+0.78%,+9.00%,+0.89%,4967.0,47.0,416.0,-462.0,26369.0,3463.0,11843.0,11062.0,23806.0,45675.0,3455.0,12242.0,25155.0,3447.0,11394.0,10314.0,22959.0,38259.0,3253.0,11453.0,733.0,16.0,176.0,540.0,424.0,1947.0,95.0,255.0,481.0,0.0,273.0,694.0,2730.0,891.0,406.0,884.0,1.925,1.97,2.573,2.341,2.488,2.356,2.538,2.286,0.608,+0.46%
2025-11-10,8.23,-2.27%,63.82,63.69,64.06,60.13,2.51,32.12,64.06,99.589,60.03,65.27,46563.0,65981.0,209481.0,212416.0,228731.0,231993.0,3.19,+0.65%,-0.03%,+0.71%,+0.74%,+0.76%,+0.78%,+0.64%,+0.69%,-0.17%,+0.47%,+0.43%,+0.42%,+0.57%,+0.47%,+0.43%,+0.34%,+0.38%,+0.44%,+0.44%,22.656,45.307,-12.28%,71.68,272.721,411.139,143.809,133.09,-3767.0,1256.0,5605.0,5605.0,4349.0,126.0,93.0,32.0,-5414.0,1597.0,7011.0,-667.0,-4159.0,104511.0,22865.0,237478.0,7626.0,11393.0,60.4,63.54,4695.05,-4.04,0.961,0.965,17.6,4.85,0.06,38.97,31.46,48894.0,65365.0,82327.0,65844.0,95727.0,82518.0,218368.0,238441.0,36394.0,54798.0,41036.0,61949.0,37537.0,2650.0,36535.0,2413.0,13747.0,2394.0,13764.0,2394.0,457940.0,53203.0,471243.0,59547.0,299264.0,125377.0,4.06,2.9,50.6,4.9,8130.309,5.21,1.73,9299.341,145.997,830763.0,421168.0,1678973.0,1269378.0,13651.0,13215.0,1557.0,5924.0,5924.0,4367.0,814.0,743.0,15256.0,469.0,13640.0,430.0,13210.0,15334.0,462.0,8119.0,23627.0,47434.0,3229.0,473.0,1035.0,7202.0,11361.0,23.34,18.95,18.49,4018.6,2.665,55.27,68.45,55.51,34.08,65.43,37.52,42.42,35.81,57.12,26.36,47.82,27.877,27.19,65.311,95.41,67.428,141.67,27.47,35.221,55.71,45.599,68.745,42.335,27.2,68.595,24.59,32.303,45.04,60.927,64.71,80591.0,84110.0,8887.0,5952.0,9710.0,6449.0,8396.0,18156.0,11216.0,11387.0,32816.0,63587.0,35129.0,62971.0,1468070.0,1270457.0,1625859.0,118987.0,297865.0,345.0,548.0,48.7,34.44,909.0,288.0,1105.0,318.0,1296.0,3950.44,37.0,29.75,54.5,45.25,250.5,74.0,44.0,445.0,60.0,42.0,422.0,71.0,68.0,+1.16%,+0.09%,+0.10%,-0.83%,-1.36%,-1.19%,-0.39%,-0.21%,+0.77%,+0.68%,-0.04%,+0.00%,-0.80%,-0.64%,-1.05%,-0.72%,-0.28%,-0.08%,-0.19%,-0.04%,+0.37%,+0.32%,+1.12%,-10.09%,+0.23%,4967.0,47.0,416.0,-462.0,26369.0,3463.0,11843.0,11062.0,23806.0,45675.0,3455.0,12242.0,25155.0,3447.0,11394.0,10314.0,22959.0,38259.0,3253.0,11453.0,733.0,16.0,176.0,540.0,424.0,1947.0,95.0,255.0,481.0,0.0,273.0,694.0,2730.0,891.0,406.0,884.0,1.919,1.952,2.772,2.333,2.48,2.338,2.63,2.278,0.589,+0.60%
2025-11-11,7.98,-18.60%,64.87,64.7,65.16,61.04,2.576,32.02,65.16,99.443,60.99,66.31,46563.0,65981.0,209481.0,212416.0,228731.0,231993.0,3.19,-0.66%,-2.07%,-0.68%,-0.56%,-0.76%,-0.64%,+1.51%,+1.60%,+2.74%,-0.80%,-0.65%,-0.51%,-0.57%,-0.80%,-0.65%,-0.59%,-0.52%,-0.45%,-0.55%,23.464,47.139,+12.00%,72.72,132.782,167.209,139.469,132.682,-3767.0,1256.0,5605.0,5605.0,4349.0,126.0,93.0,32.0,-5414.0,1597.0,7011.0,-667.0,-4159.0,104511.0,22865.0,237478.0,7626.0,11393.0,60.24,63.41,4652.17,-4.13,0.961,0.965,17.28,4.52,0.07,39.17,31.72,48894.0,65365.0,82327.0,65844.0,95727.0,82518.0,218368.0,238441.0,36394.0,54798.0,41036.0,61949.0,37537.0,2650.0,36535.0,2413.0,13747.0,2394.0,13764.0,2394.0,450766.0,50330.0,460048.0,57134.0,292998.0,140237.0,4.06,2.9,50.6,4.9,8130.309,5.21,1.73,9299.341,148.282,830763.0,421168.0,1678973.0,1269378.0,13651.0,13215.0,1557.0,5924.0,5924.0,4367.0,814.0,743.0,15256.0,469.0,13640.0,430.0,13210.0,15334.0,462.0,8119.0,23627.0,47434.0,3229.0,473.0,1035.0,7202.0,11361.0,23.33,18.17,17.95,4002.76,2.657,55.33,68.5,55.57,34.13,65.67,37.68,42.485,35.98,57.245,26.43,47.85,27.92,27.19,65.317,95.453,67.53,141.635,27.535,35.282,56.04,45.69,68.841,42.55,27.38,69.137,24.465,32.326,45.07,61.172,65.69,80591.0,84110.0,8887.0,5952.0,9710.0,6449.0,8396.0,18156.0,11216.0,11387.0,32816.0,63587.0,35129.0,62971.0,1380257.0,1216027.0,1544688.0,122959.0,300060.0,345.0,548.0,48.7,34.44,909.0,288.0,1105.0,318.0,1296.0,3950.44,37.0,29.75,54.5,45.25,250.5,74.0,44.0,445.0,60.0,42.0,422.0,71.0,68.0,-0.02%,-0.94%,-0.91%,+0.45%,+0.68%,+0.48%,-0.34%,-0.43%,+0.00%,-0.01%,-0.66%,-0.63%,+0.61%,+0.38%,+0.67%,+0.46%,-0.48%,-0.01%,-0.47%,-0.47%,-0.32%,-0.41%,+0.42%,+1.02%,-0.28%,4967.0,47.0,416.0,-462.0,26369.0,3463.0,11843.0,11062.0,23806.0,45675.0,3455.0,12242.0,25155.0,3447.0,11394.0,10314.0,22959.0,38259.0,3253.0,11453.0,733.0,16.0,176.0,540.0,424.0,1947.0,95.0,255.0,481.0,0.0,273.0,694.0,2730.0,891.0,406.0,884.0,1.968,2.011,2.811,2.403,2.551,2.408,2.701,2.311,0.58,-0.58%
2025-11-12,9.21,+5.71%,62.45,62.31,62.71,58.49,2.482,33.0,62.71,99.495,58.49,63.75,46563.0,65981.0,209481.0,212416.0,228731.0,231993.0,3.19,+1.37%,+1.63%,+1.66%,+1.64%,+1.68%,+1.65%,-4.18%,-4.10%,-3.54%,+1.39%,+1.47%,+1.49%,+1.35%,+1.39%,+1.47%,+1.61%,+1.56%,+1.51%,+1.51%,23.637,45.737,-33.93%,69.79,125.878,105.676,154.252,136.207,-3143.0,1592.0,5529.0,5529.0,3937.0,230.0,95.0,136.0,-5474.0,1589.0,7063.0,-740.0,-3882.0,103925.0,22519.0,243315.0,6881.0,10024.0,60.54,63.72,4645.91,-4.22,0.961,0.966,17.51,5.61,0.07,39.149,31.75,48894.0,65365.0,82327.0,65844.0,95727.0,82518.0,218368.0,238441.0,36394.0,54798.0,41036.0,61949.0,37537.0,2650.0,36535.0,2413.0,13747.0,2394.0,13764.0,2394.0,450766.0,50330.0,460048.0,57134.0,292998.0,140237.0,4.06,2.9,50.6,4.9,8130.309,5.21,1.73,9299.341,146.01,837974.0,427581.0,1682295.0,1271902.0,13862.0,13424.0,2406.0,5222.0,5222.0,2816.0,1030.0,916.0,15973.0,456.0,13697.0,432.0,13265.0,15545.0,461.0,8303.0,24510.0,47527.0,4664.0,335.0,734.0,7118.0,11000.0,25.82,17.8,17.84,4000.14,2.647,55.32,68.53,55.58,34.12,65.71,37.71,42.53,36.12,57.46,26.45,47.84,27.92,27.19,65.394,95.44,67.415,141.282,27.545,35.281,55.95,45.6,68.997,42.478,27.38,68.955,24.465,32.319,45.056,61.336,65.45,80591.0,84110.0,8887.0,5952.0,9710.0,6449.0,8396.0,18156.0,11216.0,11387.0,32816.0,63587.0,35129.0,62971.0,1380257.0,1216027.0,1544688.0,122959.0,300060.0,345.0,548.0,48.7,34.44,909.0,288.0,1105.0,318.0,1296.0,3950.44,37.0,29.75,54.5,45.25,250.5,74.0,44.0,445.0,60.0,42.0,422.0,71.0,68.0,+1.77%,+1.30%,+1.33%,+2.61%,+2.04%,+2.08%,+0.71%,+0.87%,+1.37%,+1.44%,+1.55%,+1.62%,+2.28%,+2.20%,+2.38%,+2.35%,+0.98%,+0.55%,+0.92%,+0.89%,+0.66%,+0.79%,+0.77%,+3.03%,+0.71%,4972.0,47.0,415.0,-461.0,27098.0,3105.0,12275.0,11718.0,23574.0,44875.0,3632.0,11730.0,25781.0,3094.0,11815.0,10871.0,22833.0,37207.0,3448.0,10975.0,791.0,11.0,179.0,601.0,323.0,2135.0,99.0,248.0,526.0,0.0,280.0,663.0,2752.0,851.0,414.0,848.0,1.952,1.994,2.794,2.386,2.533,2.391,2.683,2.293,0.629,+1.35%
2025-11-13,6.54,-13.51%,62.64,62.43,63.01,58.69,2.465,32.63,63.01,99.156,58.64,64.04,46563.0,65981.0,209481.0,212416.0,228731.0,231993.0,3.19,-3.44%,-3.40%,-3.54%,-3.49%,-3.57%,-3.52%,+0.34%,+0.26%,+0.40%,-3.92%,-3.87%,-3.35%,-3.51%,-3.92%,-3.87%,-3.53%,-3.33%,-3.32%,-3.82%,23.617,44.827,+21.62%,69.85,84.273,90.476,97.028,129.351,-3143.0,1592.0,5529.0,5529.0,3937.0,230.0,95.0,136.0,-5474.0,1589.0,7063.0,-740.0,-3882.0,103925.0,22519.0,243315.0,6881.0,10024.0,60.94,63.01,4702.07,-4.34,0.96,0.965,20.0,3.03,0.07,39.0,31.57,48894.0,65365.0,82327.0,65844.0,95727.0,82518.0,218368.0,238441.0,36394.0,54798.0,41036.0,61949.0,37537.0,2650.0,36535.0,2413.0,13747.0,2394.0,13764.0,2394.0,450766.0,50330.0,460048.0,57134.0,292998.0,140237.0,4.06,2.9,50.6,4.9,8130.309,5.21,1.73,9299.341,143.047,837974.0,427581.0,1682295.0,1271902.0,13862.0,13424.0,2406.0,5222.0,5222.0,2816.0,1030.0,916.0,15973.0,456.0,13697.0,432.0,13265.0,15545.0,461.0,8303.0,24510.0,47527.0,4664.0,335.0,734.0,7118.0,11000.0,24.82,18.48,18.79,4029.5,2.687,54.83,67.77,54.93,33.79,65.05,37.41,42.005,35.73,57.12,26.23,47.44,27.528,27.19,64.733,94.326,66.877,140.173,27.455,34.919,54.05,45.4,68.5,42.34,27.12,68.256,24.335,31.947,44.52,60.896,64.65,80591.0,84110.0,8887.0,5952.0,9710.0,6449.0,8396.0,18156.0,11216.0,11387.0,32816.0,63587.0,35129.0,62971.0,1380257.0,1216027.0,1544688.0,122959.0,300060.0,345.0,548.0,48.7,34.44,909.0,288.0,1105.0,318.0,1296.0,3950.44,37.0,29.75,54.5,45.25,250.5,74.0,44.0,445.0,60.0,42.0,422.0,71.0,68.0,-2.77%,-2.59%,-2.68%,-3.04%,-3.82%,-3.64%,-3.54%,-3.58%,-2.31%,-2.38%,-2.70%,-2.73%,-2.95%,-3.25%,-3.42%,-3.49%,-3.50%,-3.31%,-3.55%,-3.37%,-3.03%,-2.99%,-2.70%,+21.57%,-2.86%,4972.0,47.0,415.0,-461.0,27098.0,3105.0,12275.0,11718.0,23574.0,44875.0,3632.0,11730.0,25781.0,3094.0,11815.0,10871.0,22833.0,37207.0,3448.0,10975.0,791.0,11.0,179.0,601.0,323.0,2135.0,99.0,248.0,526.0,0.0,280.0,663.0,2752.0,851.0,414.0,848.0,1.973,1.99,2.49,2.403,2.55,2.4,2.7,2.31,0.596,-3.41%
2025-11-14,7.64,+21.88%,63.92,63.62,64.39,60.09,2.531,33.12,64.39,99.299,59.95,65.33,46563.0,65981.0,209481.0,212416.0,228731.0,231993.0,3.19,+1.91%,+1.68%,+1.69%,+1.59%,+1.79%,+1.69%,+2.39%,+2.23%,+2.01%,+1.92%,+1.75%,+1.74%,+1.95%,+1.92%,+1.75%,+1.90%,+1.30%,+1.12%,+1.56%,24.397,46.216,+17.78%,71.38,96.541,108.274,80.277,120.347,-3143.0,1592.0,5529.0,5529.0,3937.0,230.0,95.0,136.0,-5474.0,1589.0,7063.0,-740.0,-3882.0,103925.0,22519.0,243315.0,6881.0,10024.0,60.94,63.86,4628.14,-4.4,0.96,0.965,19.83,4.11,0.08,39.14,31.56,48894.0,65365.0,82327.0,65844.0,95727.0,82518.0,218368.0,238441.0,36394.0,54798.0,41036.0,61949.0,37537.0,2650.0,36535.0,2413.0,13747.0,2394.0,13764.0,2394.0,450766.0,50330.0,460048.0,57134.0,292998.0,140237.0,4.06,2.9,50.6,4.9,8130.309,5.21,1.73,9299.341,143.434,837974.0,427581.0,1682295.0,1271902.0,13862.0,13424.0,2406.0,5222.0,5222.0,2816.0,1030.0,916.0,15973.0,456.0,13697.0,432.0,13265.0,15545.0,461.0,8303.0,24510.0,47527.0,4664.0,335.0,734.0,7118.0,11000.0,24.13,19.15,19.2,3990.49,2.717,54.85,67.87,54.96,33.81,65.27,37.43,42.045,35.67,57.32,26.18,47.45,27.522,27.19,64.816,94.373,67.185,140.203,27.425,34.781,54.04,45.155,68.928,42.427,27.23,68.291,24.55,31.81,44.59,60.885,64.98,80591.0,84110.0,8887.0,5952.0,9710.0,6449.0,8396.0,18156.0,11216.0,11387.0,32816.0,63587.0,35129.0,62971.0,1380257.0,1216027.0,1544688.0,122959.0,300060.0,345.0,548.0,48.7,34.44,909.0,288.0,1105.0,318.0,1296.0,3950.44,37.0,29.75,54.5,45.25,250.5,74.0,44.0,445.0,60.0,42.0,422.0,71.0,68.0,+1.38%,+1.45%,+1.42%,+1.37%,+0.35%,+0.41%,+1.31%,+1.18%,+1.57%,+1.41%,+1.34%,+1.36%,+1.04%,+0.76%,+0.62%,+0.53%,+1.08%,+1.31%,+1.04%,+1.28%,+1.36%,+1.36%,+1.99%,+4.03%,+1.51%,4972.0,47.0,415.0,-461.0,27098.0,3105.0,12275.0,11718.0,23574.0,44875.0,3632.0,11730.0,25781.0,3094.0,11815.0,10871.0,22833.0,37207.0,3448.0,10975.0,791.0,11.0,179.0,601.0,323.0,2135.0,99.0,248.0,526.0,0.0,280.0,663.0,2752.0,851.0,414.0,848.0,1.973,1.99,2.49,2.403,2.55,2.4,2.7,2.31,0.623,+1.82%
2025-11-17,8.29,-5.13%,63.76,63.48,64.2,59.91,2.547,32.38,64.2,99.588,59.86,64.87,46563.0,65981.0,209481.0,212416.0,228731.0,231993.0,3.19,-0.05%,+0.68%,+0.11%,+0.14%,+0.23%,+0.27%,-0.30%,-0.15%,-0.12%,+0.47%,+0.42%,+0.33%,-0.25%,+0.47%,+0.42%,+0.42%,+0.43%,+0.43%,+0.46%,23.674,47.064,-33.96%,71.3,118.837,133.28,111.168,97.422,-3143.0,1592.0,5529.0,5529.0,3937.0,230.0,95.0,136.0,-5474.0,1589.0,7063.0,-740.0,-3882.0,103925.0,22519.0,243315.0,6881.0,10024.0,59.3,61.88,4598.05,-4.38,0.96,0.965,22.38,4.78,0.08,38.72,31.19,48894.0,65365.0,82327.0,65844.0,95727.0,82518.0,218368.0,238441.0,36394.0,54798.0,41036.0,61949.0,37537.0,2650.0,36535.0,2413.0,13747.0,2394.0,13764.0,2394.0,450766.0,50330.0,460048.0,57134.0,292998.0,140237.0,4.06,2.9,50.6,4.9,8130.309,5.21,1.73,9299.341,134.175,837974.0,427581.0,1682295.0,1271902.0,13862.0,13424.0,2406.0,5222.0,5222.0,2816.0,1030.0,916.0,15973.0,456.0,13697.0,432.0,13265.0,15545.0,461.0,8303.0,24510.0,47527.0,4664.0,335.0,734.0,7118.0,11000.0,24.07,20.5,20.21,3972.03,2.713,54.22,67.07,54.31,33.43,64.69,36.93,41.65,35.26,56.6,25.85,46.94,27.172,27.19,64.094,93.274,66.45,139.092,26.85,34.573,52.12,44.86,68.189,42.065,27.039,67.532,24.11,31.598,43.96,60.325,65.37,80591.0,84110.0,8887.0,5952.0,9710.0,6449.0,8396.0,18156.0,11216.0,11387.0,32816.0,63587.0,35129.0,62971.0,1380257.0,1216027.0,1544688.0,122959.0,300060.0,345.0,548.0,48.7,34.44,909.0,288.0,1105.0,318.0,1296.0,3950.44,37.0,29.75,54.5,45.25,250.5,74.0,44.0,445.0,60.0,42.0,422.0,71.0,68.0,+0.21%,-1.06%,-0.50%,+0.45%,+0.43%,+0.31%,-0.26%,-0.31%,+0.26%,+0.30%,-0.27%,-0.26%,+0.94%,+0.97%,+0.86%,+0.93%,-0.66%,-0.52%,-0.60%,-0.48%,+0.73%,+0.60%,+0.20%,-1.94%,+0.98%,4972.0,47.0,415.0,-461.0,27098.0,3105.0,12275.0,11718.0,23574.0,44875.0,3632.0,11730.0,25781.0,3094.0,11815.0,10871.0,22833.0,37207.0,3448.0,10975.0,791.0,11.0,179.0,601.0,323.0,2135.0,99.0,248.0,526.0,0.0,280.0,663.0,2752.0,851.0,414.0,848.0,1.963,1.981,2.296,2.382,2.529,2.372,2.674,2.289,0.61,-0.17%
2025-11-18,8.86,+2.70%,64.43,64.11,64.89,60.74,2.701,33.33,64.89,99.55,60.67,65.61,46563.0,65981.0,209481.0,212416.0,228731.0,231993.0,3.19,-0.39%,-0.06%,-0.28%,-0.30%,-0.45%,-0.47%,+1.39%,+1.35%,-0.33%,-0.23%,-0.12%,-0.14%,-0.20%,-0.23%,-0.12%,-0.25%,-0.05%,-0.05%,-0.12%,23.231,52.706,+11.43%,72.5,97.048,90.299,139.877,92.317,-3143.0,1592.0,5529.0,5529.0,3937.0,230.0,95.0,136.0,-5474.0,1589.0,7063.0,-740.0,-3882.0,103925.0,22519.0,243315.0,6881.0,10024.0,59.54,62.14,4568.19,-4.19,0.96,0.966,24.69,5.09,0.08,38.63,31.03,48894.0,65365.0,82327.0,65844.0,95727.0,82518.0,218368.0,238441.0,36394.0,54798.0,41036.0,61949.0,37537.0,2650.0,36535.0,2413.0,13747.0,2394.0,13764.0,2394.0,457421.0,52238.0,463515.0,58583.0,291732.0,127154.0,4.06,2.9,50.6,4.9,8130.309,5.21,1.73,9299.341,134.2,837974.0,427581.0,1682295.0,1271902.0,13862.0,13424.0,2406.0,5222.0,5222.0,2816.0,1030.0,916.0,15973.0,456.0,13697.0,432.0,13265.0,15545.0,461.0,8303.0,24510.0,47527.0,4664.0,335.0,734.0,7118.0,11000.0,23.9,23.33,22.89,3939.81,2.71,54.04,66.7,54.04,33.31,64.58,36.84,41.32,34.92,56.225,25.795,46.72,27.023,27.19,63.754,92.63,66.052,138.295,26.625,34.372,51.28,44.69,67.726,41.931,26.971,67.284,23.74,31.504,43.9,60.128,65.41,80591.0,84110.0,8887.0,5952.0,9710.0,6449.0,8396.0,18156.0,11216.0,11387.0,32816.0,63587.0,35129.0,62971.0,1419517.0,1234806.0,1596009.0,107977.0,286342.0,345.0,548.0,48.7,34.44,909.0,288.0,1105.0,318.0,1296.0,3950.44,37.0,29.75,54.5,45.25,250.5,74.0,44.0,445.0,60.0,42.0,422.0,71.0,68.0,-0.73%,-0.48%,-0.69%,+1.69%,+1.45%,+1.13%,-1.83%,-1.81%,-0.71%,-0.72%,-0.31%,-0.28%,+1.57%,+1.19%,+1.32%,+0.93%,-1.97%,-1.87%,-1.85%,-1.75%,-0.33%,-0.38%,-0.71%,-0.40%,-0.34%,4972.0,47.0,415.0,-461.0,27098.0,3105.0,12275.0,11718.0,23574.0,44875.0,3632.0,11730.0,25781.0,3094.0,11815.0,10871.0,22833.0,37207.0,3448.0,10975.0,791.0,11.0,179.0,601.0,323.0,2135.0,99.0,248.0,526.0,0.0,280.0,663.0,2752.0,851.0,414.0,848.0,1.966,1.983,2.258,2.373,2.521,2.351,2.561,2.281,0.598,-0.22%
2025-11-19,9.95,-7.89%,63.0,62.65,63.51,59.44,2.636,34.12,63.51,100.228,59.25,63.97,46563.0,65981.0,209481.0,212416.0,228731.0,231993.0,3.19,+0.34%,+0.83%,+0.41%,+0.46%,+0.37%,+0.42%,-2.14%,-2.34%,-1.15%,+0.99%,+0.94%,+0.67%,+0.37%,+0.99%,+0.94%,+0.63%,+0.57%,+0.51%,+0.78%,21.708,51.259,-5.13%,70.88,93.224,111.525,134.366,87.652,-3806.0,1611.0,5537.0,5537.0,3926.0,132.0,84.0,48.0,-5374.0,1598.0,6972.0,-600.0,-3763.0,102115.0,21821.0,241257.0,7340.0,11146.0,60.87,63.45,4588.29,-4.22,0.96,0.965,23.66,6.04,0.07,38.4,30.99,48894.0,65365.0,82327.0,65844.0,95727.0,82518.0,218368.0,238441.0,36394.0,54798.0,41036.0,61949.0,37537.0,2650.0,36535.0,2413.0,13747.0,2394.0,13764.0,2394.0,457421.0,52238.0,463515.0,58583.0,291732.0,127154.0,4.06,2.9,50.6,4.9,8130.309,5.21,1.73,9299.341,130.562,835081.0,424155.0,1680113.0,1269187.0,13834.0,13409.0,1792.0,5950.0,5950.0,4158.0,-413.0,-489.0,16232.0,470.0,13748.0,433.0,13315.0,15670.0,465.0,8436.0,24602.0,47745.0,5147.0,348.0,866.0,7135.0,10898.0,23.89,22.96,23.0,3946.74,2.711,53.92,66.5,53.85,33.24,64.43,36.76,41.295,34.83,56.15,25.66,46.62,26.948,27.19,63.555,92.27,65.61,137.973,26.673,34.323,50.74,44.48,67.493,41.827,26.93,67.235,23.875,31.419,43.73,60.2,65.447,80591.0,84110.0,8887.0,5952.0,9710.0,6449.0,8396.0,18156.0,11216.0,11387.0,32816.0,63587.0,35129.0,62971.0,1419517.0,1234806.0,1596009.0,107977.0,286342.0,345.0,548.0,48.7,34.44,909.0,288.0,1105.0,318.0,1296.0,3950.44,37.0,29.75,54.5,45.25,250.5,74.0,44.0,445.0,60.0,42.0,422.0,71.0,68.0,-2.15%,+0.79%,+0.60%,+3.25%,+2.77%,+2.50%,-0.06%,-0.25%,-0.84%,-0.68%,+0.49%,+0.40%,+3.14%,+2.68%,+2.96%,+2.73%,-0.18%,-0.27%,-0.28%,-0.36%,-0.50%,-0.38%,-2.05%,+1.19%,-0.51%,4976.0,48.0,416.0,-465.0,26485.0,3548.0,12475.0,10462.0,23185.0,46477.0,3713.0,11220.0,25246.0,3538.0,12039.0,9669.0,22487.0,39160.0,3535.0,10503.0,723.0,10.0,174.0,540.0,354.0,2165.0,92.0,238.0,515.0,0.0,262.0,657.0,2805.0,834.0,379.0,861.0,2.017,2.035,2.31,2.438,2.586,2.418,2.626,2.346,0.606,+0.37%
2025-11-20,8.83,+25.71%,62.8,62.41,63.38,59.14,2.533,36.38,63.38,100.158,59.0,63.84,46563.0,65981.0,209481.0,212416.0,228731.0,231993.0,3.19,-0.54%,+0.26%,-0.31%,-0.45%,-0.33%,-0.47%,-0.50%,-0.42%,+0.22%,-0.53%,-0.68%,-0.59%,-0.56%,-0.53%,-0.68%,-0.50%,-0.56%,-0.65%,-0.74%,21.433,47.259,-37.84%,70.15,84.218,83.959,70.03,87.644,-3806.0,1611.0,5537.0,5537.0,3926.0,132.0,84.0,48.0,-5374.0,1598.0,6972.0,-600.0,-3763.0,102115.0,21821.0,241257.0,7340.0,11146.0,60.66,63.16,4564.95,-4.34,0.961,0.966,26.42,5.05,0.07,38.1,30.61,48894.0,65365.0,82327.0,65844.0,95727.0,82518.0,218368.0,238441.0,36394.0,54798.0,41036.0,61949.0,37537.0,2650.0,36535.0,2413.0,13747.0,2394.0,13764.0,2394.0,457421.0,52238.0,463515.0,58583.0,291732.0,127154.0,4.06,2.9,50.6,4.9,8130.309,5.21,1.73,9299.341,126.098,835081.0,424155.0,1680113.0,1269187.0,13834.0,13409.0,1792.0,5950.0,5950.0,4158.0,-413.0,-489.0,16232.0,470.0,13748.0,433.0,13315.0,15670.0,465.0,8436.0,24602.0,47745.0,5147.0,348.0,866.0,7135.0,10898.0,22.93,21.59,21.86,3931.05,2.719,53.28,65.64,53.11,32.84,63.93,36.34,40.73,34.33,55.57,25.407,46.05,26.514,27.19,62.682,91.108,65.155,136.07,26.351,33.9,48.55,44.03,66.868,41.582,26.64,66.498,23.71,31.048,43.16,59.617,65.161,80591.0,84110.0,8887.0,5952.0,9710.0,6449.0,8396.0,18156.0,11216.0,11387.0,32816.0,63587.0,35129.0,62971.0,1419517.0,1234806.0,1596009.0,107977.0,286342.0,345.0,548.0,48.7,34.44,909.0,288.0,1105.0,318.0,1296.0,3950.44,37.0,29.75,54.5,45.25,250.5,74.0,44.0,445.0,60.0,42.0,422.0,71.0,68.0,-2.06%,+0.02%,+0.03%,-1.39%,-2.17%,-2.12%,-0.71%,-0.68%,-2.02%,-1.78%,+0.09%,+0.04%,-1.56%,-1.44%,-1.93%,-1.63%,-0.92%,-1.08%,-0.93%,-0.98%,-1.80%,-1.70%,-1.99%,-5.10%,-1.88%,4976.0,48.0,416.0,-465.0,26485.0,3548.0,12475.0,10462.0,23185.0,46477.0,3713.0,11220.0,25246.0,3538.0,12039.0,9669.0,22487.0,39160.0,3535.0,10503.0,723.0,10.0,174.0,540.0,354.0,2165.0,92.0,238.0,515.0,0.0,262.0,657.0,2805.0,834.0,379.0,861.0,1.991,1.994,2.284,2.443,2.591,2.431,2.631,2.351,0.601,-0.53%
2025-11-21,5.86,-2.27%,61.94,61.6,62.56,58.06,2.456,35.97,62.56,100.18,57.81,62.74,46563.0,65981.0,209481.0,212416.0,228731.0,231993.0,3.19,-2.61%,-2.01%,-2.28%,-2.28%,-2.23%,-2.23%,-1.42%,-1.59%,-1.86%,-2.71%,-2.65%,-2.08%,-2.67%,-2.94%,-3.08%,-2.19%,-2.36%,-2.34%,-2.90%,21.433,47.259,-108.70%,69.3,92.702,61.611,123.336,87.096,-3806.0,1611.0,5537.0,5537.0,3926.0,132.0,84.0,48.0,-5374.0,1598.0,6972.0,-600.0,-3763.0,102115.0,21821.0,241257.0,7340.0,11146.0,61.51,64.86,4453.61,-4.48,0.961,0.966,23.43,2.52,0.07,38.22,30.63,48894.0,65365.0,82327.0,65844.0,95727.0,82518.0,218368.0,238441.0,36394.0,54798.0,41036.0,61949.0,37537.0,2650.0,36535.0,2413.0,13747.0,2394.0,13764.0,2394.0,457421.0,52238.0,463515.0,58583.0,291732.0,127154.0,4.06,2.9,50.6,4.9,8130.309,5.21,1.73,9299.341,122.964,835081.0,424155.0,1680113.0,1269187.0,13834.0,13409.0,1792.0,5950.0,5950.0,4158.0,-413.0,-489.0,16232.0,470.0,13748.0,433.0,13315.0,15670.0,465.0,8436.0,24602.0,47745.0,5147.0,348.0,866.0,7135.0,10898.0,21.93,23.43,24.56,3834.89,2.698,53.07,65.58,53.1,32.78,63.89,36.34,40.67,34.73,55.64,25.375,45.96,26.53,27.19,62.707,91.118,64.81,135.728,26.21,33.9,48.44,43.95,66.609,41.4,26.72,66.409,23.462,31.101,43.16,59.64,64.439,80591.0,84110.0,8887.0,5952.0,9710.0,6449.0,8396.0,18156.0,11216.0,11387.0,32816.0,63587.0,35129.0,62971.0,1419517.0,1234806.0,1596009.0,107977.0,286342.0,345.0,548.0,48.7,34.44,909.0,288.0,1105.0,318.0,1296.0,3950.44,37.0,29.75,54.5,45.25,250.5,74.0,44.0,445.0,60.0,42.0,422.0,71.0,68.0,-0.54%,-1.96%,-2.18%,-6.62%,-6.05%,-6.63%,-0.75%,-0.89%,-1.21%,-1.46%,-1.95%,-2.06%,-6.14%,-5.23%,-5.74%,-4.91%,-0.77%,-0.83%,-0.84%,-1.18%,-2.51%,-2.46%,-0.52%,+10.74%,-2.48%,4976.0,48.0,416.0,-465.0,26485.0,3548.0,12475.0,10462.0,23185.0,46477.0,3713.0,11220.0,25246.0,3538.0,12039.0,9669.0,22487.0,39160.0,3535.0,10503.0,723.0,10.0,174.0,540.0,354.0,2165.0,92.0,238.0,515.0,0.0,262.0,657.0,2805.0,834.0,379.0,861.0,2.004,2.006,2.296,2.595,2.743,2.583,2.748,2.503,0.604,-2.66%
2025-11-24,5.84,-2.33%,62.72,62.36,63.37,58.84,2.406,36.3,63.37,100.142,58.59,63.74,46563.0,65981.0,209481.0,212416.0,228731.0,231993.0,3.19,-0.11%,-0.30%,-0.35%,-0.34%,-0.40%,-0.39%,+1.34%,+1.34%,+0.74%,-0.31%,-0.48%,-0.34%,+0.02%,-0.48%,-0.47%,-0.34%,-0.39%,-0.39%,-0.45%,21.433,47.259,+900.00%,70.42,107.851,76.799,115.305,96.47,-3806.0,1611.0,5537.0,5537.0,3926.0,132.0,84.0,48.0,-5374.0,1598.0,6972.0,-600.0,-3763.0,102115.0,21821.0,241257.0,7340.0,11146.0,60.27,63.78,4448.05,-4.46,0.961,0.966,20.52,2.64,0.07,38.45,30.66,48894.0,65365.0,82327.0,65844.0,95727.0,82518.0,218368.0,238441.0,36394.0,54798.0,41036.0,61949.0,37537.0,2650.0,36535.0,2413.0,13747.0,2394.0,13764.0,2394.0,457421.0,52238.0,463515.0,58583.0,291732.0,127154.0,4.06,2.9,50.6,4.9,8130.309,5.21,1.73,9299.341,119.941,835081.0,424155.0,1680113.0,1269187.0,13834.0,13409.0,1792.0,5950.0,5950.0,4158.0,-413.0,-489.0,16232.0,470.0,13748.0,433.0,13315.0,15670.0,465.0,8436.0,24602.0,47745.0,5147.0,348.0,866.0,7135.0,10898.0,22.55,21.22,21.11,3836.77,2.697,53.61,66.25,53.66,33.08,64.19,36.57,41.07,34.86,55.98,25.585,46.36,26.794,27.19,63.252,92.09,65.065,137.298,26.45,34.3,50.07,44.33,67.08,41.926,26.86,67.028,23.913,31.37,43.61,59.772,64.73,80591.0,84110.0,8887.0,5952.0,9710.0,6449.0,8396.0,18156.0,11216.0,11387.0,32816.0,63587.0,35129.0,62971.0,1419517.0,1234806.0,1596009.0,107977.0,286342.0,345.0,548.0,48.7,34.44,909.0,288.0,1105.0,318.0,1296.0,3950.44,37.0,29.75,54.5,45.25,250.5,74.0,44.0,445.0,60.0,42.0,422.0,71.0,68.0,-0.11%,+0.13%,-0.23%,-2.56%,-3.19%,-2.29%,+0.30%,+0.41%,-0.05%,-0.27%,-0.27%,-0.41%,-2.29%,-2.16%,-2.43%,-1.98%,+0.13%,+0.04%,-0.03%,-0.03%,-0.83%,-0.66%,-0.10%,+3.73%,-0.91%,4976.0,48.0,416.0,-465.0,26485.0,3548.0,12475.0,10462.0,23185.0,46477.0,3713.0,11220.0,25246.0,3538.0,12039.0,9669.0,22487.0,39160.0,3535.0,10503.0,723.0,10.0,174.0,540.0,354.0,2165.0,92.0,238.0,515.0,0.0,262.0,657.0,2805.0,834.0,379.0,861.0,1.943,1.945,2.235,2.554,2.702,2.542,2.707,2.462,0.586,-0.06%
2025-11-25,5.43,-2.38%,61.8,61.48,62.48,57.95,2.354,37.57,62.48,99.664,57.74,62.78,46563.0,65981.0,209481.0,212416.0,228731.0,231993.0,3.19,+1.15%,+2.35%,+1.06%,+1.08%,+1.06%,+1.08%,-1.66%,-1.51%,-1.11%,+1.29%,+1.30%,+1.03%,+0.97%,+1.30%,+1.23%,+1.16%,+1.21%,+1.17%,+1.18%,21.433,47.259,+37.50%,69.25,89.343,41.108,102.865,95.37,-3806.0,1611.0,5537.0,5537.0,3926.0,132.0,84.0,48.0,-5374.0,1598.0,6972.0,-600.0,-3763.0,102115.0,21821.0,241257.0,7340.0,11146.0,60.07,63.64,4490.4,-4.48,0.962,0.967,18.56,2.23,0.05,38.61,30.89,48894.0,65365.0,82327.0,65844.0,95727.0,82518.0,218368.0,238441.0,36394.0,54798.0,41036.0,61949.0,37537.0,2650.0,36535.0,2413.0,13747.0,2394.0,13764.0,2394.0,438840.0,57556.0,446345.0,63819.0,309541.0,131714.0,4.06,2.9,50.6,4.9,8130.309,5.21,1.73,9299.341,119.479,835081.0,424155.0,1680113.0,1269187.0,13834.0,13409.0,1792.0,5950.0,5950.0,4158.0,-413.0,-489.0,16232.0,470.0,13748.0,433.0,13315.0,15670.0,465.0,8436.0,24602.0,47745.0,5147.0,348.0,866.0,7135.0,10898.0,22.4,19.73,19.84,3870.02,2.672,53.85,66.46,53.85,33.22,64.24,36.72,41.23,34.6,56.34,25.705,46.61,26.842,27.19,63.472,92.262,65.563,138.141,26.65,34.32,50.55,44.49,67.311,42.182,26.9,64.43,23.95,31.447,43.75,60.02,64.76,80591.0,84110.0,8887.0,5952.0,9710.0,6449.0,8396.0,18156.0,11216.0,11387.0,32816.0,63587.0,35129.0,62971.0,1442108.0,1270780.0,1620483.0,115435.0,299496.0,345.0,548.0,48.7,34.44,909.0,288.0,1105.0,318.0,1296.0,3950.44,37.0,29.75,54.5,45.25,250.5,74.0,44.0,445.0,60.0,42.0,422.0,71.0,68.0,+0.43%,-0.31%,-0.45%,-0.42%,-0.45%,+0.18%,-0.31%,-0.77%,+0.51%,+0.55%,+0.09%,+0.18%,-0.01%,+0.61%,+0.00%,+0.22%,-0.34%,-0.24%,-0.83%,-0.46%,-0.21%,-0.05%,+0.42%,+2.16%,-0.30%,4976.0,48.0,416.0,-465.0,26485.0,3548.0,12475.0,10462.0,23185.0,46477.0,3713.0,11220.0,25246.0,3538.0,12039.0,9669.0,22487.0,39160.0,3535.0,10503.0,723.0,10.0,174.0,540.0,354.0,2165.0,92.0,238.0,515.0,0.0,262.0,657.0,2805.0,834.0,379.0,861.0,1.922,1.987,2.125,2.428,2.575,2.455,2.55,2.265,0.588,+1.15%
2025-11-26,4.62,-7.32%,62.54,62.17,63.13,58.65,2.325,35.7,63.13,99.595,58.42,63.77,46563.0,65981.0,209481.0,212416.0,228731.0,231993.0,3.19,-0.86%,-1.27%,-1.09%,-1.05%,-1.09%,-1.05%,+0.95%,+0.81%,+0.63%,-1.68%,-1.66%,-1.08%,-0.74%,-1.28%,-1.17%,-1.21%,-1.26%,-1.14%,-1.07%,21.433,47.259,+68.18%,70.04,65.987,78.941,65.845,91.479,-3194.0,2148.0,5883.0,5883.0,3735.0,475.0,83.0,392.0,-5626.0,1613.0,7239.0,-320.0,-3477.0,100905.0,21753.0,247021.0,8136.0,11330.0,58.86,62.78,4517.63,-4.44,0.962,0.966,17.19,1.37,0.06,38.82,31.18,48894.0,65365.0,82327.0,65844.0,95727.0,82518.0,218368.0,238441.0,36394.0,54798.0,41036.0,61949.0,37537.0,2650.0,36535.0,2413.0,13747.0,2394.0,13764.0,2394.0,438840.0,57556.0,446345.0,63819.0,309541.0,131714.0,4.06,2.9,50.6,4.9,8130.309,5.21,1.73,9299.341,116.494,838353.0,426929.0,1682173.0,1270749.0,13814.0,13394.0,2838.0,6436.0,6436.0,3598.0,468.0,396.0,16443.0,598.0,13790.0,430.0,13361.0,15976.0,498.0,7325.0,24617.0,47062.0,1760.0,470.0,1224.0,7496.0,10973.0,21.95,18.38,18.49,3864.18,2.674,54.11,66.93,54.24,33.39,64.46,36.93,41.55,34.9,56.76,25.81,46.85,27.09,27.19,63.695,92.893,65.84,138.849,26.842,34.559,51.56,44.636,67.771,42.535,27.041,64.919,23.975,31.6,44.06,60.441,65.165,80591.0,84110.0,8887.0,5952.0,9710.0,6449.0,8396.0,18156.0,11216.0,11387.0,32816.0,63587.0,35129.0,62971.0,1442108.0,1270780.0,1620483.0,115435.0,299496.0,345.0,548.0,48.7,34.44,909.0,288.0,1105.0,318.0,1296.0,3950.44,37.0,29.75,54.5,45.25,250.5,74.0,44.0,445.0,60.0,42.0,422.0,71.0,68.0,+2.49%,-0.58%,-0.78%,-2.07%,-1.94%,-1.74%,-1.55%,-1.54%,+0.09%,-0.20%,-0.54%,-0.55%,-1.84%,-1.56%,-1.79%,-1.50%,-1.50%,-1.29%,-1.46%,-1.51%,-1.36%,-1.19%,+2.40%,-1.41%,-1.39%,4793.0,49.0,450.0,-498.0,27901.0,3818.0,12268.0,11816.0,23354.0,46186.0,3571.0,11215.0,26787.0,3809.0,11889.0,11090.0,22490.0,38954.0,3380.0,10446.0,608.0,10.0,135.0,463.0,356.0,2254.0,86.0,234.0,506.0,0.0,244.0,674.0,2832.0,1006.0,406.0,965.0,1.885,1.849,2.087,2.344,2.491,2.312,2.466,2.127,0.646,-0.86%
2025-11-27,4.93,+18.42%,62.87,62.49,63.13,58.65,2.325,35.95,63.34,99.595,58.42,63.77,46563.0,65981.0,209481.0,212416.0,228731.0,231993.0,3.19,+1.44%,+1.72%,+1.42%,+1.32%,+1.42%,+1.32%,+0.00%,+0.00%,+1.18%,+1.52%,+1.49%,+1.22%,+0.73%,+1.52%,+1.49%,+1.27%,+1.49%,+1.37%,+1.44%,21.433,47.259,+2.70%,70.04,88.673,88.4,84.268,92.115,-3194.0,2148.0,5883.0,5883.0,3735.0,475.0,83.0,392.0,-5626.0,1613.0,7239.0,-320.0,-3477.0,100905.0,21753.0,247021.0,8136.0,11330.0,59.11,64.83,4515.4,-4.31,0.962,0.966,17.21,1.65,0.06,38.82,31.18,48894.0,65365.0,82327.0,65844.0,95727.0,82518.0,218368.0,238441.0,36394.0,54798.0,41036.0,61949.0,37537.0,2650.0,36535.0,2413.0,13747.0,2394.0,13764.0,2394.0,438840.0,57556.0,446345.0,63819.0,309541.0,131714.0,4.06,2.9,50.6,4.9,8130.309,5.21,1.73,9299.341,113.449,838353.0,426929.0,1682173.0,1270749.0,13814.0,13394.0,2838.0,6436.0,6436.0,3598.0,468.0,396.0,16443.0,598.0,13790.0,430.0,13361.0,15976.0,498.0,7325.0,24617.0,47062.0,1760.0,470.0,1224.0,7496.0,10973.0,22.87,17.85,17.94,3875.26,2.677,54.11,66.93,54.24,33.39,64.46,36.93,41.55,34.9,56.76,25.81,46.85,27.09,27.19,63.695,92.893,65.84,138.849,26.842,34.559,51.56,44.636,67.771,42.535,27.041,64.919,23.975,31.6,44.06,60.441,65.165,80591.0,84110.0,8887.0,5952.0,9710.0,6449.0,8396.0,18156.0,11216.0,11387.0,32816.0,63587.0,35129.0,62971.0,1442108.0,1270780.0,1620483.0,115435.0,299496.0,345.0,548.0,48.7,34.44,909.0,288.0,1105.0,318.0,1296.0,3950.44,37.0,29.75,54.5,45.25,250.5,74.0,44.0,445.0,60.0,42.0,422.0,71.0,68.0,+0.28%,+1.50%,+0.92%,-0.43%,+0.09%,+0.09%,+0.88%,+0.58%,+1.70%,+1.55%,+1.54%,+1.47%,+0.18%,+0.12%,+0.12%,+0.07%,+0.86%,+1.14%,+0.66%,+0.93%,+1.44%,+1.43%,+0.34%,-2.14%,+1.46%,4793.0,49.0,450.0,-498.0,27901.0,3818.0,12268.0,11816.0,23354.0,46186.0,3571.0,11215.0,26787.0,3809.0,11889.0,11090.0,22490.0,38954.0,3380.0,10446.0,608.0,10.0,135.0,463.0,356.0,2254.0,86.0,234.0,506.0,0.0,244.0,674.0,2832.0,1006.0,406.0,965.0,1.908,1.891,2.081,2.321,2.468,2.318,2.398,2.123,0.598,+1.44%
2025-11-28,5.75,-11.11%,62.38,61.97,63.2,58.55,2.333,35.95,63.2,99.444,58.29,64.1,46563.0,65981.0,209481.0,212416.0,228731.0,231993.0,3.19,+0.64%,+0.86%,+0.90%,+0.99%,+0.90%,+0.99%,+0.00%,+0.00%,+0.54%,+1.18%,+1.13%,+0.89%,+1.30%,+1.18%,+1.13%,+1.05%,+1.15%,+1.11%,+1.06%,21.433,47.259,-42.11%,71.07,145.677,12.629,231.736,99.683,-3194.0,2148.0,5883.0,5883.0,3735.0,475.0,83.0,392.0,-5626.0,1613.0,7239.0,-320.0,-3477.0,100905.0,21753.0,247021.0,8136.0,11330.0,58.25,63.99,4526.66,-3.82,0.961,0.966,16.35,2.48,0.0,38.73,31.14,48894.0,65365.0,82327.0,65844.0,95727.0,82518.0,218368.0,238441.0,36394.0,54798.0,41036.0,61949.0,37537.0,2650.0,36535.0,2413.0,13747.0,2394.0,13764.0,2394.0,438840.0,57556.0,446345.0,63819.0,309541.0,131714.0,4.06,2.9,50.6,4.9,8130.309,5.21,1.73,9299.341,114.268,838353.0,426929.0,1682173.0,1270749.0,13814.0,13394.0,2838.0,6436.0,6436.0,3598.0,468.0,396.0,16443.0,598.0,13790.0,430.0,13361.0,15976.0,498.0,7325.0,24617.0,47062.0,1760.0,470.0,1224.0,7496.0,10973.0,22.87,17.21,17.12,3888.6,2.691,54.3,67.1,54.32,33.52,64.48,37.04,41.614,35.03,57.15,25.92,47.03,27.18,27.19,64.06,93.089,66.371,139.49,27.075,34.654,51.82,44.802,68.395,42.867,27.12,65.358,24.152,31.656,44.07,60.47,65.5,80591.0,84110.0,8887.0,5952.0,9710.0,6449.0,8396.0,18156.0,11216.0,11387.0,32816.0,63587.0,35129.0,62971.0,1442108.0,1270780.0,1620483.0,115435.0,299496.0,345.0,549.0,48.7,30.42,881.23,279.61,1082.96,306.33,1311.68,3892.23,37.0,29.75,54.5,45.25,250.5,74.0,44.0,445.0,60.0,42.0,422.0,71.0,68.0,+0.66%,+0.97%,+1.01%,+1.77%,+1.53%,+1.93%,+1.45%,+1.33%,+1.33%,+1.17%,+0.94%,+1.04%,+1.90%,+1.76%,+1.94%,+1.86%,+1.35%,+1.46%,+1.68%,+1.70%,-0.30%,-0.21%,+0.52%,-2.19%,-0.27%,4793.0,49.0,450.0,-498.0,27901.0,3818.0,12268.0,11816.0,23354.0,46186.0,3571.0,11215.0,26787.0,3809.0,11889.0,11090.0,22490.0,38954.0,3380.0,10446.0,608.0,10.0,135.0,463.0,356.0,2254.0,86.0,234.0,506.0,0.0,244.0,674.0,2832.0,1006.0,406.0,965.0,1.862,1.774,2.034,2.258,2.406,2.23,2.336,2.068,0.583,+0.64%
2025-12-01,5.96,-12.50%,62.78,62.54,63.17,59.32,2.34,35.82,63.17,99.414,59.07,63.93,46563.0,65981.0,209481.0,212416.0,228731.0,231993.0,3.19,+0.19%,+0.15%,-0.27%,-0.19%,-0.23%,-0.16%,+1.14%,+1.11%,-0.82%,+0.51%,+0.46%,-0.20%,+0.25%,+0.51%,+0.46%,-0.39%,-0.43%,-0.24%,+0.41%,21.433,47.259,+122.73%,71.06,194.857,283.914,149.566,109.615,-3194.0,2148.0,5883.0,5883.0,3735.0,475.0,83.0,392.0,-5626.0,1613.0,7239.0,-320.0,-3477.0,100905.0,21753.0,247021.0,8136.0,11330.0,58.81,64.81,4576.49,-4.08,0.961,0.966,17.24,2.56,0.0,38.71,31.1,48894.0,65365.0,82327.0,65844.0,95727.0,82518.0,218368.0,238441.0,36394.0,54798.0,41036.0,61949.0,37537.0,2650.0,36535.0,2413.0,13747.0,2394.0,13764.0,2394.0,438840.0,57556.0,446345.0,63819.0,309541.0,131714.0,4.06,2.9,50.6,4.9,8130.309,5.21,1.73,9299.341,111.751,838353.0,426929.0,1682173.0,1270749.0,13814.0,13394.0,2838.0,6436.0,6436.0,3598.0,468.0,396.0,16443.0,598.0,13790.0,430.0,13361.0,15976.0,498.0,7325.0,24617.0,47062.0,1760.0,470.0,1224.0,7496.0,10973.0,23.34,17.69,17.33,3914.01,2.749,54.25,67.04,54.28,33.49,64.32,37.11,41.48,34.93,56.96,25.94,47.02,27.122,27.19,63.999,92.89,65.7,139.57,27.13,34.659,51.69,44.832,68.205,42.935,26.96,65.276,24.12,31.6,44.07,60.522,65.28,80591.0,84110.0,8887.0,5952.0,9710.0,6449.0,8396.0,18156.0,11216.0,11387.0,32816.0,63587.0,35129.0,62971.0,1442108.0,1270780.0,1620483.0,115435.0,299496.0,345.0,549.0,48.7,30.42,881.23,279.61,1082.96,306.33,1311.68,3892.23,37.0,29.75,54.5,45.25,250.5,74.0,44.0,445.0,60.0,42.0,422.0,71.0,68.0,+0.94%,-0.70%,+0.00%,+0.52%,-0.01%,-0.10%,-1.67%,-1.00%,-1.73%,-0.41%,-1.33%,-1.21%,-1.53%,-1.08%,-1.21%,-0.95%,+0.66%,+0.11%,+0.45%,+0.41%,+1.19%,+1.04%,+0.79%,-5.97%,+0.98%,4793.0,49.0,450.0,-498.0,27901.0,3818.0,12268.0,11816.0,23354.0,46186.0,3571.0,11215.0,26787.0,3809.0,11889.0,11090.0,22490.0,38954.0,3380.0,10446.0,608.0,10.0,135.0,463.0,356.0,2254.0,86.0,234.0,506.0,0.0,244.0,674.0,2832.0,1006.0,406.0,965.0,1.902,1.815,2.074,2.229,2.376,2.178,2.306,2.048,0.605,+0.16%
2025-12-02,5.58,-8.57%,62.05,61.82,62.45,58.64,2.313,35.89,62.45,99.357,58.38,63.12,46563.0,65981.0,209481.0,212416.0,228731.0,231993.0,3.19,-0.75%,-0.78%,-0.49%,-0.44%,-0.49%,-0.44%,-1.15%,-1.17%,-0.13%,-0.54%,-0.49%,-0.63%,-0.61%,-0.54%,-0.49%,-0.58%,-0.32%,-0.25%,-0.46%,21.433,47.259,-34.69%,70.2,223.738,61.958,351.419,128.815,-3194.0,2148.0,5883.0,5883.0,3735.0,475.0,83.0,392.0,-5626.0,1613.0,7239.0,-320.0,-3477.0,100905.0,21753.0,247021.0,8136.0,11330.0,58.81,64.18,4554.33,-4.09,0.961,0.966,16.59,2.21,0.0,38.87,31.3,48894.0,65365.0,82327.0,65844.0,95727.0,82518.0,218368.0,238441.0,36394.0,54798.0,41036.0,61949.0,37537.0,2650.0,36535.0,2413.0,13747.0,2394.0,13764.0,2394.0,438459.0,57523.0,451647.0,63660.0,289562.0,163975.0,4.06,2.9,50.6,4.9,8130.309,5.21,1.73,9299.341,115.06,838353.0,426929.0,1682173.0,1270749.0,13814.0,13394.0,2838.0,6436.0,6436.0,3598.0,468.0,396.0,16443.0,598.0,13790.0,430.0,13361.0,15976.0,498.0,7325.0,24617.0,47062.0,1760.0,470.0,1224.0,7496.0,10973.0,22.49,17.32,17.09,3897.71,2.752,54.13,67.04,54.3,33.4,64.37,37.09,41.59,34.97,57.03,25.98,46.92,27.21,27.19,64.138,92.912,65.65,139.51,27.11,34.675,51.67,44.755,67.985,42.955,27.098,65.355,23.96,31.685,44.09,60.748,64.64,80591.0,84110.0,8887.0,5952.0,9710.0,6449.0,8396.0,18156.0,11216.0,11387.0,32816.0,63587.0,35129.0,62971.0,1446553.0,1287786.0,1617855.0,111265.0,280703.0,345.0,549.0,48.7,30.42,881.23,279.61,1082.96,306.33,1311.68,3892.23,37.0,29.75,54.5,45.25,250.5,74.0,44.0,445.0,60.0,42.0,422.0,71.0,68.0,+1.15%,-0.04%,-0.53%,-0.78%,-0.96%,-0.97%,+0.31%,-0.35%,+0.40%,+0.35%,+0.04%,+0.00%,-1.01%,-1.05%,-0.98%,-0.97%,-0.52%,-0.01%,-0.16%,-0.11%,-0.48%,-0.47%,+0.05%,-3.97%,-0.34%,4793.0,49.0,450.0,-498.0,27901.0,3818.0,12268.0,11816.0,23354.0,46186.0,3571.0,11215.0,26787.0,3809.0,11889.0,11090.0,22490.0,38954.0,3380.0,10446.0,608.0,10.0,135.0,463.0,356.0,2254.0,86.0,234.0,506.0,0.0,244.0,674.0,2832.0,1006.0,406.0,965.0,1.902,1.815,2.074,2.229,2.376,2.178,2.306,2.048,0.605,-0.75%
2025-12-03,4.57,+6.25%,62.28,62.06,62.67,58.95,2.301,33.72,62.67,98.854,58.66,63.37,46563.0,65981.0,209481.0,212416.0,228731.0,231993.0,3.19,-0.55%,-0.34%,-0.68%,-0.71%,-0.66%,-0.70%,+0.53%,+0.48%,+0.38%,-0.64%,-0.66%,-0.41%,-0.69%,-0.64%,-0.66%,-0.62%,-0.67%,-0.69%,-0.68%,21.433,47.259,+21.88%,70.66,112.627,66.047,154.252,135.477,-3383.0,2351.0,5897.0,5897.0,3546.0,301.0,74.0,226.0,-5732.0,1626.0,7359.0,9.0,-3381.0,100960.0,21296.0,246544.0,7737.0,11120.0,58.58,64.07,4531.05,-4.0,0.961,0.966,16.08,1.25,0.0,38.9,31.49,48894.0,65365.0,82327.0,65844.0,95727.0,82518.0,218368.0,238441.0,36394.0,54798.0,41036.0,61949.0,37537.0,2650.0,36535.0,2413.0,13747.0,2394.0,13764.0,2394.0,438459.0,57523.0,451647.0,63660.0,289562.0,163975.0,4.06,2.9,50.6,4.9,8130.309,5.21,1.73,9299.341,113.085,839177.0,427503.0,1687647.0,1275973.0,13815.0,13379.0,2368.0,5981.0,5981.0,3613.0,118.0,82.0,16876.0,607.0,13831.0,430.0,13402.0,16381.0,533.0,8464.0,25004.0,46531.0,4797.0,399.0,1049.0,7524.0,10905.0,21.96,16.93,16.63,3878.0,2.746,54.06,67.1,54.34,33.36,64.39,37.18,41.66,35.17,57.3,25.98,46.9,27.18,27.19,64.246,92.952,65.8,139.053,27.118,34.639,51.86,44.453,68.05,43.139,27.225,65.305,24.035,31.6,44.1,60.878,63.636,80591.0,84110.0,8887.0,5952.0,9710.0,6449.0,8396.0,18156.0,11216.0,11387.0,32816.0,63587.0,35129.0,62971.0,1446553.0,1287786.0,1617855.0,111265.0,280703.0,345.0,549.0,48.7,30.42,881.23,279.61,1082.96,306.33,1311.68,3892.23,37.0,29.75,54.5,45.25,250.5,74.0,44.0,445.0,60.0,42.0,422.0,71.0,68.0,-1.47%,-0.93%,-0.94%,-1.15%,-1.48%,-1.40%,-1.28%,-1.10%,-1.51%,-1.35%,-0.90%,-0.86%,-0.69%,-0.66%,-1.01%,-0.80%,-1.04%,-0.97%,-1.20%,-1.19%,-1.28%,-1.27%,-2.12%,+0.83%,-1.26%,4860.0,49.0,484.0,-533.0,28774.0,4086.0,13187.0,11501.0,24936.0,45436.0,3642.0,11498.0,27614.0,4076.0,12768.0,10770.0,23992.0,38510.0,3476.0,10785.0,672.0,10.0,167.0,496.0,348.0,2255.0,74.0,220.0,487.0,0.0,251.0,691.0,2850.0,1000.0,388.0,968.0,1.879,1.809,1.961,2.227,2.375,2.18,2.305,2.05,0.605,-0.56%
2025-12-04,4.17,-2.94%,62.86,62.61,63.26,59.67,2.304,33.3,63.26,98.989,59.31,64.02,46563.0,65981.0,209481.0,212416.0,228731.0,231993.0,3.19,+0.22%,-0.05%,+0.05%,+0.06%,+0.11%,+0.13%,+1.22%,+1.11%,+0.05%,+0.31%,+0.26%,-0.03%,+0.22%,+0.31%,+0.26%,+0.10%,+0.02%,+0.03%,+0.26%,21.433,47.259,+17.95%,71.39,191.478,171.8,191.064,150.164,-3383.0,2351.0,5897.0,5897.0,3546.0,301.0,74.0,226.0,-5732.0,1626.0,7359.0,9.0,-3381.0,100960.0,21296.0,246544.0,7737.0,11120.0,59.47,64.22,4546.57,-3.95,0.961,0.966,15.78,0.99,0.0,39.03,31.47,48894.0,65365.0,82327.0,65844.0,95727.0,82518.0,218368.0,238441.0,36394.0,54798.0,41036.0,61949.0,37537.0,2650.0,36535.0,2413.0,13747.0,2394.0,13764.0,2394.0,438459.0,57523.0,451647.0,63660.0,289562.0,163975.0,4.06,2.9,50.6,4.9,8130.309,5.21,1.73,9299.341,114.946,839177.0,427503.0,1687647.0,1275973.0,13815.0,13379.0,2368.0,5981.0,5981.0,3613.0,118.0,82.0,16876.0,607.0,13831.0,430.0,13402.0,16381.0,533.0,8464.0,25004.0,46531.0,4797.0,399.0,1049.0,7524.0,10905.0,20.57,16.31,15.98,3875.79,2.77,54.18,67.07,54.33,33.43,64.69,37.18,41.63,35.25,57.225,26.03,46.98,27.233,27.19,64.276,92.64,65.66,138.98,27.14,34.77,51.78,44.75,67.99,43.225,27.33,65.356,23.94,31.57,44.11,61.009,64.18,80591.0,84110.0,8887.0,5952.0,9710.0,6449.0,8396.0,18156.0,11216.0,11387.0,32816.0,63587.0,35129.0,62971.0,1446553.0,1287786.0,1617855.0,111265.0,280703.0,345.0,549.0,48.7,30.42,881.23,279.61,1082.96,306.33,1311.68,3892.23,37.0,29.75,54.5,45.25,250.5,74.0,44.0,445.0,60.0,42.0,422.0,71.0,68.0,-1.06%,-0.40%,-0.52%,-0.22%,+0.02%,+0.16%,+0.02%,+0.21%,-0.43%,-0.28%,-0.14%,-0.14%,-0.08%,+0.10%,+0.17%,+0.25%,-0.51%,-0.80%,-0.38%,-0.52%,-0.01%,+0.02%,-0.94%,+0.41%,-0.04%,4860.0,49.0,484.0,-533.0,28774.0,4086.0,13187.0,11501.0,24936.0,45436.0,3642.0,11498.0,27614.0,4076.0,12768.0,10770.0,23992.0,38510.0,3476.0,10785.0,672.0,10.0,167.0,496.0,348.0,2255.0,74.0,220.0,487.0,0.0,251.0,691.0,2850.0,1000.0,388.0,968.0,1.878,1.858,1.931,2.246,2.394,2.219,2.324,2.089,0.68,+0.16%
2025-12-05,4.65,+12.12%,63.39,63.14,63.75,60.08,2.363,32.06,63.75,98.992,59.78,64.45,46563.0,65981.0,209481.0,212416.0,228731.0,231993.0,3.19,+0.53%,+0.27%,+0.52%,+0.46%,+0.49%,+0.43%,+0.69%,+0.79%,+0.92%,+0.57%,+0.51%,+0.41%,+0.53%,+0.57%,+0.51%,+0.49%,+0.40%,+0.37%,+0.46%,21.433,47.259,+6.52%,71.92,182.582,91.01,249.424,155.436,-3383.0,2351.0,5897.0,5897.0,3546.0,301.0,74.0,226.0,-5732.0,1626.0,7359.0,9.0,-3381.0,100960.0,21296.0,246544.0,7737.0,11120.0,59.47,64.22,4584.54,-3.95,0.96,0.965,15.41,1.55,0.0,38.89,31.05,48894.0,65365.0,82327.0,65844.0,95727.0,82518.0,218368.0,238441.0,36394.0,54798.0,41036.0,61949.0,37537.0,2650.0,36535.0,2413.0,13747.0,2394.0,13764.0,2394.0,438459.0,57523.0,451647.0,63660.0,289562.0,163975.0,4.06,2.9,50.6,4.9,8130.309,5.21,1.73,9299.341,117.659,839177.0,427503.0,1687647.0,1275973.0,13815.0,13379.0,2368.0,5981.0,5981.0,3613.0,118.0,82.0,16876.0,607.0,13831.0,430.0,13402.0,16381.0,533.0,8464.0,25004.0,46531.0,4797.0,399.0,1049.0,7524.0,10905.0,19.92,15.94,15.78,3902.81,2.8,54.4,67.43,54.74,33.51,64.77,37.16,41.94,35.32,57.11,26.07,47.16,27.5,27.19,64.647,93.79,65.81,140.34,27.262,35.02,52.86,44.699,67.96,42.82,27.195,65.785,24.235,31.92,44.42,60.67,64.376,80591.0,84110.0,8887.0,5952.0,9710.0,6449.0,8396.0,18156.0,11216.0,11387.0,32816.0,63587.0,35129.0,62971.0,1446553.0,1287786.0,1617855.0,111265.0,280703.0,345.0,549.0,48.7,30.42,881.23,279.61,1082.96,306.33,1311.68,3892.23,37.0,29.75,54.5,45.25,250.5,74.0,44.0,445.0,60.0,42.0,422.0,71.0,68.0,-0.13%,+0.67%,+0.67%,+0.13%,+0.23%,+0.32%,+1.90%,+1.68%,-0.01%,-0.08%,+0.73%,+0.63%,+0.28%,+0.32%,+0.26%,+0.24%,+1.56%,+1.40%,+1.65%,+1.36%,+0.80%,+0.69%,-0.12%,-0.41%,+0.76%,4860.0,49.0,484.0,-533.0,28774.0,4086.0,13187.0,11501.0,24936.0,45436.0,3642.0,11498.0,27614.0,4076.0,12768.0,10770.0,23992.0,38510.0,3476.0,10785.0,672.0,10.0,167.0,496.0,348.0,2255.0,74.0,220.0,487.0,0.0,251.0,691.0,2850.0,1000.0,388.0,968.0,1.878,1.858,1.931,2.246,2.394,2.219,2.324,2.089,0.68,+0.57%
