date,pred_date,category,tier,base_feature,name,impact,abs_impact,sign,score,rank
2025.12.05,2025.12.08,기타기술지표,2,close_residual,잔차(Residual),-0.03178745537,0.03178745537,-,10.0,1.0
2025.12.05,2025.12.08,유가/정제지표,2,PGAEY00,싱가포르 92R 가솔린 크랙,0.01354390397,0.01354390397,+,4.26077010957672,2.0
2025.12.05,2025.12.08,유가/정제지표,2,BRTROTR,브렌트유 크랙 스프레드 정제 마진(USD/배럴),0.009570240800000001,0.009570240800000001,+,3.0106973611458354,3.0
2025.12.05,2025.12.08,유가/정제지표,3,92R/LSFO,가솔린/벙커유 스프레드(92R/LSFO),-0.0077195167999999995,0.0077195167999999995,-,2.42847900536431,4.0
2025.12.05,2025.12.08,유가/정제지표,3,AMFSA00,싱가포르 LSFO 크랙,0.0074555874,0.0074555874,+,2.3454495848184025,5.0
2025.12.05,2025.12.08,유가/정제지표,2,WTIUSGR,WTI 크랙 스프레드 정제 마진(USD/배럴),0.0023133754599999994,0.00701570514,+,2.2070672403117872,6.0
2025.12.05,2025.12.08,수급,2,WDIUPUS2_4WEEK_AVG,4주 평균 미국 증류 연료유 소비량(천 배럴),0.00641346,0.00641346,+,2.017607236989728,7.0
2025.12.05,2025.12.08,유가/정제지표,3,EER_EPD2F_PF4_Y35NY_DPG,미국 뉴욕항 No.2 난방유 현물가격(달러/갤런),0.0035048127,0.0035048127,+,1.1025773089429902,8.0
2025.12.05,2025.12.08,유가/정제지표,3,PAAAD00,일본 납사 크랙 스프레드,0.0030173063,0.0030173063,+,0.94921290958308,9.0
2025.12.05,2025.12.08,유가/정제지표,3,Regrade,항공유/가스오일 스프레드(Regrade),0.0029943586,0.0029943586,+,0.9419938038909467,10.0
2025.12.05,2025.12.08,수급,3,WCEIMP42,미국 로키산맥(PADD 4) 지역의 상업용 원유 수입량(전략비축유 제외. 천 배럴/일),-0.002456367,0.0029847026,-,0.938956127585119,11.0
2025.12.05,2025.12.08,금융시장,2,LLCMMLC,자산운용사의 현물 매수 포지션 (실물거래자 기준),0.00026309490000000005,0.0027558803,+,0.866971032415798,12.0
2025.12.05,2025.12.08,수급,3,WCEIMP22,미국 중서부(PADD 2) 지역의 상업용 원유 수입량(전략비축유 제외. 천 배럴/일),2.5987569999999993e-05,0.00271856783,+,0.8552329207721668,13.0
2025.12.05,2025.12.08,유가/정제지표,2,NHOC.01-NCLC.01,난방유 선물 크랙,-0.0012494922000000001,0.0024098754,-,0.7581215205651108,14.0
2025.12.05,2025.12.08,기타기술지표,2,rsi_14,14일 RSI(상대강도지수),0.0022055507,0.0022055507,+,0.6938431133690334,15.0
2025.12.05,2025.12.08,수급,2,USNGPRESA,미국 천연가스 가격(가정용 MCF당 가격. USD),0.0019043088,0.0019043088,+,0.5990755717418094,16.0
2025.12.05,2025.12.08,금융시장,3,NBRORLF,브렌트유 옵션 순매수 포지션 (투기거래자 기준),-0.0015876293,0.0015876293,-,0.49945152309937796,17.0
2025.12.05,2025.12.08,유가/정제지표,2,PJABS00,제트유 1st/2nd(Intermonth Spread),0.001395762,0.001395762,+,0.4390920832616493,18.0
2025.12.05,2025.12.08,유가/정제지표,3,AAXFE00,납사 1st/2nd(Intermonth Spread),-0.00134021042,0.00134021042,-,0.42161613894544336,19.0
2025.12.05,2025.12.08,지정학,2,GPRD,GPR(Geopolitical Risk) 지수(GPRD),-0.0013337731,0.0013337731,-,0.4195910256027518,20.0
2025.12.05,2025.12.09,기타기술지표,2,close_residual,잔차(Residual),-0.0395319459,0.0395319459,-,10.0,1.0
2025.12.05,2025.12.09,유가/정제지표,2,BRTROTR,브렌트유 크랙 스프레드 정제 마진(USD/배럴),0.0208849911,0.0208849911,+,5.2830668019304365,2.0
2025.12.05,2025.12.09,수급,3,WCEIMP12_4WEEK_AVG,미국 동부 해안(PADD 1)의 전략비축유 제외 상업용 원유 수입량 4주 평균(천 배럴/일),0.012109578,0.012109578,+,3.063238533876472,3.0
2025.12.05,2025.12.09,수급,2,WDIUPUS2_4WEEK_AVG,4주 평균 미국 증류 연료유 소비량(천 배럴),0.0041241048,0.0112449526,+,2.844522915326564,4.0
2025.12.05,2025.12.09,유가/정제지표,3,AMFSA00,싱가포르 LSFO 크랙,0.0070922375,0.0070922375,+,1.7940522123399953,5.0
2025.12.05,2025.12.09,유가/정제지표,2,PJABF00,싱가포르 제트유 크랙,0.00675868986,0.00675868986,+,1.7096780100571778,6.0
2025.12.05,2025.12.09,수급,3,WCEIMP42,미국 로키산맥(PADD 4) 지역의 상업용 원유 수입량(전략비축유 제외. 천 배럴/일),-0.0055152774,0.0055152774,-,1.395144426725526,7.0
2025.12.05,2025.12.09,유가/정제지표,3,EER_EPD2F_PF4_Y35NY_DPG,미국 뉴욕항 No.2 난방유 현물가격(달러/갤런),0.0006968975999999999,0.0048348904,+,1.2230337490166403,8.0
2025.12.05,2025.12.09,수급,3,WDIUPUS2,미국 증류 연료유 일일 소비량(천 배럴),-0.004090786,0.004090786,-,1.0348051194717436,9.0
2025.12.05,2025.12.09,유가/정제지표,2,PGAEY00,싱가포르 92R 가솔린 크랙,0.0011892319400000002,0.00393176094,+,0.9945781444570884,10.0
2025.12.05,2025.12.09,유가/정제지표,3,92R/LSFO,가솔린/벙커유 스프레드(92R/LSFO),0.000917375,0.0039189458,+,0.9913364269781622,11.0
2025.12.05,2025.12.09,금융시장,2,LLCMMLC,자산운용사의 현물 매수 포지션 (실물거래자 기준),2.4139899999999935e-05,0.0034425855000000003,+,0.8708363379602826,12.0
2025.12.05,2025.12.09,유가/정제지표,3,EER_EPD2DC_PF4_Y05LA_DPG,미국 로스앤젤레스 초저유황(CARB) 디젤 현물가격(달러/갤런),-0.0030796528,0.0030796528,-,0.7790288916691045,13.0
2025.12.05,2025.12.09,유가/정제지표,2,PJABS00,제트유 1st/2nd(Intermonth Spread),0.00028502940000000015,0.0029968024,+,0.7580710566539555,14.0
2025.12.05,2025.12.09,유가/정제지표,2,AAOVC00,싱가포르 가스오일 크랙(10ppm),0.00288492444,0.00288492444,+,0.7297704108210874,15.0
2025.12.05,2025.12.09,기타기술지표,2,volume,거래량(Volume),0.0026450753,0.0026450753,+,0.6690981786454383,16.0
2025.12.05,2025.12.09,수급,2,W_EPC0_SKA_NUS_MBBL,알래스카에서 선박으로 수송 중인 미국 원유 재고량(천 배럴),-0.0021182895,0.0021182895,-,0.5358424564675932,17.0
2025.12.05,2025.12.09,수급,3,WCEIMP12,미국 동부 해안(PADD 1) 지역의 상업용 원유 수입량(전략비축유 제외. 천 배럴/일),-0.00199228526,0.00199228526,-,0.5039684272157219,18.0
2025.12.05,2025.12.09,수급,2,WD0ST_R30_1,미국 멕시코만 연안(PADD 3) 지역의 0~15ppm 저황 증류 연료유 재고(천 배럴),-0.0019605756,0.0019605756,-,0.4959471524522147,19.0
2025.12.05,2025.12.09,유가/정제지표,3,Regrade,항공유/가스오일 스프레드(Regrade),4.410745999999994e-05,0.0019443035399999999,+,0.4918309725805832,20.0
2025.12.05,2025.12.10,기타기술지표,2,close_residual,잔차(Residual),-0.03101038947,0.03381955633,-,9.999999999999998,1.0
2025.12.05,2025.12.10,수급,3,WCEIMP42,미국 로키산맥(PADD 4) 지역의 상업용 원유 수입량(전략비축유 제외. 천 배럴/일),0.0310562255,0.0310562255,+,9.182919254458474,2.0
2025.12.05,2025.12.10,유가/정제지표,2,PJABF00,싱가포르 제트유 크랙,0.015986561780000002,0.015986561780000002,+,4.727017002827725,3.0
2025.12.05,2025.12.10,금융시장,2,NBRNCSC,브렌트유 현물 순매도 포지션 (투기거래자 기준),0.013837754399999999,0.013837754399999999,+,4.091642795362477,4.0
2025.12.05,2025.12.10,유가/정제지표,2,BRTROTR,브렌트유 크랙 스프레드 정제 마진(USD/배럴),0.013576388299999999,0.013576388299999999,+,4.014360261715473,5.0
2025.12.05,2025.12.10,유가/정제지표,3,AMFSA00,싱가포르 LSFO 크랙,0.012062967,0.012062967,+,3.5668613988585696,6.0
2025.12.05,2025.12.10,수급,2,W_EPC0_SKA_NUS_MBBL,알래스카에서 선박으로 수송 중인 미국 원유 재고량(천 배럴),-0.010010898,0.010010898,-,2.9600914637427476,7.0
2025.12.05,2025.12.10,유가/정제지표,3,PPXDK00,싱가포르 HSFO 크랙,0.0098376274,0.0098376274,+,2.908857615992267,8.0
2025.12.05,2025.12.10,유가/정제지표,3,92R/LSFO,가솔린/벙커유 스프레드(92R/LSFO),0.00573581453,0.00820153947,+,2.4250878367451367,9.0
2025.12.05,2025.12.10,수급,2,WCESTP51,미국 서부 해안(PADD 5) 원유 재고(전략비축유 제외. 천 배럴),0.007680595,0.007680595,+,2.271051377804991,10.0
2025.12.05,2025.12.10,수급,3,WCEIMP52,미국 서부 해안(PADD 5) 지역의 상업용 원유 수입량(전략비축유 제외. 천 배럴/일),0.0057651997,0.0057651997,+,1.704694066280792,11.0
2025.12.05,2025.12.10,수급,2,WPESCUS2_4WEEK_AVG,4주 평균 미국 총 석유제품 재고 변화량(천 배럴),0.004913032,0.004913032,+,1.452719235007185,12.0
2025.12.05,2025.12.10,유가/정제지표,1,POAFC00,가스오일 1st/2nd(Intermonth Spread),-0.00333929063,0.00471663477,-,1.394647145567684,13.0
2025.12.05,2025.12.10,수급,2,WKJUPUS2_4WEEK_AVG,4주 평균 미국 제트 연료 소비량(천 배럴),0.0042802095,0.0042802095,+,1.2656019074393337,14.0
2025.12.05,2025.12.10,유가/정제지표,2,NHOC.01-NCLC.01,난방유 선물 크랙,-0.0039955378,0.0039955378,-,1.181428213017601,15.0
2025.12.05,2025.12.10,수급,2,WDISTP31,미국 멕시코만 연안(PADD 3) 지역 증류 연료유 재고(천 배럴),-0.0033652186,0.0033652186,-,0.9950510784835005,16.0
2025.12.05,2025.12.10,유가/정제지표,1,NHOC.01,난방유 선물,-0.0032625198,0.0032625198,-,0.9646843879811476,17.0
2025.12.05,2025.12.10,지정학,2,GPRD_THREAT,GPR(Geopolitical Risk) 위협 기반 리스크 지수(THREAT),0.0029670000330000003,0.003161191967,+,0.9347230744703267,18.0
2025.12.05,2025.12.10,수급,2,WPRUP_NUS_2_4WEEK_AVG,4주 평균 미국 프로판·프로필렌 소비량(천 배럴),-0.00303477045,0.00303477045,-,0.897341887157749,19.0
2025.12.05,2025.12.10,지정학,2,GPRD,GPR(Geopolitical Risk) 지수(GPRD),0.002318441855,0.002991139855,+,0.8844408914810857,20.0
2025.12.05,2025.12.11,기타기술지표,2,close_residual,잔차(Residual),-0.0289649363,0.0289649363,-,10.0,1.0
2025.12.05,2025.12.11,유가/정제지표,3,AMFSA00,싱가포르 LSFO 크랙,0.01750189,0.01750189,+,6.04244035572072,2.0
2025.12.05,2025.12.11,수급,3,WCEIMP42,미국 로키산맥(PADD 4) 지역의 상업용 원유 수입량(전략비축유 제외. 천 배럴/일),-0.012275993700000001,0.012275993700000001,-,4.238225685309033,3.0
2025.12.05,2025.12.11,수급,3,WCEIMP52,미국 서부 해안(PADD 5) 지역의 상업용 원유 수입량(전략비축유 제외. 천 배럴/일),0.0092949271,0.0092949271,+,3.209027288625523,4.0
2025.12.05,2025.12.11,유가/정제지표,2,PJABF00,싱가포르 제트유 크랙,0.008231043819999999,0.008231043819999999,+,2.8417268847920782,5.0
2025.12.05,2025.12.11,유가/정제지표,1,NHOC.01,난방유 선물,-0.00808841,0.00808841,-,2.7924832688135415,6.0
2025.12.05,2025.12.11,금융시장,2,NBRNCSC,브렌트유 현물 순매도 포지션 (투기거래자 기준),0.007278502,0.007278502,+,2.5128665654962963,7.0
2025.12.05,2025.12.11,수급,2,WD0ST_R10_1,미국 동부 해안(PADD 1) 지역의 0~15ppm 저황 증류 연료유 재고(천 배럴),0.0064756274,0.0064756274,+,2.2356781084997586,8.0
2025.12.05,2025.12.11,수급,3,WCEIMP12,미국 동부 해안(PADD 1) 지역의 상업용 원유 수입량(전략비축유 제외. 천 배럴/일),-0.0007203221000000003,0.0056038499,-,1.9347012684436664,9.0
2025.12.05,2025.12.11,수급,3,W_EPP1_YPT_NUS_MBBLD_4WEEK_AVG,4주 평균 기타 제외 석유제품 순생산량(천 배럴),0.005420625,0.005420625,+,1.8714437842557934,10.0
2025.12.05,2025.12.11,수급,2,WDIUPUS2_4WEEK_AVG,4주 평균 미국 증류 연료유 소비량(천 배럴),0.0009012222000000002,0.0051432848,+,1.7756934614767301,11.0
2025.12.05,2025.12.11,수급,3,WDIUPUS2,미국 증류 연료유 일일 소비량(천 배럴),-0.0046177506,0.0046177506,-,1.5942553963082595,12.0
2025.12.05,2025.12.11,유가/정제지표,3,PPXDK00,싱가포르 HSFO 크랙,0.0043905973,0.0043905973,+,1.5158318508023094,13.0
2025.12.05,2025.12.11,기타기술지표,2,rsi_14,14일 RSI(상대강도지수),-0.0043367147,0.0043367147,-,1.4972291515103382,14.0
2025.12.05,2025.12.11,유가/정제지표,2,PGAEY00,싱가포르 92R 가솔린 크랙,0.004163027,0.004163027,+,1.4372643381231947,15.0
2025.12.05,2025.12.11,수급,2,W_EPC0_SKA_NUS_MBBL,알래스카에서 선박으로 수송 중인 미국 원유 재고량(천 배럴),-0.0036599636,0.0036599636,-,1.2635842047406813,16.0
2025.12.05,2025.12.11,금융시장,2,NBRSWLC,브렌트유 스왑딜러 현물 매수 포지션 (스왑딜러 기준),0.0032488704,0.0032488704,+,1.1216563248578593,17.0
2025.12.05,2025.12.11,수급,2,WD0ST_R30_1,미국 멕시코만 연안(PADD 3) 지역의 0~15ppm 저황 증류 연료유 재고(천 배럴),-0.0029147267,0.0029147267,-,1.0062948766091364,18.0
2025.12.05,2025.12.11,기타기술지표,2,macdh,MACD 히스토그램(MACD - MACDS),-0.0025571585,0.0025571585,-,0.8828462363992838,19.0
2025.12.05,2025.12.11,수급,2,WKJUPUS2_4WEEK_AVG,4주 평균 미국 제트 연료 소비량(천 배럴),0.0023774505,0.0023774505,+,0.8208029444207684,20.0
2025.12.05,2025.12.12,금융시장,2,NBRNCSC,브렌트유 현물 순매도 포지션 (투기거래자 기준),0.043391943,0.043391943,+,10.0,1.0
2025.12.05,2025.12.12,기타기술지표,2,close_residual,잔차(Residual),-0.02908945,0.02908945,-,6.703882792250164,2.0
2025.12.05,2025.12.12,수급,3,WCEIMP42,미국 로키산맥(PADD 4) 지역의 상업용 원유 수입량(전략비축유 제외. 천 배럴/일),-0.0283312206,0.0283312206,-,6.529143117652048,3.0
2025.12.05,2025.12.12,금융시장,2,LLCSWXF,스왑딜러의 선물 스프레드 거래 규모 (투기거래자 기준),0.010789871,0.010789871,+,2.4866070182660405,4.0
2025.12.05,2025.12.12,유가/정제지표,1,LLCC.02-LLCC.03,Brent 2nd/3rd(Intermonth Spread),-0.008839726,0.008839726,-,2.0371814186794994,5.0
2025.12.05,2025.12.12,수급,2,W_EPC0_SKA_NUS_MBBL,알래스카에서 선박으로 수송 중인 미국 원유 재고량(천 배럴),-0.008646131,0.008646131,-,1.9925659931844948,6.0
2025.12.05,2025.12.12,유가/정제지표,2,BRTROTR,브렌트유 크랙 스프레드 정제 마진(USD/배럴),-0.0086346865,0.0086346865,-,1.9899285219839082,7.0
2025.12.05,2025.12.12,수급,3,WTTNTUS2,미국 원유 및 석유제품 일일 순수입량(천 배럴),0.008502066,0.008502066,+,1.9593651291439058,8.0
2025.12.05,2025.12.12,수급,2,WDIUPUS2_4WEEK_AVG,4주 평균 미국 증류 연료유 소비량(천 배럴),-3.087539999999979e-05,0.0083835126,-,1.9320436054223245,9.0
2025.12.05,2025.12.12,유가/정제지표,3,PPXDK00,싱가포르 HSFO 크랙,0.0072482824,0.0072482824,+,1.6704212576975406,10.0
2025.12.05,2025.12.12,수급,2,WCRNTUS2,미국 원유 일일 순수입량(천 배럴),0.0060256124,0.0060256124,+,1.3886477496525103,11.0
2025.12.05,2025.12.12,수급,2,WCESTP11,미국 동부 해안(PADD 1) 원유 재고(전략비축유 제외. 천 배럴),-0.004722774,0.004722774,-,1.0883988301699234,12.0
2025.12.05,2025.12.12,유가/정제지표,1,NHOC.01,난방유 선물,-0.0042708516,0.0042708516,-,0.9842499101734162,13.0
2025.12.05,2025.12.12,유가/정제지표,2,PGAEY00,싱가포르 92R 가솔린 크랙,0.00242912765,0.0037289857500000002,+,0.8593728448620058,14.0
2025.12.05,2025.12.12,수급,3,WCEIMP12,미국 동부 해안(PADD 1) 지역의 상업용 원유 수입량(전략비축유 제외. 천 배럴/일),-0.003701508,0.003701508,-,0.8530403904706456,15.0
2025.12.05,2025.12.12,수급,3,D-AASFA00,초대형 원유운반선 운임지수(Worldscale),0.0034758449,0.0034758449,+,0.801034629862046,16.0
2025.12.05,2025.12.12,금융시장,2,NDXYSPT,미국 달러 인덱스(DXY),0.003179729,0.003179729,+,0.732792490993086,17.0
2025.12.05,2025.12.12,기타기술지표,2,macdh,MACD 히스토그램(MACD - MACDS),-0.0029484034,0.0029484034,-,0.6794817646216027,18.0
2025.12.05,2025.12.12,금융시장,2,LLCMMSF,자산운용사의 선물 매도 포지션 (투기거래자 기준),0.002927184,0.002927184,+,0.6745915941122986,19.0
2025.12.05,2025.12.12,수급,2,WD0ST_R30_1,미국 멕시코만 연안(PADD 3) 지역의 0~15ppm 저황 증류 연료유 재고(천 배럴),-0.002448082,0.002448082,-,0.5641789306369617,20.0
2025.12.05,2025.12.15,금융시장,2,NBRNCSC,브렌트유 현물 순매도 포지션 (투기거래자 기준),0.040247678,0.040247678,+,10.0,1.0
2025.12.05,2025.12.15,수급,3,WCEIMP42,미국 로키산맥(PADD 4) 지역의 상업용 원유 수입량(전략비축유 제외. 천 배럴/일),-0.0252687333,0.0252687333,-,6.2783083535899875,2.0
2025.12.05,2025.12.15,기타기술지표,2,close_residual,잔차(Residual),-0.024479866,0.024479866,-,6.082305170499525,3.0
2025.12.05,2025.12.15,유가/정제지표,2,PGAEY00,싱가포르 92R 가솔린 크랙,0.0114022495,0.0114022495,+,2.8330204539998554,4.0
2025.12.05,2025.12.15,수급,2,WDIUPUS2_4WEEK_AVG,4주 평균 미국 증류 연료유 소비량(천 배럴),0.005909681700000001,0.0111627583,+,2.773516101972392,5.0
2025.12.05,2025.12.15,유가/정제지표,3,PPXDK00,싱가포르 HSFO 크랙,0.010563552,0.010563552,+,2.624636382749832,6.0
2025.12.05,2025.12.15,수급,2,WCESTP11,미국 동부 해안(PADD 1) 원유 재고(전략비축유 제외. 천 배럴),-0.010348022,0.010348022,-,2.571085467340501,7.0
2025.12.05,2025.12.15,수급,2,W_EPC0_SKA_NUS_MBBL,알래스카에서 선박으로 수송 중인 미국 원유 재고량(천 배럴),-0.0103265644,0.0103265644,-,2.5657540790303477,8.0
2025.12.05,2025.12.15,수급,3,WDIUPUS2,미국 증류 연료유 일일 소비량(천 배럴),-0.010171354,0.010171354,-,2.5271902642433184,9.0
2025.12.05,2025.12.15,수급,3,WTTNTUS2,미국 원유 및 석유제품 일일 순수입량(천 배럴),0.00869143,0.00869143,+,2.1594860702274548,10.0
2025.12.05,2025.12.15,유가/정제지표,1,LLCC.02-LLCC.03,Brent 2nd/3rd(Intermonth Spread),-0.008561254,0.008561254,-,2.127142340981758,11.0
2025.12.05,2025.12.15,유가/정제지표,2,BRTROTR,브렌트유 크랙 스프레드 정제 마진(USD/배럴),0.0065848827,0.0065848827,+,1.6360900869858876,12.0
2025.12.05,2025.12.15,기타기술지표,2,macdh,MACD 히스토그램(MACD - MACDS),-0.0061101317,0.0061101317,-,1.518132723085292,13.0
2025.12.05,2025.12.15,수급,3,WCEIMP12,미국 동부 해안(PADD 1) 지역의 상업용 원유 수입량(전략비축유 제외. 천 배럴/일),-0.0059405565,0.0059405565,-,1.475999807988923,14.0
2025.12.05,2025.12.15,유가/정제지표,1,NHOC.01,난방유 선물,-0.003831029,0.003831029,-,0.9518633596700907,15.0
2025.12.05,2025.12.15,금융시장,2,LLCMMSC,자산운용사의 현물 매도 포지션 (실물거래자 기준),0.0034079552,0.0034079552,+,0.8467457923908057,16.0
2025.12.05,2025.12.15,유가/정제지표,2,AAOVC00,싱가포르 가스오일 크랙(10ppm),0.0029239058,0.0029239058,+,0.7264781337199129,17.0
2025.12.05,2025.12.15,수급,2,WCESCUS2_4WEEK_AVG,4주 평균 미국 SPR 제외 원유 재고 변화량(천 배럴),-0.0025470853,0.0025470853,-,0.632852732522855,18.0
2025.12.05,2025.12.15,수급,3,WCEIMP22_4WEEK_AVG,미국 중서부(PADD 2)의 전략비축유 제외 상업용 원유 수입량 4주 평균(천 배럴/일),0.0021942854,0.0021942854,+,0.5451955265593209,19.0
2025.12.05,2025.12.15,금융시장,2,NBRSWLC,브렌트유 스왑딜러 현물 매수 포지션 (스왑딜러 기준),0.0020102262,0.0020102262,+,0.49946389453821405,20.0
2025.12.05,2025.12.16,금융시장,2,NBRNCSC,브렌트유 현물 순매도 포지션 (투기거래자 기준),0.018906355,0.018906355,+,10.0,1.0
2025.12.05,2025.12.16,기타기술지표,2,close_residual,잔차(Residual),-0.018736422,0.018736422,-,9.910118581820768,2.0
2025.12.05,2025.12.16,금융시장,2,NBRNCSF,브렌트유 선물 순매도 포지션 (투기거래자 기준),0.0154796839,0.0154796839,+,8.18755593026789,3.0
2025.12.05,2025.12.16,유가/정제지표,2,PGAEY00,싱가포르 92R 가솔린 크랙,0.0147350431,0.0147350431,+,7.793698520947057,4.0
2025.12.05,2025.12.16,수급,3,WCEIMP42,미국 로키산맥(PADD 4) 지역의 상업용 원유 수입량(전략비축유 제외. 천 배럴/일),-0.0142215493,0.0142215493,-,7.522100002882629,5.0
2025.12.05,2025.12.16,수급,2,W_EPC0_SKA_NUS_MBBL,알래스카에서 선박으로 수송 중인 미국 원유 재고량(천 배럴),-0.013122260697,0.013122260697,-,6.94066132631065,6.0
2025.12.05,2025.12.16,수급,2,WCESTP11,미국 동부 해안(PADD 1) 원유 재고(전략비축유 제외. 천 배럴),-0.011860013,0.011860013,-,6.273029888627396,7.0
2025.12.05,2025.12.16,수급,3,WDIUPUS2,미국 증류 연료유 일일 소비량(천 배럴),-0.0109992625,0.0109992625,-,5.817759425336084,8.0
2025.12.05,2025.12.16,유가/정제지표,3,PPXDK00,싱가포르 HSFO 크랙,0.010214627,0.010214627,+,5.402747912011597,9.0
2025.12.05,2025.12.16,수급,2,WDIUPUS2_4WEEK_AVG,4주 평균 미국 증류 연료유 소비량(천 배럴),0.008087516,0.008087516,+,4.2776706562423055,10.0
2025.12.05,2025.12.16,기타기술지표,2,macdh,MACD 히스토그램(MACD - MACDS),-0.0080195069,0.0080195069,-,4.241699100646318,11.0
2025.12.05,2025.12.16,수급,2,WPRUP_NUS_2_4WEEK_AVG,4주 평균 미국 프로판·프로필렌 소비량(천 배럴),-0.006126344,0.006126344,-,3.2403623014589535,12.0
2025.12.05,2025.12.16,금융시장,3,LLCPMLC,생산자·상인의 현금 매수 포지션 (실물거래자 기준),0.005527258,0.005527258,+,2.9234921273825654,13.0
2025.12.05,2025.12.16,유가/정제지표,3,Regrade,항공유/가스오일 스프레드(Regrade),0.004645407,0.004645407,+,2.457061131032396,14.0
2025.12.05,2025.12.16,유가/정제지표,1,LLCC.02-LLCC.03,Brent 2nd/3rd(Intermonth Spread),-0.004008174,0.004008174,-,2.1200141433925257,15.0
2025.12.05,2025.12.16,유가/정제지표,2,AAOVC00,싱가포르 가스오일 크랙(10ppm),0.0036751628000000003,0.0036751628000000003,+,1.9438769662370141,16.0
2025.12.05,2025.12.16,수급,2,WWOUP_NUS_2_4WEEK_AVG,4주 평균 미국 기타 석유제품 소비량(천 배럴),0.0033276677,0.0033276677,+,1.76007892584266,17.0
2025.12.05,2025.12.16,유가/정제지표,1,NHOC.01,난방유 선물,-1.3708999999999987e-05,0.0030980110000000003,-,1.6386082880597557,18.0
2025.12.05,2025.12.16,금융시장,3,LLCNRSC,비공개 투자자 현물 매도 포지션,-0.0028415918,0.0028415918,-,1.5029823569905463,19.0
2025.12.05,2025.12.16,수급,3,WCEIMP42_4WEEK_AVG,미국 로키산맥(PADD 4)의 전략비축유 제외 상업용 원유 수입량 4주 평균(천 배럴/일),-0.0026977658,0.0026977658,-,1.4269095232793416,20.0
2025.12.05,2025.12.17,기타기술지표,2,close_residual,잔차(Residual),-0.025258899,0.025258899,-,10.0,1.0
2025.12.05,2025.12.17,금융시장,2,NBRNCSC,브렌트유 현물 순매도 포지션 (투기거래자 기준),0.024666905,0.024666905,+,9.765629531200073,2.0
2025.12.05,2025.12.17,수급,2,WD0ST_R10_1,미국 동부 해안(PADD 1) 지역의 0~15ppm 저황 증류 연료유 재고(천 배럴),-0.023708642,0.023708642,-,9.386253137953478,3.0
2025.12.05,2025.12.17,유가/정제지표,2,PGAEY00,싱가포르 92R 가솔린 크랙,0.017003179,0.017003179,+,6.73155983560487,4.0
2025.12.05,2025.12.17,수급,3,WDIUPUS2,미국 증류 연료유 일일 소비량(천 배럴),-0.014909208,0.014909208,-,5.902556560363141,5.0
2025.12.05,2025.12.17,수급,2,WCESTP11,미국 동부 해안(PADD 1) 원유 재고(전략비축유 제외. 천 배럴),-0.014854074,0.014854074,-,5.880729005646683,6.0
2025.12.05,2025.12.17,금융시장,2,NBRNCSF,브렌트유 선물 순매도 포지션 (투기거래자 기준),0.013629913,0.013629913,+,5.396083574347402,7.0
2025.12.05,2025.12.17,수급,2,W_EPC0_SKA_NUS_MBBL,알래스카에서 선박으로 수송 중인 미국 원유 재고량(천 배럴),-0.009610355,0.009610355,-,3.8047402620359656,8.0
2025.12.05,2025.12.17,기타기술지표,2,macdh,MACD 히스토그램(MACD - MACDS),-0.0087387562,0.0087387562,-,3.4596742320399634,9.0
2025.12.05,2025.12.17,유가/정제지표,1,NHOC.01,난방유 선물,-0.008647084,0.008647084,-,3.4233812012154603,10.0
2025.12.05,2025.12.17,수급,2,WDIST1C1,미국 남부 대서양(PADD 1C) 지역 증류 연료유 재고(천 배럴),-0.008016169,0.008016169,-,3.1736019056095834,11.0
2025.12.05,2025.12.17,유가/정제지표,1,LLCC.02-LLCC.03,Brent 2nd/3rd(Intermonth Spread),-0.0067549944,0.0067549944,-,2.674302787306763,12.0
2025.12.05,2025.12.17,유가/정제지표,3,Regrade,항공유/가스오일 스프레드(Regrade),0.0066133738,0.0066133738,+,2.618235181192973,13.0
2025.12.05,2025.12.17,수급,2,WCRNTUS2,미국 원유 일일 순수입량(천 배럴),0.0063043833,0.0063043833,+,2.4959058191728785,14.0
2025.12.05,2025.12.17,수급,3,WCEIMP42_4WEEK_AVG,미국 로키산맥(PADD 4)의 전략비축유 제외 상업용 원유 수입량 4주 평균(천 배럴/일),-0.0061136484,0.0061136484,-,2.4203938580220776,15.0
2025.12.05,2025.12.17,유가/정제지표,3,EER_EPD2DC_PF4_Y05LA_DPG,미국 로스앤젤레스 초저유황(CARB) 디젤 현물가격(달러/갤런),-0.004310906,0.004310906,-,1.7066880072642912,16.0
2025.12.05,2025.12.17,수급,2,WDISTP31,미국 멕시코만 연안(PADD 3) 지역 증류 연료유 재고(천 배럴),0.004239261,0.004239261,+,1.6783237464150753,17.0
2025.12.05,2025.12.17,금융시장,2,LLCSWXC,스왑딜러의 현물 스프레드 거래 규모 (실물거래자 기준),-0.0034624934,0.0034624934,-,1.3708013955794351,18.0
2025.12.05,2025.12.17,수급,2,WD0ST_R1X_1,미국 뉴잉글랜드(PADD 1A) 지역의 0~15ppm 저황 증류 연료유 재고(천 배럴),-0.003307581,0.003307581,-,1.3094715648532425,19.0
2025.12.05,2025.12.17,수급,1,WDISTUS1,미국 주간 증류 연료유 재고(천 배럴),-0.0032140017,0.0032140017,-,1.2724235129963504,20.0
2025.12.05,2025.12.18,유가/정제지표,3,EER_EPD2DC_PF4_Y05LA_DPG,미국 로스앤젤레스 초저유황(CARB) 디젤 현물가격(달러/갤런),-0.04856765298,0.04856765298,-,10.0,1.0
2025.12.05,2025.12.18,금융시장,2,NBRNCSC,브렌트유 현물 순매도 포지션 (투기거래자 기준),0.0289814475,0.0289814475,+,5.9672324524173455,2.0
2025.12.05,2025.12.18,수급,3,W_EPP1_YPT_NUS_MBBLD_4WEEK_AVG,4주 평균 기타 제외 석유제품 순생산량(천 배럴),0.021147608999999998,0.021147608999999998,+,4.354257968510134,3.0
2025.12.05,2025.12.18,기타기술지표,2,close_residual,잔차(Residual),-0.017413855088299998,0.0174627308963,-,3.595547617565768,4.0
2025.12.05,2025.12.18,금융시장,3,LLCPMLC,생산자·상인의 현금 매수 포지션 (실물거래자 기준),0.015925765,0.015925765,+,3.2790888632312907,5.0
2025.12.05,2025.12.18,기타기술지표,2,rsi_14,14일 RSI(상대강도지수),-0.014163196040000001,0.01550441976,-,3.1923345701684758,6.0
2025.12.05,2025.12.18,수급,2,WCESTP11,미국 동부 해안(PADD 1) 원유 재고(전략비축유 제외. 천 배럴),-0.015450001100000001,0.015450001100000001,-,3.1811298574304714,7.0
2025.12.05,2025.12.18,기타기술지표,2,macd,MACD(12-26일 EMA 차이),-0.015119672,0.015119672,-,3.1131156381442255,8.0
2025.12.05,2025.12.18,수급,2,WD0ST_R10_1,미국 동부 해안(PADD 1) 지역의 0~15ppm 저황 증류 연료유 재고(천 배럴),-0.013894676764,0.013894676764,-,2.8608911305065083,9.0
2025.12.05,2025.12.18,유가/정제지표,3,92R/LSFO,가솔린/벙커유 스프레드(92R/LSFO),0.008163571436,0.012884974464,+,2.652995084877993,10.0
2025.12.05,2025.12.18,유가/정제지표,3,Regrade,항공유/가스오일 스프레드(Regrade),0.012655973285,0.012714624255,+,2.617920256561675,11.0
2025.12.05,2025.12.18,기타기술지표,2,kdjk,스토캐스틱 오실레이터의 %K 값(빠른 선),-0.012592077,0.012592077,-,2.5926879779810186,12.0
2025.12.05,2025.12.18,금융시장,3,NBRTRLC,브렌트유 총수익 계약 순매수 포지션 (투기거래자 기준),0.011113762429999998,0.01168286757,+,2.4054832492751843,13.0
2025.12.05,2025.12.18,수급,2,WDIST1C1,미국 남부 대서양(PADD 1C) 지역 증류 연료유 재고(천 배럴),-0.004693805944,0.010324656756,-,2.1258298728686063,14.0
2025.12.05,2025.12.18,유가/정제지표,2,PGAEY00,싱가포르 92R 가솔린 크랙,0.007817268351999999,0.00795853136,+,1.6386485390342616,15.0
2025.12.05,2025.12.18,유가/정제지표,3,PPXDK00,싱가포르 HSFO 크랙,0.0077120066,0.0077120066,+,1.587889495746434,16.0
2025.12.05,2025.12.18,수급,1,WDISTUS1,미국 주간 증류 연료유 재고(천 배럴),-0.0071423053,0.0071423053,-,1.4705889335317845,17.0
2025.12.05,2025.12.18,금융시장,2,.OVX,원유 변동성 지수,0.00505053979,0.00680971131,+,1.4021083771135114,18.0
2025.12.05,2025.12.18,수급,3,D-AASFA00,초대형 원유운반선 운임지수(Worldscale),-0.00551772117,0.00559473037,-,1.1519457965786182,19.0
2025.12.05,2025.12.18,유가/정제지표,3,EER_EPJK_PF4_RGC_DPG,미국 걸프연안 제트연료 현물가격(달러/갤런),0.005270362,0.005270362,+,1.085158881811793,20.0
2025.12.05,2025.12.19,금융시장,3,LLCPMLC,생산자·상인의 현금 매수 포지션 (실물거래자 기준),0.0448593489,0.0466741911,+,10.0,1.0
2025.12.05,2025.12.19,수급,1,WDISTUS1,미국 주간 증류 연료유 재고(천 배럴),-0.034784555,0.034784555,-,7.452631567941625,2.0
2025.12.05,2025.12.19,기타기술지표,2,close_residual,잔차(Residual),-0.032621980104,0.033657908836,-,7.211246310383299,3.0
2025.12.05,2025.12.19,금융시장,2,NBRNCSC,브렌트유 현물 순매도 포지션 (투기거래자 기준),0.0177780389,0.0177780389,+,3.808965614832048,4.0
2025.12.05,2025.12.19,기타기술지표,2,kdjk,스토캐스틱 오실레이터의 %K 값(빠른 선),-0.016144037,0.016144037,-,3.458878797794527,5.0
2025.12.05,2025.12.19,금융시장,2,NBRORSC,브렌트유 옵션 현물 순매도 포지션 (투기거래자 기준),0.015618205,0.015618205,+,3.346218677156678,6.0
2025.12.05,2025.12.19,수급,2,WCRNTUS2,미국 원유 일일 순수입량(천 배럴),5.7221000000001396e-06,0.013431549099999999,+,2.8777250946294384,7.0
2025.12.05,2025.12.19,유가/정제지표,2,BRTROTR,브렌트유 크랙 스프레드 정제 마진(USD/배럴),0.01276171172,0.012983917840000001,+,2.781819573944368,8.0
2025.12.05,2025.12.19,수급,3,W_EPP1_YPT_NUS_MBBLD_4WEEK_AVG,4주 평균 기타 제외 석유제품 순생산량(천 배럴),0.011890411,0.011890411,+,2.547534455289146,9.0
2025.12.05,2025.12.19,유가/정제지표,1,NHOC.01,난방유 선물,-0.010553837,0.010553837,-,2.261171913486038,10.0
2025.12.05,2025.12.19,수급,3,WCEIMP22_4WEEK_AVG,미국 중서부(PADD 2)의 전략비축유 제외 상업용 원유 수입량 4주 평균(천 배럴/일),-0.010198831390000001,0.01049685461,-,2.2489633698226,11.0
2025.12.05,2025.12.19,수급,2,WCESTP11,미국 동부 해안(PADD 1) 원유 재고(전략비축유 제외. 천 배럴),-0.00936579695,0.00936579695,-,2.006632944089737,12.0
2025.12.05,2025.12.19,유가/정제지표,2,PGAEY00,싱가포르 92R 가솔린 크랙,0.0062811374493,0.0074131488067,+,1.5882757969639456,13.0
2025.12.05,2025.12.19,유가/정제지표,1,LLCC.02-LLCC.03,Brent 2nd/3rd(Intermonth Spread),-0.0018335580599999999,0.00659453866,-,1.412887616171242,14.0
2025.12.05,2025.12.19,유가/정제지표,1,POAFC00,가스오일 1st/2nd(Intermonth Spread),-0.0046236517030000005,0.006579160883,-,1.4095929094741184,15.0
2025.12.05,2025.12.19,수급,2,USIPENERP,미국 전체 에너지 생산량,0.00642859935,0.00642859935,+,1.377334925039547,16.0
2025.12.05,2025.12.19,금융시장,2,LLCMMSF,자산운용사의 선물 매도 포지션 (투기거래자 기준),0.006327629296,0.006327629296,+,1.355701972947529,17.0
2025.12.05,2025.12.19,수급,2,W_EPC0_SKA_NUS_MBBL,알래스카에서 선박으로 수송 중인 미국 원유 재고량(천 배럴),-0.0052515268,0.0061446428,-,1.316496902289111,18.0
2025.12.05,2025.12.19,유가/정제지표,3,92R/LSFO,가솔린/벙커유 스프레드(92R/LSFO),0.00444388389,0.00570869445,+,1.2230944587275343,19.0
2025.12.05,2025.12.19,유가/정제지표,3,Regrade,항공유/가스오일 스프레드(Regrade),0.004877150072,0.004877150072,+,1.0449351037601593,20.0
2025.12.05,2025.12.22,기타기술지표,2,kdjk,스토캐스틱 오실레이터의 %K 값(빠른 선),-0.018045843,0.018045843,-,10.0,1.0
2025.12.05,2025.12.22,금융시장,2,NBRNCSC,브렌트유 현물 순매도 포지션 (투기거래자 기준),0.016695619,0.016695619,+,9.251781144277937,2.0
2025.12.05,2025.12.22,금융시장,2,LLCMMSF,자산운용사의 선물 매도 포지션 (투기거래자 기준),0.01587367,0.01587367,+,8.796302838276938,3.0
2025.12.05,2025.12.22,기타기술지표,2,close_residual,잔차(Residual),-0.015838921,0.015838921,-,8.777046879993359,4.0
2025.12.05,2025.12.22,수급,3,D-AASFA00,초대형 원유운반선 운임지수(Worldscale),-0.0155887012,0.0155887012,-,8.63838901845705,5.0
2025.12.05,2025.12.22,유가/정제지표,1,NHOC.01,난방유 선물,-0.0143806935,0.0143806935,-,7.968978506573509,6.0
2025.12.05,2025.12.22,유가/정제지표,3,EER_EPD2DC_PF4_Y05LA_DPG,미국 로스앤젤레스 초저유황(CARB) 디젤 현물가격(달러/갤런),-0.012264192,0.012264192,-,6.7961313860483,7.0
2025.12.05,2025.12.22,수급,3,W_EPP1_YPT_NUS_MBBLD_4WEEK_AVG,4주 평균 기타 제외 석유제품 순생산량(천 배럴),0.012187839,0.012187839,+,6.75382081069862,8.0
2025.12.05,2025.12.22,수급,1,WDISTUS1,미국 주간 증류 연료유 재고(천 배럴),-0.01127731843,0.01185154957,-,6.567467959241362,9.0
2025.12.05,2025.12.22,수급,2,USIPENERP,미국 전체 에너지 생산량,0.0029619336999999997,0.0106284023,+,5.889667941807983,10.0
2025.12.05,2025.12.22,수급,2,WCESTP11,미국 동부 해안(PADD 1) 원유 재고(전략비축유 제외. 천 배럴),-0.0102898477,0.0102898477,-,5.70205985943688,11.0
2025.12.05,2025.12.22,유가/정제지표,3,Regrade,항공유/가스오일 스프레드(Regrade),0.0082276463,0.0082276463,+,4.5593028266953235,12.0
2025.12.05,2025.12.22,수급,3,WCEIMP12,미국 동부 해안(PADD 1) 지역의 상업용 원유 수입량(전략비축유 제외. 천 배럴/일),0.0075461864,0.0075461864,+,4.181675746597153,13.0
2025.12.05,2025.12.22,금융시장,3,LLCPMLC,생산자·상인의 현금 매수 포지션 (실물거래자 기준),0.0074318647,0.0074318647,+,4.1183250347462295,14.0
2025.12.05,2025.12.22,수급,2,WD0ST_R1Z_1,미국 남부 대서양(PADD 1C) 지역의 0~15ppm 저황 증류 연료유 재고(천 배럴),0.0063761473,0.0063761473,+,3.5333053158004315,15.0
2025.12.05,2025.12.22,기타기술지표,2,macdh,MACD 히스토그램(MACD - MACDS),-0.0063204169000000004,0.0063204169000000004,-,3.502422635506693,16.0
2025.12.05,2025.12.22,수급,2,WD1ST_R10_1,미국 동부 해안(PADD 1) 지역의 15~500ppm 증류 연료유 재고(천 배럴),0.005368471,0.005368471,+,2.9749072958243072,17.0
2025.12.05,2025.12.22,기타기술지표,2,rsi_14,14일 RSI(상대강도지수),-0.004543364,0.004543364,-,2.5176790023054068,18.0
2025.12.05,2025.12.22,수급,2,W_EPP0_VUA_NUS_MBBLD_4WEEK_AVG,4주 평균 미국 원유 제외 석유공급 조정량(천 배럴),-0.0038253069000000004,0.0038253069000000004,-,2.11977179453462,19.0
2025.12.05,2025.12.22,수급,3,WCEIMP12_4WEEK_AVG,미국 동부 해안(PADD 1)의 전략비축유 제외 상업용 원유 수입량 4주 평균(천 배럴/일),0.0032987595,0.0032987595,+,1.8279885844069463,20.0
2025.12.05,2025.12.23,유가/정제지표,1,NHOC.01,난방유 선물,-0.029349983200000002,0.029349983200000002,-,10.0,1.0
2025.12.05,2025.12.23,수급,1,WDISTUS1,미국 주간 증류 연료유 재고(천 배럴),-0.0284055475,0.0284055475,-,9.678215931653412,2.0
2025.12.05,2025.12.23,수급,2,USIPENERP,미국 전체 에너지 생산량,0.0169141294,0.0169141294,+,5.762909397508615,3.0
2025.12.05,2025.12.23,기타기술지표,2,rsi_14,14일 RSI(상대강도지수),-0.014005064900000001,0.014005064900000001,-,4.7717454570808755,4.0
2025.12.05,2025.12.23,수급,3,WCEIMP12_4WEEK_AVG,미국 동부 해안(PADD 1)의 전략비축유 제외 상업용 원유 수입량 4주 평균(천 배럴/일),0.0137425657,0.0137425657,+,4.68230785903823,5.0
2025.12.05,2025.12.23,기타기술지표,2,close_residual,잔차(Residual),-0.012561142799,0.012969434621,-,4.41888996413463,6.0
2025.12.05,2025.12.23,금융시장,2,LLCMMXF,자산운용사의 선물 스프레드 거래 규모 (투기거래자 기준),0.012210846,0.012210846,+,4.160426912953054,7.0
2025.12.05,2025.12.23,금융시장,2,NBRNCSF,브렌트유 선물 순매도 포지션 (투기거래자 기준),0.011508465,0.011508465,+,3.9211146805699024,8.0
2025.12.05,2025.12.23,거시경제,2,TRUS10T-TRUS2YT,미국 국채 10년물과 2년물 금리차(수익률곡선 스프레드),-0.0113201143,0.0113201143,-,3.8569406404293956,9.0
2025.12.05,2025.12.23,수급,3,W_EPP1_YPT_NUS_MBBLD_4WEEK_AVG,4주 평균 기타 제외 석유제품 순생산량(천 배럴),0.011179328,0.011179328,+,3.8089725380149453,10.0
2025.12.05,2025.12.23,유가/정제지표,3,92R/LSFO,가솔린/벙커유 스프레드(92R/LSFO),-0.0013421773200000004,0.01067686072,-,3.637774048197752,11.0
2025.12.05,2025.12.23,유가/정제지표,2,PGAEY00,싱가포르 92R 가솔린 크랙,0.0081043842905,0.0100806358925,+,3.434630890180544,12.0
2025.12.05,2025.12.23,금융시장,2,U:USO,WTI 추종 ETF(미국 원유 펀드),-0.009807884688,0.009807884688,-,3.3417002732730694,13.0
2025.12.05,2025.12.23,기타기술지표,2,kdjk,스토캐스틱 오실레이터의 %K 값(빠른 선),-0.009252906000000002,0.009252906000000002,-,3.1526103224481576,14.0
2025.12.05,2025.12.23,수급,2,WD0ST_R50_1,미국 서부 해안(PADD 5) 지역의 0~15ppm 저황 증류 연료유 재고(천 배럴),-0.007861733,0.007861733,-,2.6786158432962917,15.0
2025.12.05,2025.12.23,수급,2,WD1ST_R10_1,미국 동부 해안(PADD 1) 지역의 15~500ppm 증류 연료유 재고(천 배럴),0.0048669576,0.0078235864,+,2.665618697866921,16.0
2025.12.05,2025.12.23,수급,2,WCESTP11,미국 동부 해안(PADD 1) 원유 재고(전략비축유 제외. 천 배럴),-0.005594193900000001,0.006517946700000001,-,2.220766756691023,17.0
2025.12.05,2025.12.23,지정학,2,GPRD,GPR(Geopolitical Risk) 지수(GPRD),-0.003361999892,0.006407201292,-,2.1830340577503295,18.0
2025.12.05,2025.12.23,금융시장,2,LLCMMSF,자산운용사의 선물 매도 포지션 (투기거래자 기준),0.0022265314999999996,0.006269633699999999,+,2.1361626196774104,19.0
2025.12.05,2025.12.23,유가/정제지표,2,BRTUSGR,브렌트유 크랙 스프레드 정제 마진(USD/배럴),-0.0059807301000000005,0.0059807301000000005,-,2.0377286280695386,20.0
2025.12.05,2025.12.24,수급,2,WDIST1C1,미국 남부 대서양(PADD 1C) 지역 증류 연료유 재고(천 배럴),-0.022164702,0.022164702,-,10.0,1.0
2025.12.05,2025.12.24,수급,1,WDISTUS1,미국 주간 증류 연료유 재고(천 배럴),-0.018936038,0.018936038,-,8.543330742727782,2.0
2025.12.05,2025.12.24,수급,2,USIPENERP,미국 전체 에너지 생산량,-3.075599999999984e-05,0.018559456,-,8.373429067532692,3.0
2025.12.05,2025.12.24,거시경제,2,TRUS10T-TRUS2YT,미국 국채 10년물과 2년물 금리차(수익률곡선 스프레드),-0.016425848,0.016425848,-,7.410813824611763,4.0
2025.12.05,2025.12.24,기타기술지표,2,close_residual,잔차(Residual),-0.015884995,0.015884995,-,7.166798362549606,5.0
2025.12.05,2025.12.24,기타기술지표,2,kdjk,스토캐스틱 오실레이터의 %K 값(빠른 선),-0.013452172,0.013452172,-,6.06918694417818,6.0
2025.12.05,2025.12.24,수급,3,WCEIMP12_4WEEK_AVG,미국 동부 해안(PADD 1)의 전략비축유 제외 상업용 원유 수입량 4주 평균(천 배럴/일),0.0121389035,0.0121389035,+,5.4766824746842975,7.0
2025.12.05,2025.12.24,유가/정제지표,1,LLCC.02-LLCC.03,Brent 2nd/3rd(Intermonth Spread),-0.0114648338,0.0114648338,-,5.172563926192194,8.0
2025.12.05,2025.12.24,기타기술지표,2,rsi_14,14일 RSI(상대강도지수),-0.0096663235,0.0096663235,-,4.361133977799476,9.0
2025.12.05,2025.12.24,수급,2,WCESTP11,미국 동부 해안(PADD 1) 원유 재고(전략비축유 제외. 천 배럴),-0.009444237,0.009444237,-,4.260935698571539,10.0
2025.12.05,2025.12.24,수급,2,W_EPC0_FPF_SAK_MBBLD_4WEEK_AVG,4주 평균 미국 알래스카 원유 생산량(천 배럴),-0.008457064600000001,0.008457064600000001,-,3.8155552914719997,11.0
2025.12.05,2025.12.24,수급,3,WCEIMP12,미국 동부 해안(PADD 1) 지역의 상업용 원유 수입량(전략비축유 제외. 천 배럴/일),-0.0028017759999999997,0.0077921152,-,3.515551528732486,12.0
2025.12.05,2025.12.24,유가/정제지표,2,PGAEY00,싱가포르 92R 가솔린 크랙,0.0073751211,0.0076061487,+,3.4316494307029255,13.0
2025.12.05,2025.12.24,금융시장,2,LLCMMLF,자산운용사의 선물 매수 포지션 (투기거래자 기준),0.0063863397,0.0063863397,+,2.881310878892033,14.0
2025.12.05,2025.12.24,금융시장,3,LLCNRSC,비공개 투자자 현물 매도 포지션,0.0035486818,0.0058310628,+,2.6307878174946815,15.0
2025.12.05,2025.12.24,수급,3,W_EPP1_YPT_NUS_MBBLD_4WEEK_AVG,4주 평균 기타 제외 석유제품 순생산량(천 배럴),0.0053251386,0.0053251386,+,2.402531105538888,16.0
2025.12.05,2025.12.24,수급,2,WRPEXUS2_4WEEK_AVG,4주 평균 미국 총 석유제품 수출량(천 배럴),0.004451513364,0.004451513364,+,2.008379523442273,17.0
2025.12.05,2025.12.24,수급,2,W_EPLLCL2A_TVP_NUS_MBBLD_4WEEK_AVG,4주 평균 콘덴세이트·알래스카 NGL 공급 투입량(천 배럴),0.004425168,0.004425168,+,1.9964933433348213,18.0
2025.12.05,2025.12.24,수급,2,WD1ST_R10_1,미국 동부 해안(PADD 1) 지역의 15~500ppm 증류 연료유 재고(천 배럴),0.0043741465,0.0043741465,+,1.9734740850565011,19.0
2025.12.05,2025.12.24,금융시장,3,LLCORSC,기타 기관의 현물 매도 포지션 (실물거래자 기준),0.004343033,0.004343033,+,1.9594366754851924,20.0
2025.12.05,2025.12.25,수급,2,WD0ST_R1X_1,미국 뉴잉글랜드(PADD 1A) 지역의 0~15ppm 저황 증류 연료유 재고(천 배럴),-0.0225212577,0.0225212577,-,10.0,1.0
2025.12.05,2025.12.25,금융시장,3,LLCNRSC,비공개 투자자 현물 매도 포지션,0.0217641,0.0217641,+,9.663803101014205,2.0
2025.12.05,2025.12.25,기타기술지표,2,close_residual,잔차(Residual),-0.019917011529999997,0.021086454669999997,-,9.362911676997506,3.0
2025.12.05,2025.12.25,기타기술지표,2,rsi_14,14일 RSI(상대강도지수),-0.018694400990000002,0.019041538450000003,-,8.454917884093126,4.0
2025.12.05,2025.12.25,유가/정제지표,3,Regrade,항공유/가스오일 스프레드(Regrade),0.01139998436,0.01139998436,+,5.0618773213540385,5.0
2025.12.05,2025.12.25,기타기술지표,2,kdjk,스토캐스틱 오실레이터의 %K 값(빠른 선),-0.009759188,0.009759188,-,4.333322823263107,6.0
2025.12.05,2025.12.25,수급,3,WCEIMP12_4WEEK_AVG,미국 동부 해안(PADD 1)의 전략비축유 제외 상업용 원유 수입량 4주 평균(천 배럴/일),0.0096992254,0.0096992254,+,4.306697933659363,7.0
2025.12.05,2025.12.25,수급,2,WD0ST_R10_1,미국 동부 해안(PADD 1) 지역의 0~15ppm 저황 증류 연료유 재고(천 배럴),-0.0083887579,0.0089607241,-,3.9787849414821976,8.0
2025.12.05,2025.12.25,수급,2,WDIUPUS2_4WEEK_AVG,4주 평균 미국 증류 연료유 소비량(천 배럴),-0.00290358063,0.00679314137,-,3.016324159374101,9.0
2025.12.05,2025.12.25,지정학,2,GPRD_THREAT,GPR(Geopolitical Risk) 위협 기반 리스크 지수(THREAT),0.0023225546,0.006757378600000001,+,3.000444597727773,10.0
2025.12.05,2025.12.25,수급,2,W_EPP0_VUA_NUS_MBBLD_4WEEK_AVG,4주 평균 미국 원유 제외 석유공급 조정량(천 배럴),-0.006642461,0.006642461,-,2.9494183177878206,11.0
2025.12.05,2025.12.25,금융시장,3,LLCORXC,기타 기관의 현물 스프레드 거래 규모 (실물거래자 기준),-0.006404519,0.006404519,-,2.843766136559949,12.0
2025.12.05,2025.12.25,유가/정제지표,2,PGAEY00,싱가포르 92R 가솔린 크랙,0.00640225388,0.00640225388,+,2.84276036679781,13.0
2025.12.05,2025.12.25,금융시장,2,LLCMMSC,자산운용사의 현물 매도 포지션 (실물거래자 기준),0.0057821274,0.0057821274,+,2.5674087464484723,14.0
2025.12.05,2025.12.25,금융시장,2,NBRMMSC,브렌트유 실물거래자 현물 매도 포지션 (실물거래자 기준),-0.005563855,0.005563855,-,2.470490358093989,15.0
2025.12.05,2025.12.25,유가/정제지표,2,BRTROTR,브렌트유 크랙 스프레드 정제 마진(USD/배럴),0.00508725668,0.00552403952,+,2.4528112921508822,16.0
2025.12.05,2025.12.25,유가/정제지표,3,EER_EPD2DC_PF4_Y05LA_DPG,미국 로스앤젤레스 초저유황(CARB) 디젤 현물가격(달러/갤런),0.00440526005,0.00545692445,+,2.4230105275159657,17.0
2025.12.05,2025.12.25,수급,2,WTTSTUS1,미국 주간 전체 석유재고(천 배럴),-0.005150795,0.005150795,-,2.2870814181927326,18.0
2025.12.05,2025.12.25,지정학,2,GPRD,GPR(Geopolitical Risk) 지수(GPRD),0.00159692765,0.0050418376499999995,+,2.238701637875224,19.0
2025.12.05,2025.12.25,금융시장,3,LLCNRLC,비공개 투자자 현물 매수 포지션,-0.00424838065,0.00471925735,-,2.0954679409400834,20.0
2025.12.05,2025.12.26,기타기술지표,2,rsi_14,14일 RSI(상대강도지수),-0.026181996670000002,0.026181996670000002,-,10.0,1.0
2025.12.05,2025.12.26,금융시장,2,U:USO,WTI 추종 ETF(미국 원유 펀드),-0.018071234,0.018071234,-,6.902160376754794,2.0
2025.12.05,2025.12.26,기타기술지표,2,close_residual,잔차(Residual),-0.01694011665,0.017757534749999998,-,6.782345507799652,3.0
2025.12.05,2025.12.26,금융시장,3,LLCNRSC,비공개 투자자 현물 매도 포지션,0.0176332,0.0176332,+,6.734856864528048,4.0
2025.12.05,2025.12.26,거시경제,2,TRUS10T-TRUS2YT,미국 국채 10년물과 2년물 금리차(수익률곡선 스프레드),-0.0125423073,0.0128119587,-,4.893423088194136,5.0
2025.12.05,2025.12.26,금융시장,3,LLCNRSF,비공개 투자자 선물 매도 포지션,0.012470603,0.012470603,+,4.763045063820184,6.0
2025.12.05,2025.12.26,지정학,2,GPRD,GPR(Geopolitical Risk) 지수(GPRD),0.008924544103999999,0.011451065704,+,4.373641112375865,7.0
2025.12.05,2025.12.26,수급,2,WD0ST_R10_1,미국 동부 해안(PADD 1) 지역의 0~15ppm 저황 증류 연료유 재고(천 배럴),-0.011056483,0.011056483,-,4.222933468121933,8.0
2025.12.05,2025.12.26,거시경제,2,TRUS10T,미국 10년물 국채금리(장기금리),0.010810137,0.010810137,+,4.1288436234454675,9.0
2025.12.05,2025.12.26,수급,3,WCEIMP12_4WEEK_AVG,미국 동부 해안(PADD 1)의 전략비축유 제외 상업용 원유 수입량 4주 평균(천 배럴/일),0.009692430549999999,0.009692430549999999,+,3.7019447646274557,10.0
2025.12.05,2025.12.26,금융시장,2,NBRSWLF,브렌트유 스왑딜러 순매수 포지션 (스왑딜러 기준),0.005571246,0.007080674,+,2.7044056605939515,11.0
2025.12.05,2025.12.26,유가/정제지표,2,PGAEY00,싱가포르 92R 가솔린 크랙,0.00507736205,0.00689888005,+,2.6349709447121397,12.0
2025.12.05,2025.12.26,수급,2,W_EPC0_IM0_NUS-NLY_MBBLD_4WEEK_AVG,미국의 리비아산 원유 수입량 4주 평균(천 배럴/일),0.0010534525,0.006501555500000001,+,2.483216074750192,13.0
2025.12.05,2025.12.26,지정학,1,GPRD_MA7,GPR(Geopolitical Risk) 7일 이동평균 지수,0.0051221847,0.0059354305,+,2.2669892502129017,14.0
2025.12.05,2025.12.26,유가/정제지표,3,AAQTY00,가스오일 선물/현물 스프레드(EFS),-0.00460690253,0.00589817753,-,2.252760782281468,15.0
2025.12.05,2025.12.26,금융시장,2,NBRMMSC,브렌트유 실물거래자 현물 매도 포지션 (실물거래자 기준),-0.0050089955,0.0050089955,-,1.9131449610714504,16.0
2025.12.05,2025.12.26,수급,2,WCESTP11,미국 동부 해안(PADD 1) 원유 재고(전략비축유 제외. 천 배럴),-0.004779756,0.004779756,-,1.8255888044920445,17.0
2025.12.05,2025.12.26,수급,2,WD0ST_R1Z_1,미국 남부 대서양(PADD 1C) 지역의 0~15ppm 저황 증류 연료유 재고(천 배럴),-0.0047652722,0.0047652722,-,1.8200568352604558,18.0
2025.12.05,2025.12.26,유가/정제지표,1,NHOC.01,난방유 선물,-0.00399130583,0.00470393897,-,1.796631108501321,19.0
2025.12.05,2025.12.26,수급,3,WCEIMP12,미국 동부 해안(PADD 1) 지역의 상업용 원유 수입량(전략비축유 제외. 천 배럴/일),-0.0036806464199999997,0.004641234879999999,-,1.7726817929505139,20.0
2025.12.05,2025.12.29,기타기술지표,2,close_residual,잔차(Residual),-0.03779679559,0.039840400469999995,-,10.0,1.0
2025.12.05,2025.12.29,기타기술지표,2,rsi_14,14일 RSI(상대강도지수),-0.03409343964,0.03409343964,-,8.557504251412462,2.0
2025.12.05,2025.12.29,유가/정제지표,3,92R/LSFO,가솔린/벙커유 스프레드(92R/LSFO),0.0018580560379999993,0.032574235982,+,8.1761818650715,3.0
2025.12.05,2025.12.29,수급,2,WD0ST_R10_1,미국 동부 해안(PADD 1) 지역의 0~15ppm 저황 증류 연료유 재고(천 배럴),-0.022383571,0.022383571,-,5.6183097398468504,4.0
2025.12.05,2025.12.29,금융시장,2,U:USO,WTI 추종 ETF(미국 원유 펀드),-0.015315115455,0.016171276545000002,-,4.059014556637564,5.0
2025.12.05,2025.12.29,거시경제,2,TRUS10T-TRUS2YT,미국 국채 10년물과 2년물 금리차(수익률곡선 스프레드),-0.01499682657,0.01499682657,-,3.7642258594495503,6.0
2025.12.05,2025.12.29,유가/정제지표,2,PGAEY00,싱가포르 92R 가솔린 크랙,0.012877523695,0.013172447475,+,3.3063039827922696,7.0
2025.12.05,2025.12.29,지정학,2,GPRD_THREAT,GPR(Geopolitical Risk) 위협 기반 리스크 지수(THREAT),0.012597501006,0.012805998054,+,3.2143246310094136,8.0
2025.12.05,2025.12.29,금융시장,2,LLCMMSC,자산운용사의 현물 매도 포지션 (실물거래자 기준),-0.009770691,0.009770691,-,2.452458028718204,9.0
2025.12.05,2025.12.29,금융시장,2,NBRPMLC,브렌트유 생산자 계약 매수 포지션 (실물거래자 기준),-0.0095325708,0.0095325708,-,2.39268950300288,10.0
2025.12.05,2025.12.29,수급,2,WDIUPUS2_4WEEK_AVG,4주 평균 미국 증류 연료유 소비량(천 배럴),0.0009034870399999995,0.009040475039999999,+,2.2691727325400555,11.0
2025.12.05,2025.12.29,금융시장,3,LLCORLC,기타 기관의 현물 매수 포지션 (실물거래자 기준),-0.008755147,0.008755147,-,2.1975549685030566,12.0
2025.12.05,2025.12.29,금융시장,3,LLCNRSC,비공개 투자자 현물 매도 포지션,0.008167028,0.008167028,+,2.0499362214367824,13.0
2025.12.05,2025.12.29,금융시장,2,.OVX,원유 변동성 지수,0.006730019788000001,0.007998645102,+,2.007671862641797,14.0
2025.12.05,2025.12.29,수급,3,WCEIMP22_4WEEK_AVG,미국 중서부(PADD 2)의 전략비축유 제외 상업용 원유 수입량 4주 평균(천 배럴/일),0.0074970126,0.0074970126,+,1.8817613556985415,15.0
2025.12.05,2025.12.29,수급,2,WRPUPUS2_4WEEK_AVG,4주 평균 미국 총 석유제품 일일 소비량(천 배럴),0.002548337,0.007161259600000001,+,1.7974868514166824,16.0
2025.12.05,2025.12.29,수급,2,WPESCUS2_4WEEK_AVG,4주 평균 미국 총 석유제품 재고 변화량(천 배럴),0.005538344400000001,0.0071495772,+,1.7945545515747676,17.0
2025.12.05,2025.12.29,유가/정제지표,3,Regrade,항공유/가스오일 스프레드(Regrade),0.006292402778,0.006932914282,+,1.7401718356773337,18.0
2025.12.05,2025.12.29,금융시장,3,NBRORLF,브렌트유 옵션 순매수 포지션 (투기거래자 기준),-0.005563557,0.0065745709999999995,-,1.6502271368860064,19.0
2025.12.05,2025.12.29,수급,2,W_EPC0_IM0_NUS-NLY_MBBLD_4WEEK_AVG,미국의 리비아산 원유 수입량 4주 평균(천 배럴/일),0.0062242746,0.0062242746,+,1.5623022174907373,20.0
2025.12.05,2025.12.30,수급,2,WD0ST_R10_1,미국 동부 해안(PADD 1) 지역의 0~15ppm 저황 증류 연료유 재고(천 배럴),-0.014524638500000001,0.016889631500000002,-,10.0,1.0
2025.12.05,2025.12.30,기타기술지표,2,close_residual,잔차(Residual),-0.011533081629999999,0.016856491629999998,-,9.980378571314594,2.0
2025.12.05,2025.12.30,유가/정제지표,3,Regrade,항공유/가스오일 스프레드(Regrade),0.0083035229,0.0151220559,+,8.95345520119844,3.0
2025.12.05,2025.12.30,기타기술지표,2,rsi_14,14일 RSI(상대강도지수),-0.011802912,0.011802912,-,6.988259039280992,4.0
2025.12.05,2025.12.30,수급,2,WDISTP31,미국 멕시코만 연안(PADD 3) 지역 증류 연료유 재고(천 배럴),0.011134505,0.011134505,+,6.592509137928793,5.0
2025.12.05,2025.12.30,수급,2,USIPENERP,미국 전체 에너지 생산량,-0.006556809,0.009216249,-,5.456749604039613,6.0
2025.12.05,2025.12.30,금융시장,2,NBRPMLC,브렌트유 생산자 계약 매수 포지션 (실물거래자 기준),-0.0019137263300000001,0.00882536173,-,5.225313370513737,7.0
2025.12.05,2025.12.30,수급,2,W_EPC0_SKA_NUS_MBBL,알래스카에서 선박으로 수송 중인 미국 원유 재고량(천 배럴),0.00792032504,0.00865334296,+,5.123464629764124,8.0
2025.12.05,2025.12.30,금융시장,2,U:USO,WTI 추종 ETF(미국 원유 펀드),-0.00820291,0.00820291,-,4.856772630000838,9.0
2025.12.05,2025.12.30,금융시장,3,NBRTRLC,브렌트유 총수익 계약 순매수 포지션 (투기거래자 기준),-0.0064387915999999995,0.0074753164,-,4.4259795721416415,10.0
2025.12.05,2025.12.30,지정학,2,GPRD_ACT,GPR(Geopolitical Risk) 행동 기반 리스크 지수(ACT),0.0061423777999999995,0.0061423777999999995,+,3.636774313282086,11.0
2025.12.05,2025.12.30,거시경제,2,TRUS10T-TRUS2YT,미국 국채 10년물과 2년물 금리차(수익률곡선 스프레드),-0.0024181605999999997,0.0060263873999999995,-,3.5680988066554313,12.0
2025.12.05,2025.12.30,수급,3,WCEIMP12_4WEEK_AVG,미국 동부 해안(PADD 1)의 전략비축유 제외 상업용 원유 수입량 4주 평균(천 배럴/일),0.005947113,0.005947113,+,3.5211620810081024,13.0
2025.12.05,2025.12.30,금융시장,2,NBRSWLC,브렌트유 스왑딜러 현물 매수 포지션 (스왑딜러 기준),0.0053932070000000006,0.0053932070000000006,+,3.193205843478586,14.0
2025.12.05,2025.12.30,금융시장,2,NBRMMLC,브렌트유 실물거래자 현물 매수 포지션 (실물거래자 기준),0.0052173734,0.0052173734,+,3.0890984211230417,15.0
2025.12.05,2025.12.30,수급,3,WCEIMP22_4WEEK_AVG,미국 중서부(PADD 2)의 전략비축유 제외 상업용 원유 수입량 4주 평균(천 배럴/일),0.00048583739999999995,0.004975259399999999,+,2.9457477506243985,16.0
2025.12.05,2025.12.30,기타기술지표,2,volume,거래량(Volume),-0.0017321704999999998,0.0048398375,-,2.865567256455536,17.0
2025.12.05,2025.12.30,지정학,2,GPRD_THREAT,GPR(Geopolitical Risk) 위협 기반 리스크 지수(THREAT),-0.004193186766,0.004393219954,-,2.6011342840724496,18.0
2025.12.05,2025.12.30,수급,2,WCRRIUS2,미국 정유업체의 원유 일일 순투입량(천 배럴),0.004324436,0.004324436,+,2.560408733606769,19.0
2025.12.05,2025.12.30,수급,2,W_EPP0_VUA_NUS_MBBLD_4WEEK_AVG,4주 평균 미국 원유 제외 석유공급 조정량(천 배럴),-0.004262328,0.004262328,-,2.5236358768395863,20.0
2025.12.05,2025.12.31,기타기술지표,2,rsi_14,14일 RSI(상대강도지수),-0.030711174,0.030711174,-,10.0,1.0
2025.12.05,2025.12.31,기타기술지표,2,close_residual,잔차(Residual),-0.02676993658,0.02696162512,-,8.779092951640338,2.0
2025.12.05,2025.12.31,거시경제,2,TRUS10T-TRUS2YT,미국 국채 10년물과 2년물 금리차(수익률곡선 스프레드),-0.0140218137,0.0140218137,-,4.565704228695393,3.0
2025.12.05,2025.12.31,수급,3,WCEIMP12_4WEEK_AVG,미국 동부 해안(PADD 1)의 전략비축유 제외 상업용 원유 수입량 4주 평균(천 배럴/일),0.01089012619,0.012032031989999999,+,3.917802683153695,4.0
2025.12.05,2025.12.31,수급,2,WD0ST_R10_1,미국 동부 해안(PADD 1) 지역의 0~15ppm 저황 증류 연료유 재고(천 배럴),-0.0102706552,0.0102706552,-,3.344273064911162,5.0
2025.12.05,2025.12.31,수급,2,WCRNTUS2,미국 원유 일일 순수입량(천 배럴),0.0090542433,0.0101934073,+,3.319120037547246,6.0
2025.12.05,2025.12.31,금융시장,2,NBRMMLC,브렌트유 실물거래자 현물 매수 포지션 (실물거래자 기준),-0.010150075,0.010150075,-,3.3050104173809833,7.0
2025.12.05,2025.12.31,금융시장,2,U:USO,WTI 추종 ETF(미국 원유 펀드),-0.009980619,0.009980619,-,3.2498331063475465,8.0
2025.12.05,2025.12.31,금융시장,3,LLCNRSC,비공개 투자자 현물 매도 포지션,0.00919747359,0.00919747359,+,2.9948296961881042,9.0
2025.12.05,2025.12.31,유가/정제지표,3,AMFSA00,싱가포르 LSFO 크랙,0.008432329,0.008432329,+,2.7456876119421554,10.0
2025.12.05,2025.12.31,수급,2,W_EPC0_FPF_SAK_MBBLD_4WEEK_AVG,4주 평균 미국 알래스카 원유 생산량(천 배럴),0.008219838,0.008219838,+,2.6764974858987807,11.0
2025.12.05,2025.12.31,수급,2,W_EPC0_IM0_NUS-NLY_MBBLD_4WEEK_AVG,미국의 리비아산 원유 수입량 4주 평균(천 배럴/일),0.0079716446,0.0079716446,+,2.59568214487665,12.0
2025.12.05,2025.12.31,기타기술지표,2,volume,거래량(Volume),-0.0032793283299999997,0.0060836076699999995,-,1.9809101631868582,13.0
2025.12.05,2025.12.31,유가/정제지표,1,NHOC.01,난방유 선물,-0.0058689117,0.0058689117,-,1.9110020671954775,14.0
2025.12.05,2025.12.31,기타기술지표,2,kdjk,스토캐스틱 오실레이터의 %K 값(빠른 선),-0.0058257578390000005,0.0058257578390000005,-,1.8969505493342589,15.0
2025.12.05,2025.12.31,금융시장,2,NBRORSC,브렌트유 옵션 현물 순매도 포지션 (투기거래자 기준),-0.005616366980000001,0.005616366980000001,-,1.8287698737925164,16.0
2025.12.05,2025.12.31,수급,3,D-AASFA00,초대형 원유운반선 운임지수(Worldscale),-0.00507569311,0.00507569311,-,1.652718684736702,17.0
2025.12.05,2025.12.31,수급,2,WDISTP11,미국 동부 해안(PADD 1) 지역 증류 연료유 재고(천 배럴),-0.0047213435,0.0047213435,-,1.53733735480122,18.0
2025.12.05,2025.12.31,수급,3,WCEIMP52,미국 서부 해안(PADD 5) 지역의 상업용 원유 수입량(전략비축유 제외. 천 배럴/일),-0.0008347034500000002,0.004681825650000001,-,1.5244697744215185,19.0
2025.12.05,2025.12.31,금융시장,2,NBRPMLC,브렌트유 생산자 계약 매수 포지션 (실물거래자 기준),-0.004564166,0.004564166,-,1.4861580999801571,20.0
2025.12.05,2026.01.01,유가/정제지표,3,EER_EPD2DC_PF4_Y05LA_DPG,미국 로스앤젤레스 초저유황(CARB) 디젤 현물가격(달러/갤런),-0.0391278256,0.043510674400000005,-,10.0,1.0
2025.12.05,2026.01.01,기타기술지표,2,close_residual,잔차(Residual),-0.037373186679999996,0.03834068928,-,8.811789246824452,2.0
2025.12.05,2026.01.01,유가/정제지표,3,92R/LSFO,가솔린/벙커유 스프레드(92R/LSFO),-0.00773310583,0.03079891203,-,7.078472686233518,3.0
2025.12.05,2026.01.01,유가/정제지표,1,NHOC.01,난방유 선물,-0.02241146518,0.02268922282,-,5.214633680787076,4.0
2025.12.05,2026.01.01,유가/정제지표,2,PGAEY00,싱가포르 92R 가솔린 크랙,0.01389384284,0.015069246420000001,+,3.463344714326009,5.0
2025.12.05,2026.01.01,수급,2,W_EPC0_FPF_SAK_MBBLD_4WEEK_AVG,4주 평균 미국 알래스카 원유 생산량(천 배럴),0.012170315,0.012170315,+,2.7970871901723493,6.0
2025.12.05,2026.01.01,유가/정제지표,2,BRTROTR,브렌트유 크랙 스프레드 정제 마진(USD/배럴),-0.009470581674,0.010750174186000001,-,2.4706981296525248,7.0
2025.12.05,2026.01.01,수급,2,WCRNTUS2,미국 원유 일일 순수입량(천 배럴),0.010382533499999999,0.0107444529,+,2.4693832141567538,8.0
2025.12.05,2026.01.01,수급,2,WD0ST_R30_1,미국 멕시코만 연안(PADD 3) 지역의 0~15ppm 저황 증류 연료유 재고(천 배럴),0.005774617020000001,0.01064121698,+,2.4456566409827927,9.0
2025.12.05,2026.01.01,금융시장,2,U:USO,WTI 추종 ETF(미국 원유 펀드),-0.009831667,0.009831667,-,2.259598853747024,10.0
2025.12.05,2026.01.01,수급,3,WCEIMP12_4WEEK_AVG,미국 동부 해안(PADD 1)의 전략비축유 제외 상업용 원유 수입량 4주 평균(천 배럴/일),0.009747505,0.009747505,+,2.2402560140506576,11.0
2025.12.05,2026.01.01,유가/정제지표,3,AAQTY00,가스오일 선물/현물 스프레드(EFS),0.009614229560000001,0.009614229560000001,+,2.209625498243254,12.0
2025.12.05,2026.01.01,수급,2,WDIUPUS2_4WEEK_AVG,4주 평균 미국 증류 연료유 소비량(천 배럴),0.0089387896,0.0089387896,+,2.054390037218085,13.0
2025.12.05,2026.01.01,금융시장,2,NBRPMLC,브렌트유 생산자 계약 매수 포지션 (실물거래자 기준),-0.0067119599,0.0089168549,-,2.0493488145060788,14.0
2025.12.05,2026.01.01,거시경제,2,TRUS10T-TRUS2YT,미국 국채 10년물과 2년물 금리차(수익률곡선 스프레드),-0.008412122702,0.008868932698000001,-,2.038334919028513,15.0
2025.12.05,2026.01.01,기타기술지표,2,rsi_14,14일 RSI(상대강도지수),-0.008508086124,0.008640408435999999,-,1.9858134940790524,16.0
2025.12.05,2026.01.01,유가/정제지표,2,NHOC.01-NCLC.01,난방유 선물 크랙,0.007127165811,0.007634997381,+,1.754741218398582,17.0
2025.12.05,2026.01.01,거시경제,2,TRUS10T,미국 10년물 국채금리(장기금리),0.0074652433,0.0074652433,+,1.715726865405699,18.0
2025.12.05,2026.01.01,지정학,2,GPRD_THREAT,GPR(Geopolitical Risk) 위협 기반 리스크 지수(THREAT),-0.007463812814,0.007463812814,-,1.7153980987249415,19.0
2025.12.05,2026.01.01,금융시장,2,NBRORSC,브렌트유 옵션 현물 순매도 포지션 (투기거래자 기준),-0.004899263374,0.0071978569739999994,-,1.6542738243560753,20.0
2025.12.05,2026.01.02,기타기술지표,2,close_residual,잔차(Residual),-0.03090250491,0.031195521349999998,-,10.0,1.0
2025.12.05,2026.01.02,유가/정제지표,3,EER_EPD2DXL0_PF4_Y35NY_DPG,미국 뉴욕항 초저유황 No.2 디젤 현물가격(달러/갤런),-0.020967841004999998,0.021228432505,-,6.804961605490206,2.0
2025.12.05,2026.01.02,유가/정제지표,1,NHOC.01,난방유 선물,-0.015445948,0.015445948,-,4.951335105672149,3.0
2025.12.05,2026.01.02,기타기술지표,2,rsi_14,14일 RSI(상대강도지수),-0.01520919794,0.01520919794,-,4.875442782109491,4.0
2025.12.05,2026.01.02,수급,3,WCEIMP12_4WEEK_AVG,미국 동부 해안(PADD 1)의 전략비축유 제외 상업용 원유 수입량 4주 평균(천 배럴/일),0.014930963815,0.014930963815,+,4.7862523749743335,5.0
2025.12.05,2026.01.02,수급,3,WCEIMP22_4WEEK_AVG,미국 중서부(PADD 2)의 전략비축유 제외 상업용 원유 수입량 4주 평균(천 배럴/일),0.0126382709,0.0126382709,+,4.051309403745548,6.0
2025.12.05,2026.01.02,금융시장,3,LLCORLC,기타 기관의 현물 매수 포지션 (실물거래자 기준),-0.010733604,0.010733604,-,3.440751600069028,7.0
2025.12.05,2026.01.02,유가/정제지표,3,Regrade,항공유/가스오일 스프레드(Regrade),0.008698582674,0.010203242325999999,+,3.270739479402866,8.0
2025.12.05,2026.01.02,수급,2,WDIUPUS2_4WEEK_AVG,4주 평균 미국 증류 연료유 소비량(천 배럴),0.00887221103,0.00887221103,+,2.8440656370052944,9.0
2025.12.05,2026.01.02,수급,2,W_EPC0_FPF_SAK_MBBLD_4WEEK_AVG,4주 평균 미국 알래스카 원유 생산량(천 배럴),0.008491814,0.008491814,+,2.7221260080014664,10.0
2025.12.05,2026.01.02,금융시장,2,NBRMMLF,브렌트유 실물거래자 순매수 포지션 (실물거래자 기준),-0.008384109,0.008384109,-,2.687600218612792,11.0
2025.12.05,2026.01.02,금융시장,2,NBRPMLC,브렌트유 생산자 계약 매수 포지션 (실물거래자 기준),-0.00686299798,0.00748193262,-,2.3983996087310144,12.0
2025.12.05,2026.01.02,수급,2,WDIST1A1,미국 뉴잉글랜드(PADD 1A) 지역 증류 연료유 재고(천 배럴),-0.007213235,0.007213235,-,2.312266212534384,13.0
2025.12.05,2026.01.02,금융시장,3,LLCPMLC,생산자·상인의 현금 매수 포지션 (실물거래자 기준),-0.0042366983,0.006837129700000001,-,2.1917023355020806,14.0
2025.12.05,2026.01.02,유가/정제지표,2,NHOC.01-NCLC.01,난방유 선물 크랙,0.00126695632,0.00535655012,+,1.717089469318967,15.0
2025.12.05,2026.01.02,유가/정제지표,2,BRTUSGR,브렌트유 크랙 스프레드 정제 마진(USD/배럴),0.00494802004,0.0053285361,+,1.708109327687194,16.0
2025.12.05,2026.01.02,수급,3,W_EPP1_YPT_NUS_MBBLD_4WEEK_AVG,4주 평균 기타 제외 석유제품 순생산량(천 배럴),0.0051189065,0.0051189065,+,1.6409107072031675,17.0
2025.12.05,2026.01.02,금융시장,2,LLCMMXF,자산운용사의 선물 스프레드 거래 규모 (투기거래자 기준),0.0045168996,0.0045168996,+,1.447932076313897,18.0
2025.12.05,2026.01.02,금융시장,3,LLCORXF,기타 기관의 선물 스프레드 거래 규모 (투기거래자 기준),0.00418812037,0.00418812037,+,1.3425389891744832,19.0
2025.12.05,2026.01.02,금융시장,2,.OVX,원유 변동성 지수,0.0013031959299999998,0.003956794709999999,+,1.2683855049596726,20.0
