date,LCOc1
2008.1.1,93.85
2008.1.2,97.84
2008.1.3,97.6
2008.1.4,96.79
2008.1.7,94.39
2008.1.8,95.54
2008.1.9,94.37
2008.1.10,92.22
2008.1.11,91.07
2008.1.14,92.92
2008.1.15,90.98
2008.1.16,89.75
2008.1.17,88.75
2008.1.18,89.23
2008.1.21,87.51
2008.1.22,88.45
2008.1.23,86.62
2008.1.24,89.07
2008.1.25,90.9
2008.1.28,91.38
2008.1.29,92
2008.1.30,92.53
2008.1.31,92.21
2008.2.1,89.44
2008.2.4,90.47
2008.2.5,88.82
2008.2.6,87.78
2008.2.7,88.51
2008.2.8,91.94
2008.2.11,93.53
2008.2.12,92.86
2008.2.13,93.32
2008.2.14,95.09
2008.2.15,94.63
2008.2.18,94.91
2008.2.19,98.56
2008.2.20,98.42
2008.2.21,96.24
2008.2.22,97.01
2008.2.25,97.69
2008.2.26,99.47
2008.2.27,98.27
2008.2.28,100.9
2008.2.29,100.1
2008.3.3,100.48
2008.3.4,97.52
2008.3.5,101.64
2008.3.6,102.61
2008.3.7,102.38
2008.3.10,104.16
2008.3.11,105.25
2008.3.12,106.27
2008.3.13,107.54
2008.3.14,107.55
2008.3.17,101.75
2008.3.18,105.56
2008.3.19,100.72
2008.3.20,100.38
2008.3.21,100.38
2008.3.24,99.86
2008.3.25,100.6
2008.3.26,103.99
2008.3.27,105
2008.3.28,103.77
2008.3.31,100.3
2008.4.1,100.17
2008.4.2,103.75
2008.4.3,102.52
2008.4.4,104.9
2008.4.7,107.14
2008.4.8,106.34
2008.4.9,108.47
2008.4.10,108.2
2008.4.11,108.75
2008.4.14,109.84
2008.4.15,111.31
2008.4.16,112.66
2008.4.17,112.43
2008.4.18,113.92
2008.4.21,114.43
2008.4.22,115.95
2008.4.23,116.46
2008.4.24,114.34
2008.4.25,116.34
2008.4.28,116.74
2008.4.29,113.43
2008.4.30,111.36
2008.5.1,110.5
2008.5.2,114.56
2008.5.5,117.99
2008.5.6,120.31
2008.5.7,122.32
2008.5.8,122.84
2008.5.9,125.4
2008.5.12,122.91
2008.5.13,124.1
2008.5.14,121.86
2008.5.15,121.25
2008.5.16,124.99
2008.5.19,125.06
2008.5.20,127.84
2008.5.21,132.7
2008.5.22,130.51
2008.5.23,131.57
2008.5.26,132.37
2008.5.27,128.31
2008.5.28,130.93
2008.5.29,126.89
2008.5.30,127.78
2008.6.2,128.02
2008.6.3,124.58
2008.6.4,122.1
2008.6.5,127.54
2008.6.6,137.69
2008.6.9,133.91
2008.6.10,131.02
2008.6.11,135.02
2008.6.12,136.09
2008.6.13,134.25
2008.6.16,134.71
2008.6.17,133.72
2008.6.18,136.44
2008.6.19,132
2008.6.20,134.86
2008.6.23,135.91
2008.6.24,136.46
2008.6.25,134.33
2008.6.26,139.83
2008.6.27,140.31
2008.6.30,139.83
2008.7.1,140.67
2008.7.2,144.26
2008.7.3,146.08
2008.7.4,144.42
2008.7.7,141.87
2008.7.8,136.43
2008.7.9,136.58
2008.7.10,142.03
2008.7.11,144.49
2008.7.14,143.92
2008.7.15,138.75
2008.7.16,136.19
2008.7.17,131.07
2008.7.18,130.19
2008.7.21,132.61
2008.7.22,129.55
2008.7.23,125.29
2008.7.24,126.44
2008.7.25,124.52
2008.7.28,125.84
2008.7.29,122.71
2008.7.30,127.1
2008.7.31,123.98
2008.8.1,124.18
2008.8.4,120.68
2008.8.5,117.7
2008.8.6,117
2008.8.7,117.86
2008.8.8,113.33
2008.8.11,112.67
2008.8.12,111.15
2008.8.13,113.47
2008.8.14,112.64
2008.8.15,112.55
2008.8.18,111.94
2008.8.19,113.25
2008.8.20,114.36
2008.8.21,120.16
2008.8.22,113.92
2008.8.25,114.03
2008.8.26,114.63
2008.8.27,116.22
2008.8.28,114.17
2008.8.29,114.05
2008.9.1,109.41
2008.9.2,108.34
2008.9.3,108.06
2008.9.4,106.3
2008.9.5,104.09
2008.9.8,103.44
2008.9.9,100.34
2008.9.10,98.97
2008.9.11,97.64
2008.9.12,97.58
2008.9.15,92.38
2008.9.16,89.22
2008.9.17,94.84
2008.9.18,95.19
2008.9.19,99.61
2008.9.22,106.04
2008.9.23,103.08
2008.9.24,102.45
2008.9.25,104.6
2008.9.26,103.54
2008.9.29,93.98
2008.9.30,98.17
2008.10.1,95.33
2008.10.2,90.56
2008.10.3,90.25
2008.10.6,83.68
2008.10.7,84.66
2008.10.8,84.36
2008.10.9,82.66
2008.10.10,74.09
2008.10.13,77.46
2008.10.14,74.53
2008.10.15,70.8
2008.10.16,66.32
2008.10.17,69.6
2008.10.20,72.03
2008.10.21,69.72
2008.10.22,64.52
2008.10.23,65.92
2008.10.24,62.05
2008.10.27,61.41
2008.10.28,60.29
2008.10.29,65.47
2008.10.30,63.71
2008.10.31,65.32
2008.11.3,60.48
2008.11.4,66.44
2008.11.5,61.87
2008.11.6,57.43
2008.11.7,57.35
2008.11.10,59.08
2008.11.11,55.71
2008.11.12,52.37
2008.11.13,51.99
2008.11.14,54.24
2008.11.17,52.31
2008.11.18,51.84
2008.11.19,51.72
2008.11.20,48.08
2008.11.21,49.19
2008.11.24,53.93
2008.11.25,50.35
2008.11.26,53.92
2008.11.27,53.13
2008.11.28,53.49
2008.12.1,47.97
2008.12.2,45.44
2008.12.3,45.44
2008.12.4,42.28
2008.12.5,39.74
2008.12.8,43.42
2008.12.9,41.53
2008.12.10,42.4
2008.12.11,47.39
2008.12.12,46.41
2008.12.15,44.6
2008.12.16,44.56
2008.12.17,45.53
2008.12.18,43.36
2008.12.19,44
2008.12.22,41.45
2008.12.23,40.36
2008.12.24,36.61
2008.12.25,36.61
2008.12.26,38.37
2008.12.29,40.55
2008.12.30,40.15
2008.12.31,45.59
2009.1.1,45.59
2009.1.2,46.91
2009.1.5,49.62
2009.1.6,50.53
2009.1.7,45.86
2009.1.8,44.67
2009.1.9,44.42
2009.1.12,42.91
2009.1.13,44.83
2009.1.14,45.08
2009.1.15,44.69
2009.1.16,46.57
2009.1.19,44.5
2009.1.20,43.62
2009.1.21,45.02
2009.1.22,45.39
2009.1.23,48.37
2009.1.26,46.96
2009.1.27,43.73
2009.1.28,44.9
2009.1.29,45.4
2009.1.30,45.88
2009.2.2,43.82
2009.2.3,44.08
2009.2.4,44.15
2009.2.5,46.46
2009.2.6,46.21
2009.2.9,46.02
2009.2.10,44.61
2009.2.11,44.28
2009.2.12,44.65
2009.2.13,44.81
2009.2.16,43.28
2009.2.17,41.03
2009.2.18,39.55
2009.2.19,41.99
2009.2.20,41.89
2009.2.23,40.99
2009.2.24,42.5
2009.2.25,44.29
2009.2.26,46.51
2009.2.27,46.35
2009.3.2,42.21
2009.3.3,43.7
2009.3.4,46.12
2009.3.5,43.64
2009.3.6,44.85
2009.3.9,44.13
2009.3.10,43.96
2009.3.11,41.4
2009.3.12,45.09
2009.3.13,44.93
2009.3.16,43.98
2009.3.17,48.24
2009.3.18,47.66
2009.3.19,50.67
2009.3.20,51.22
2009.3.23,53.47
2009.3.24,53.5
2009.3.25,51.75
2009.3.26,53.46
2009.3.27,51.98
2009.3.30,47.99
2009.3.31,49.23
2009.4.1,48.44
2009.4.2,52.75
2009.4.3,53.47
2009.4.6,52.24
2009.4.7,51.22
2009.4.8,51.59
2009.4.9,54.06
2009.4.10,54.06
2009.4.13,52.14
2009.4.14,51.96
2009.4.15,51.79
2009.4.16,53.06
2009.4.17,53.35
2009.4.20,49.86
2009.4.21,49.82
2009.4.22,49.81
2009.4.23,50.11
2009.4.24,51.67
2009.4.27,50.32
2009.4.28,49.99
2009.4.29,50.78
2009.4.30,50.8
2009.5.1,52.85
2009.5.4,54.58
2009.5.5,54.12
2009.5.6,56.15
2009.5.7,56.47
2009.5.8,58.14
2009.5.11,57.48
2009.5.12,57.94
2009.5.13,57.34
2009.5.14,56.69
2009.5.15,55.98
2009.5.18,58.47
2009.5.19,58.92
2009.5.20,60.59
2009.5.21,59.93
2009.5.22,60.78
2009.5.25,60.21
2009.5.26,61.24
2009.5.27,62.5
2009.5.28,64.39
2009.5.29,65.52
2009.6.1,67.97
2009.6.2,68.17
2009.6.3,65.88
2009.6.4,68.71
2009.6.5,68.34
2009.6.8,67.88
2009.6.9,69.62
2009.6.10,70.8
2009.6.11,71.79
2009.6.12,70.92
2009.6.15,69.44
2009.6.16,70.24
2009.6.17,70.85
2009.6.18,71.06
2009.6.19,69.19
2009.6.22,66.98
2009.6.23,68.8
2009.6.24,68.33
2009.6.25,69.78
2009.6.26,68.92
2009.6.29,70.99
2009.6.30,69.3
2009.7.1,68.79
2009.7.2,66.65
2009.7.3,65.61
2009.7.6,64.05
2009.7.7,63.23
2009.7.8,60.43
2009.7.9,61.1
2009.7.10,60.52
2009.7.13,60.69
2009.7.14,60.86
2009.7.15,63.09
2009.7.16,62.75
2009.7.17,65.38
2009.7.20,66.44
2009.7.21,66.87
2009.7.22,67.21
2009.7.23,69.25
2009.7.24,70.32
2009.7.27,70.81
2009.7.28,69.88
2009.7.29,66.53
2009.7.30,70.11
2009.7.31,71.7
2009.8.3,73.55
2009.8.4,74.28
2009.8.5,75.51
2009.8.6,74.83
2009.8.7,73.59
2009.8.10,73.5
2009.8.11,72.46
2009.8.12,72.89
2009.8.13,73.48
2009.8.14,72.41
2009.8.17,70.54
2009.8.18,72.37
2009.8.19,74.59
2009.8.20,73.33
2009.8.21,74.19
2009.8.24,74.26
2009.8.25,71.82
2009.8.26,71.65
2009.8.27,72.51
2009.8.28,72.79
2009.8.31,69.65
2009.9.1,67.73
2009.9.2,67.66
2009.9.3,67.12
2009.9.4,66.82
2009.9.7,66.53
2009.9.8,69.42
2009.9.9,69.83
2009.9.10,69.86
2009.9.11,67.69
2009.9.14,67.44
2009.9.15,67.35
2009.9.16,71.67
2009.9.17,71.55
2009.9.18,71.32
2009.9.21,68.69
2009.9.22,70.53
2009.9.23,67.99
2009.9.24,64.82
2009.9.25,65.11
2009.9.28,65.54
2009.9.29,65.49
2009.9.30,69.07
2009.10.1,69.19
2009.10.2,68.07
2009.10.5,68.04
2009.10.6,68.56
2009.10.7,67.2
2009.10.8,69.77
2009.10.9,70
2009.10.12,71.36
2009.10.13,72.4
2009.10.14,73.1
2009.10.15,74.45
2009.10.16,76.99
2009.10.19,77.77
2009.10.20,77.24
2009.10.21,79.69
2009.10.22,79.51
2009.10.23,78.92
2009.10.26,77.26
2009.10.27,77.92
2009.10.28,75.86
2009.10.29,78.04
2009.10.30,75.2
2009.11.2,76.55
2009.11.3,78.11
2009.11.4,78.89
2009.11.5,77.99
2009.11.6,75.87
2009.11.9,77.77
2009.11.10,77.5
2009.11.11,77.95
2009.11.12,76.02
2009.11.13,75.55
2009.11.16,78.76
2009.11.17,78.97
2009.11.18,79.47
2009.11.19,77.64
2009.11.20,77.2
2009.11.23,77.46
2009.11.24,76.46
2009.11.25,78.44
2009.11.26,76.99
2009.11.27,77.18
2009.11.30,78.47
2009.12.1,79.35
2009.12.2,77.88
2009.12.3,78.36
2009.12.4,77.52
2009.12.7,76.43
2009.12.8,75.19
2009.12.9,72.39
2009.12.10,71.86
2009.12.11,71.88
2009.12.14,71.89
2009.12.15,72.05
2009.12.16,73.55
2009.12.17,73.37
2009.12.18,73.75
2009.12.21,72.99
2009.12.22,73.46
2009.12.23,75.45
2009.12.24,76.31
2009.12.25,76.31
2009.12.28,77.32
2009.12.29,77.64
2009.12.30,78.03
2009.12.31,77.93
2010.1.1,77.93
2010.1.4,80.12
2010.1.5,80.59
2010.1.6,81.89
2010.1.7,81.51
2010.1.8,81.37
2010.1.11,80.97
2010.1.12,79.3
2010.1.13,78.31
2010.1.14,77.82
2010.1.15,77.11
2010.1.18,77.1
2010.1.19,77.63
2010.1.20,76.32
2010.1.21,74.58
2010.1.22,72.83
2010.1.25,73.69
2010.1.26,73.29
2010.1.27,72.24
2010.1.28,72.13
2010.1.29,71.46
2010.2.1,73.11
2010.2.2,76.06
2010.2.3,75.92
2010.2.4,72.13
2010.2.5,69.59
2010.2.8,70.11
2010.2.9,72.13
2010.2.10,72.54
2010.2.11,73.05
2010.2.12,72.9
2010.2.15,72.51
2010.2.16,75.68
2010.2.17,76.27
2010.2.18,77.78
2010.2.19,78.19
2010.2.22,78.61
2010.2.23,77.25
2010.2.24,78.09
2010.2.25,76.29
2010.2.26,77.59
2010.3.1,76.89
2010.3.2,78.18
2010.3.3,79.25
2010.3.4,78.54
2010.3.5,79.89
2010.3.8,80.47
2010.3.9,79.91
2010.3.10,80.48
2010.3.11,80.28
2010.3.12,79.39
2010.3.15,77.89
2010.3.16,79.02
2010.3.17,81.96
2010.3.18,81.48
2010.3.19,79.88
2010.3.22,80.54
2010.3.23,80.7
2010.3.24,79.62
2010.3.25,79.61
2010.3.26,79.29
2010.3.29,81.17
2010.3.30,81.28
2010.3.31,82.7
2010.4.1,84.01
2010.4.2,84.01
2010.4.5,85.88
2010.4.6,86.15
2010.4.7,85.59
2010.4.8,84.81
2010.4.9,84.83
2010.4.12,84.77
2010.4.13,84.72
2010.4.14,86.15
2010.4.15,87.17
2010.4.16,85.99
2010.4.19,84.23
2010.4.20,84.8
2010.4.21,85.7
2010.4.22,85.67
2010.4.23,87.25
2010.4.26,86.83
2010.4.27,85.78
2010.4.28,86.16
2010.4.29,86.9
2010.4.30,87.44
2010.5.3,88.94
2010.5.4,85.67
2010.5.5,82.61
2010.5.6,79.83
2010.5.7,78.27
2010.5.10,80.12
2010.5.11,80.49
2010.5.12,81.2
2010.5.13,80.11
2010.5.14,77.18
2010.5.17,75.1
2010.5.18,74.43
2010.5.19,73.69
2010.5.20,71.84
2010.5.21,71.68
2010.5.24,71.17
2010.5.25,69.55
2010.5.26,71.74
2010.5.27,74.66
2010.5.28,74.02
2010.5.31,74.65
2010.6.1,72.71
2010.6.2,73.75
2010.6.3,75.41
2010.6.4,72.09
2010.6.7,72.12
2010.6.8,72.3
2010.6.9,74.27
2010.6.10,75.29
2010.6.11,74.35
2010.6.14,75.2
2010.6.15,76.2
2010.6.16,78.14
2010.6.17,78.68
2010.6.18,78.22
2010.6.21,78.82
2010.6.22,78.04
2010.6.23,76.27
2010.6.24,76.47
2010.6.25,78.12
2010.6.28,77.59
2010.6.29,75.44
2010.6.30,75.01
2010.7.1,72.34
2010.7.2,71.65
2010.7.5,71.47
2010.7.6,71.45
2010.7.7,73.51
2010.7.8,74.71
2010.7.9,75.42
2010.7.12,74.37
2010.7.13,76.65
2010.7.14,76.77
2010.7.15,76.19
2010.7.16,75.37
2010.7.19,75.62
2010.7.20,76.22
2010.7.21,75.37
2010.7.22,77.82
2010.7.23,77.45
2010.7.26,77.5
2010.7.27,76.13
2010.7.28,76.06
2010.7.29,77.59
2010.7.30,78.18
2010.8.2,80.82
2010.8.3,82.68
2010.8.4,82.2
2010.8.5,81.61
2010.8.6,80.16
2010.8.9,80.99
2010.8.10,79.6
2010.8.11,77.64
2010.8.12,75.52
2010.8.13,75.11
2010.8.16,74.85
2010.8.17,76.93
2010.8.18,76.47
2010.8.19,75.3
2010.8.20,74.26
2010.8.23,73.62
2010.8.24,72.38
2010.8.25,73.48
2010.8.26,75.02
2010.8.27,76.65
2010.8.30,76.6
2010.8.31,74.64
2010.9.1,76.35
2010.9.2,76.93
2010.9.3,76.67
2010.9.6,76.87
2010.9.7,77.74
2010.9.8,78.17
2010.9.9,77.47
2010.9.10,78.16
2010.9.13,79.03
2010.9.14,79.16
2010.9.15,78.91
2010.9.16,78.48
2010.9.17,78.21
2010.9.20,79.32
2010.9.21,78.42
2010.9.22,77.95
2010.9.23,78.11
2010.9.24,78.87
2010.9.27,78.57
2010.9.28,78.71
2010.9.29,80.77
2010.9.30,82.31
2010.10.1,83.75
2010.10.4,83.28
2010.10.5,84.84
2010.10.6,85.06
2010.10.7,83.43
2010.10.8,84.03
2010.10.11,83.72
2010.10.12,83.5
2010.10.13,84.64
2010.10.14,84.53
2010.10.15,82.45
2010.10.18,84.37
2010.10.19,81.1
2010.10.20,83.6
2010.10.21,81.83
2010.10.22,82.96
2010.10.25,83.54
2010.10.26,83.66
2010.10.27,83.23
2010.10.28,83.59
2010.10.29,83.15
2010.11.1,84.62
2010.11.2,85.41
2010.11.3,86.38
2010.11.4,88
2010.11.5,88.11
2010.11.8,88.46
2010.11.9,88.33
2010.11.10,88.96
2010.11.11,88.81
2010.11.12,86.34
2010.11.15,86.7
2010.11.16,84.73
2010.11.17,83.28
2010.11.18,85.05
2010.11.19,84.34
2010.11.22,83.96
2010.11.23,83.25
2010.11.24,85.84
2010.11.25,86.1
2010.11.26,85.58
2010.11.29,87.34
2010.11.30,85.92
2010.12.1,88.87
2010.12.2,90.69
2010.12.3,91.42
2010.12.6,91.45
2010.12.7,91.39
2010.12.8,90.77
2010.12.9,90.99
2010.12.10,90.48
2010.12.13,91.19
2010.12.14,91.21
2010.12.15,92.2
2010.12.16,91.71
2010.12.17,91.67
2010.12.20,92.74
2010.12.21,93.2
2010.12.22,93.65
2010.12.23,94.25
2010.12.24,93.77
2010.12.27,93.85
2010.12.28,94.38
2010.12.29,94.14
2010.12.30,93.09
2010.12.31,94.75
2011.1.3,94.84
2011.1.4,93.53
2011.1.5,95.5
2011.1.6,94.52
2011.1.7,93.33
2011.1.10,95.7
2011.1.11,97.61
2011.1.12,98.12
2011.1.13,98.06
2011.1.14,98.68
2011.1.17,97.43
2011.1.18,97.8
2011.1.19,98.16
2011.1.20,96.58
2011.1.21,97.6
2011.1.24,96.61
2011.1.25,95.25
2011.1.26,97.91
2011.1.27,97.39
2011.1.28,99.42
2011.1.31,101.01
2011.2.1,101.74
2011.2.2,102.34
2011.2.3,101.76
2011.2.4,99.83
2011.2.7,99.25
2011.2.8,99.92
2011.2.9,101.82
2011.2.10,100.87
2011.2.11,101.43
2011.2.14,103.08
2011.2.15,101.64
2011.2.16,103.78
2011.2.17,102.59
2011.2.18,102.52
2011.2.21,105.74
2011.2.22,105.78
2011.2.23,111.25
2011.2.24,111.36
2011.2.25,112.14
2011.2.28,111.8
2011.3.1,115.42
2011.3.2,116.35
2011.3.3,114.79
2011.3.4,115.97
2011.3.7,115.04
2011.3.8,113.06
2011.3.9,115.94
2011.3.10,115.43
2011.3.11,113.84
2011.3.14,113.67
2011.3.15,108.52
2011.3.16,110.62
2011.3.17,114.9
2011.3.18,113.93
2011.3.21,114.96
2011.3.22,115.7
2011.3.23,115.55
2011.3.24,115.72
2011.3.25,115.59
2011.3.28,114.8
2011.3.29,115.16
2011.3.30,115.13
2011.3.31,117.36
2011.4.1,118.7
2011.4.4,121.06
2011.4.5,122.22
2011.4.6,122.3
2011.4.7,122.67
2011.4.8,126.65
2011.4.11,123.98
2011.4.12,120.92
2011.4.13,122.88
2011.4.14,122.36
2011.4.15,123.45
2011.4.18,121.61
2011.4.19,121.33
2011.4.20,123.85
2011.4.21,123.99
2011.4.22,123.99
2011.4.25,123.66
2011.4.26,124.14
2011.4.27,125.13
2011.4.28,125.02
2011.4.29,125.89
2011.5.2,125.12
2011.5.3,122.45
2011.5.4,121.19
2011.5.5,110.8
2011.5.6,109.13
2011.5.9,115.9
2011.5.10,117.63
2011.5.11,112.57
2011.5.12,112.98
2011.5.13,113.83
2011.5.16,112.73
2011.5.17,109.99
2011.5.18,112.3
2011.5.19,111.42
2011.5.20,112.39
2011.5.23,110.1
2011.5.24,112.53
2011.5.25,114.93
2011.5.26,115.05
2011.5.27,115.03
2011.5.30,114.68
2011.5.31,116.73
2011.6.1,114.53
2011.6.2,115.54
2011.6.3,115.84
2011.6.6,114.48
2011.6.7,116.78
2011.6.8,117.85
2011.6.9,119.57
2011.6.10,118.78
2011.6.13,119.1
2011.6.14,120.16
2011.6.15,117.1
2011.6.16,114.02
2011.6.17,113.21
2011.6.20,111.69
2011.6.21,110.95
2011.6.22,114.21
2011.6.23,107.26
2011.6.24,105.12
2011.6.27,105.99
2011.6.28,108.78
2011.6.29,112.4
2011.6.30,112.48
2011.7.1,111.77
2011.7.4,111.39
2011.7.5,113.61
2011.7.6,113.62
2011.7.7,118.59
2011.7.8,118.33
2011.7.11,117.24
2011.7.12,117.75
2011.7.13,118.78
2011.7.14,118.32
2011.7.15,117.26
2011.7.18,116.05
2011.7.19,117.06
2011.7.20,118.15
2011.7.21,117.51
2011.7.22,118.67
2011.7.25,117.94
2011.7.26,118.28
2011.7.27,117.43
2011.7.28,117.36
2011.7.29,116.74
2011.8.1,116.81
2011.8.2,116.46
2011.8.3,113.23
2011.8.4,107.25
2011.8.5,109.37
2011.8.8,103.74
2011.8.9,102.57
2011.8.10,106.68
2011.8.11,108.02
2011.8.12,108.03
2011.8.15,109.91
2011.8.16,109.47
2011.8.17,110.6
2011.8.18,106.99
2011.8.19,108.62
2011.8.22,108.36
2011.8.23,109.31
2011.8.24,110.15
2011.8.25,110.62
2011.8.26,111.36
2011.8.29,111.88
2011.8.30,114.02
2011.8.31,114.85
2011.9.1,114.29
2011.9.2,112.33
2011.9.5,110.08
2011.9.6,112.89
2011.9.7,115.8
2011.9.8,114.55
2011.9.9,112.77
2011.9.12,112.25
2011.9.13,111.89
2011.9.14,112.4
2011.9.15,115.34
2011.9.16,112.22
2011.9.19,109.14
2011.9.20,110.54
2011.9.21,110.36
2011.9.22,105.49
2011.9.23,103.97
2011.9.26,103.94
2011.9.27,107.14
2011.9.28,103.81
2011.9.29,103.95
2011.9.30,102.76
2011.10.3,101.71
2011.10.4,99.79
2011.10.5,102.73
2011.10.6,105.73
2011.10.7,105.88
2011.10.10,108.95
2011.10.11,110.73
2011.10.12,111.36
2011.10.13,111.11
2011.10.14,114.68
2011.10.17,110.16
2011.10.18,111.15
2011.10.19,108.39
2011.10.20,109.76
2011.10.21,109.56
2011.10.24,111.45
2011.10.25,110.92
2011.10.26,108.91
2011.10.27,112.08
2011.10.28,109.91
2011.10.31,109.56
2011.11.1,109.54
2011.11.2,109.34
2011.11.3,110.83
2011.11.4,111.97
2011.11.7,114.56
2011.11.8,115
2011.11.9,112.31
2011.11.10,113.71
2011.11.11,114.16
2011.11.14,111.89
2011.11.15,112.39
2011.11.16,111.88
2011.11.17,108.22
2011.11.18,107.56
2011.11.21,106.88
2011.11.22,109.03
2011.11.23,107.02
2011.11.24,107.78
2011.11.25,106.4
2011.11.28,109
2011.11.29,110.82
2011.11.30,110.52
2011.12.1,108.99
2011.12.2,109.94
2011.12.5,109.81
2011.12.6,110.81
2011.12.7,109.53
2011.12.8,108.11
2011.12.9,108.62
2011.12.12,107.26
2011.12.13,109.5
2011.12.14,105.02
2011.12.15,105.09
2011.12.16,103.35
2011.12.19,103.64
2011.12.20,106.73
2011.12.21,107.71
2011.12.22,107.89
2011.12.23,107.96
2011.12.26,107.96
2011.12.27,109.27
2011.12.28,107.56
2011.12.29,108.01
2011.12.30,107.38
2012.1.2,107.38
2012.1.3,112.13
2012.1.4,113.7
2012.1.5,112.74
2012.1.6,113.06
2012.1.9,112.45
2012.1.10,113.28
2012.1.11,112.24
2012.1.12,111.26
2012.1.13,110.44
2012.1.16,111.2
2012.1.17,111.53
2012.1.18,110.66
2012.1.19,111.55
2012.1.20,109.86
2012.1.23,110.58
2012.1.24,110.03
2012.1.25,109.81
2012.1.26,110.79
2012.1.27,111.46
2012.1.30,110.75
2012.1.31,110.98
2012.2.1,111.56
2012.2.2,112.07
2012.2.3,114.58
2012.2.6,115.93
2012.2.7,116.23
2012.2.8,117.2
2012.2.9,118.59
2012.2.10,117.31
2012.2.13,117.93
2012.2.14,118.16
2012.2.15,118.93
2012.2.16,120.11
2012.2.17,119.58
2012.2.20,120.05
2012.2.21,121.66
2012.2.22,122.9
2012.2.23,123.62
2012.2.24,125.47
2012.2.27,124.17
2012.2.28,121.55
2012.2.29,122.66
2012.3.1,126.2
2012.3.2,123.65
2012.3.5,123.8
2012.3.6,121.98
2012.3.7,124.12
2012.3.8,125.44
2012.3.9,125.98
2012.3.12,125.34
2012.3.13,126.22
2012.3.14,124.97
2012.3.15,123.55
2012.3.16,125.81
2012.3.19,125.71
2012.3.20,124.12
2012.3.21,124.2
2012.3.22,123.14
2012.3.23,125.13
2012.3.26,125.65
2012.3.27,125.54
2012.3.28,124.16
2012.3.29,122.39
2012.3.30,122.88
2012.4.2,125.43
2012.4.3,124.86
2012.4.4,122.34
2012.4.5,123.43
2012.4.6,123.43
2012.4.9,122.67
2012.4.10,119.88
2012.4.11,120.18
2012.4.12,121.71
2012.4.13,121.83
2012.4.16,118.68
2012.4.17,118.78
2012.4.18,117.97
2012.4.19,118
2012.4.20,118.76
2012.4.23,118.71
2012.4.24,118.16
2012.4.25,119.12
2012.4.26,119.92
2012.4.27,119.83
2012.4.30,119.47
2012.5.1,119.66
2012.5.2,118.2
2012.5.3,116.08
2012.5.4,113.18
2012.5.7,113.16
2012.5.8,112.73
2012.5.9,113.2
2012.5.10,112.73
2012.5.11,112.26
2012.5.14,111.57
2012.5.15,112.24
2012.5.16,111.71
2012.5.17,107.49
2012.5.18,107.14
2012.5.21,108.81
2012.5.22,108.41
2012.5.23,105.56
2012.5.24,106.55
2012.5.25,106.83
2012.5.28,107.11
2012.5.29,106.68
2012.5.30,103.47
2012.5.31,101.87
2012.6.1,98.43
2012.6.4,98.85
2012.6.5,98.84
2012.6.6,100.64
2012.6.7,99.93
2012.6.8,99.47
2012.6.11,98
2012.6.12,97.14
2012.6.13,97.13
2012.6.14,97.03
2012.6.15,97.61
2012.6.18,96.05
2012.6.19,95.76
2012.6.20,92.69
2012.6.21,89.23
2012.6.22,90.98
2012.6.25,91.01
2012.6.26,93.02
2012.6.27,93.5
2012.6.28,91.36
2012.6.29,97.8
2012.7.2,97.34
2012.7.3,100.68
2012.7.4,99.77
2012.7.5,100.7
2012.7.6,98.19
2012.7.9,100.32
2012.7.10,97.97
2012.7.11,100.23
2012.7.12,101.07
2012.7.13,102.4
2012.7.16,103.55
2012.7.17,104
2012.7.18,105.16
2012.7.19,107.8
2012.7.20,106.83
2012.7.23,103.26
2012.7.24,103.42
2012.7.25,104.38
2012.7.26,105.26
2012.7.27,106.47
2012.7.30,106.2
2012.7.31,104.92
2012.8.1,105.96
2012.8.2,105.9
2012.8.3,108.94
2012.8.6,109.55
2012.8.7,112
2012.8.8,112.14
2012.8.9,113.22
2012.8.10,112.95
2012.8.13,113.6
2012.8.14,114.03
2012.8.15,116.25
2012.8.16,116.9
2012.8.17,113.71
2012.8.20,113.7
2012.8.21,114.64
2012.8.22,114.91
2012.8.23,115.01
2012.8.24,113.59
2012.8.27,112.26
2012.8.28,112.58
2012.8.29,112.54
2012.8.30,112.65
2012.8.31,114.57
2012.9.3,115.78
2012.9.4,114.18
2012.9.5,113.09
2012.9.6,113.49
2012.9.7,114.25
2012.9.10,114.81
2012.9.11,115.4
2012.9.12,115.96
2012.9.13,116.9
2012.9.14,116.66
2012.9.17,113.79
2012.9.18,112.03
2012.9.19,108.19
2012.9.20,110.03
2012.9.21,111.42
2012.9.24,109.81
2012.9.25,110.45
2012.9.26,110.04
2012.9.27,112.01
2012.9.28,112.39
2012.10.1,112.19
2012.10.2,111.57
2012.10.3,108.17
2012.10.4,112.58
2012.10.5,112.02
2012.10.8,111.82
2012.10.9,114.5
2012.10.10,114.33
2012.10.11,115.71
2012.10.12,114.62
2012.10.15,115.8
2012.10.16,115.07
2012.10.17,113.22
2012.10.18,112.42
2012.10.19,110.14
2012.10.22,109.44
2012.10.23,108.25
2012.10.24,107.85
2012.10.25,108.49
2012.10.26,109.55
2012.10.29,109.44
2012.10.30,109.08
2012.10.31,108.7
2012.11.1,108.17
2012.11.2,105.68
2012.11.5,107.73
2012.11.6,111.07
2012.11.7,106.82
2012.11.8,107.25
2012.11.9,109.4
2012.11.12,109.07
2012.11.13,108.26
2012.11.14,109.61
2012.11.15,110.98
2012.11.16,108.95
2012.11.19,111.7
2012.11.20,109.83
2012.11.21,110.86
2012.11.22,110.55
2012.11.23,111.38
2012.11.26,110.92
2012.11.27,109.87
2012.11.28,109.51
2012.11.29,110.76
2012.11.30,111.23
2012.12.3,110.92
2012.12.4,109.84
2012.12.5,108.81
2012.12.6,107.03
2012.12.7,107.02
2012.12.10,107.33
2012.12.11,108.01
2012.12.12,109.5
2012.12.13,107.91
2012.12.14,109.15
2012.12.17,107.64
2012.12.18,108.84
2012.12.19,110.36
2012.12.20,110.2
2012.12.21,108.97
2012.12.24,108.8
2012.12.25,108.8
2012.12.26,111.07
2012.12.27,110.8
2012.12.28,110.62
2012.12.31,111.11
2013.1.1,111.11
2013.1.2,112.47
2013.1.3,112.14
2013.1.4,111.31
2013.1.7,111.4
2013.1.8,111.94
2013.1.9,111.76
2013.1.10,111.89
2013.1.11,110.64
2013.1.14,111.88
2013.1.15,110.3
2013.1.16,110.61
2013.1.17,111.1
2013.1.18,111.89
2013.1.21,111.71
2013.1.22,112.42
2013.1.23,112.8
2013.1.24,113.28
2013.1.25,113.28
2013.1.28,113.48
2013.1.29,114.36
2013.1.30,114.9
2013.1.31,115.55
2013.2.1,116.76
2013.2.4,115.6
2013.2.5,116.52
2013.2.6,116.73
2013.2.7,117.24
2013.2.8,118.9
2013.2.11,118.13
2013.2.12,118.66
2013.2.13,118.72
2013.2.14,118
2013.2.15,117.66
2013.2.18,117.38
2013.2.19,117.52
2013.2.20,115.6
2013.2.21,113.53
2013.2.22,114.1
2013.2.25,114.44
2013.2.26,112.71
2013.2.27,111.87
2013.2.28,111.38
2013.3.1,110.4
2013.3.4,110.09
2013.3.5,111.61
2013.3.6,111.06
2013.3.7,111.15
2013.3.8,110.85
2013.3.11,110.22
2013.3.12,109.65
2013.3.13,108.52
2013.3.14,109.42
2013.3.15,109.82
2013.3.18,109.51
2013.3.19,107.45
2013.3.20,108.72
2013.3.21,107.47
2013.3.22,107.66
2013.3.25,108.17
2013.3.26,109.36
2013.3.27,109.69
2013.3.28,110.02
2013.3.29,110.02
2013.4.1,111.08
2013.4.2,110.69
2013.4.3,107.11
2013.4.4,106.34
2013.4.5,104.12
2013.4.8,104.66
2013.4.9,106.23
2013.4.10,105.79
2013.4.11,104.27
2013.4.12,103.11
2013.4.15,100.39
2013.4.16,99.91
2013.4.17,97.69
2013.4.18,99.13
2013.4.19,99.65
2013.4.22,100.39
2013.4.23,100.31
2013.4.24,101.73
2013.4.25,103.41
2013.4.26,103.16
2013.4.29,103.81
2013.4.30,102.37
2013.5.1,99.95
2013.5.2,102.85
2013.5.3,104.19
2013.5.6,105.46
2013.5.7,104.4
2013.5.8,104.34
2013.5.9,104.47
2013.5.10,103.91
2013.5.13,102.82
2013.5.14,102.6
2013.5.15,103.68
2013.5.16,103.8
2013.5.17,104.64
2013.5.20,104.8
2013.5.21,103.91
2013.5.22,102.6
2013.5.23,102.44
2013.5.24,102.64
2013.5.27,102.62
2013.5.28,104.23
2013.5.29,102.43
2013.5.30,102.19
2013.5.31,100.39
2013.6.3,102.06
2013.6.4,103.24
2013.6.5,103.04
2013.6.6,103.61
2013.6.7,104.56
2013.6.10,103.95
2013.6.11,102.96
2013.6.12,103.49
2013.6.13,104.25
2013.6.14,105.93
2013.6.17,105.47
2013.6.18,106.02
2013.6.19,106.12
2013.6.20,102.15
2013.6.21,100.91
2013.6.24,101.16
2013.6.25,101.26
2013.6.26,101.66
2013.6.27,102.82
2013.6.28,102.16
2013.7.1,103
2013.7.2,104
2013.7.3,105.76
2013.7.4,105.54
2013.7.5,107.72
2013.7.8,107.43
2013.7.9,107.81
2013.7.10,108.51
2013.7.11,107.73
2013.7.12,108.81
2013.7.15,109.09
2013.7.16,109.4
2013.7.17,108.61
2013.7.18,108.7
2013.7.19,108.07
2013.7.22,108.15
2013.7.23,108.42
2013.7.24,107.19
2013.7.25,107.65
2013.7.26,107.17
2013.7.29,107.45
2013.7.30,106.91
2013.7.31,107.7
2013.8.1,109.54
2013.8.2,108.95
2013.8.5,108.7
2013.8.6,108.18
2013.8.7,107.44
2013.8.8,106.68
2013.8.9,108.22
2013.8.12,108.97
2013.8.13,109.82
2013.8.14,110.2
2013.8.15,111.11
2013.8.16,110.4
2013.8.19,109.9
2013.8.20,110.15
2013.8.21,109.81
2013.8.22,109.9
2013.8.23,111.04
2013.8.26,110.73
2013.8.27,114.36
2013.8.28,116.61
2013.8.29,115.16
2013.8.30,114.01
2013.9.2,114.33
2013.9.3,115.68
2013.9.4,114.91
2013.9.5,115.26
2013.9.6,116.12
2013.9.9,113.72
2013.9.10,111.25
2013.9.11,111.5
2013.9.12,112.63
2013.9.13,112.78
2013.9.16,110.07
2013.9.17,108.19
2013.9.18,110.6
2013.9.19,108.76
2013.9.20,109.22
2013.9.23,108.16
2013.9.24,108.64
2013.9.25,108.32
2013.9.26,109.21
2013.9.27,108.63
2013.9.30,108.37
2013.10.1,107.94
2013.10.2,109.19
2013.10.3,109
2013.10.4,109.46
2013.10.7,109.68
2013.10.8,110.16
2013.10.9,109.06
2013.10.10,111.8
2013.10.11,111.28
2013.10.14,111.04
2013.10.15,109.96
2013.10.16,110.86
2013.10.17,109.11
2013.10.18,109.94
2013.10.21,109.64
2013.10.22,109.97
2013.10.23,107.8
2013.10.24,106.99
2013.10.25,106.93
2013.10.28,109.61
2013.10.29,109.01
2013.10.30,109.86
2013.10.31,108.84
2013.11.1,105.91
2013.11.4,106.23
2013.11.5,105.33
2013.11.6,105.24
2013.11.7,103.46
2013.11.8,105.12
2013.11.11,106.4
2013.11.12,105.81
2013.11.13,107.12
2013.11.14,108.54
2013.11.15,108.5
2013.11.18,108.47
2013.11.19,106.92
2013.11.20,108.06
2013.11.21,110.08
2013.11.22,111.05
2013.11.25,111
2013.11.26,110.88
2013.11.27,111.31
2013.11.28,110.86
2013.11.29,109.69
2013.12.2,111.45
2013.12.3,112.62
2013.12.4,111.88
2013.12.5,110.98
2013.12.6,111.61
2013.12.9,109.39
2013.12.10,109.38
2013.12.11,109.7
2013.12.12,108.67
2013.12.13,108.83
2013.12.16,110.47
2013.12.17,108.44
2013.12.18,109.63
2013.12.19,110.29
2013.12.20,111.77
2013.12.23,111.56
2013.12.24,111.9
2013.12.25,111.9
2013.12.26,111.98
2013.12.27,112.18
2013.12.30,111.21
2013.12.31,110.8
2014.1.1,110.8
2014.1.2,107.78
2014.1.3,106.89
2014.1.6,106.73
2014.1.7,107.35
2014.1.8,107.15
2014.1.9,106.39
2014.1.10,107.25
2014.1.13,106.75
2014.1.14,106.39
2014.1.15,107.13
2014.1.16,107.09
2014.1.17,106.48
2014.1.20,106.35
2014.1.21,106.73
2014.1.22,108.27
2014.1.23,107.58
2014.1.24,107.88
2014.1.27,106.69
2014.1.28,107.41
2014.1.29,107.85
2014.1.30,107.95
2014.1.31,106.4
2014.2.3,106.04
2014.2.4,105.78
2014.2.5,106.25
2014.2.6,107.19
2014.2.7,109.57
2014.2.10,108.63
2014.2.11,108.68
2014.2.12,108.79
2014.2.13,108.73
2014.2.14,109.08
2014.2.17,109.18
2014.2.18,110.46
2014.2.19,110.47
2014.2.20,110.3
2014.2.21,109.85
2014.2.24,110.64
2014.2.25,109.51
2014.2.26,109.52
2014.2.27,108.96
2014.2.28,109.07
2014.3.3,111.2
2014.3.4,109.3
2014.3.5,107.76
2014.3.6,108.1
2014.3.7,109
2014.3.10,108.08
2014.3.11,108.55
2014.3.12,108.02
2014.3.13,107.39
2014.3.14,108.57
2014.3.17,106.24
2014.3.18,106.79
2014.3.19,105.85
2014.3.20,106.45
2014.3.21,106.92
2014.3.24,106.81
2014.3.25,106.99
2014.3.26,107.03
2014.3.27,107.83
2014.3.28,108.07
2014.3.31,107.76
2014.4.1,105.62
2014.4.2,104.79
2014.4.3,106.15
2014.4.4,106.72
2014.4.7,105.82
2014.4.8,107.67
2014.4.9,107.98
2014.4.10,107.46
2014.4.11,107.33
2014.4.14,109.07
2014.4.15,108.74
2014.4.16,109.6
2014.4.17,109.53
2014.4.18,109.53
2014.4.21,109.95
2014.4.22,109.27
2014.4.23,109.11
2014.4.24,110.33
2014.4.25,109.58
2014.4.28,108.12
2014.4.29,108.98
2014.4.30,108.07
2014.5.1,107.76
2014.5.2,108.59
2014.5.5,107.72
2014.5.6,107.06
2014.5.7,108.13
2014.5.8,108.04
2014.5.9,107.89
2014.5.12,108.41
2014.5.13,109.24
2014.5.14,110.19
2014.5.15,110.44
2014.5.16,109.75
2014.5.19,109.37
2014.5.20,109.69
2014.5.21,110.55
2014.5.22,110.36
2014.5.23,110.54
2014.5.26,110.32
2014.5.27,110.02
2014.5.28,109.81
2014.5.29,109.97
2014.5.30,109.41
2014.6.2,108.83
2014.6.3,108.82
2014.6.4,108.4
2014.6.5,108.79
2014.6.6,108.61
2014.6.9,109.99
2014.6.10,109.52
2014.6.11,109.95
2014.6.12,113.02
2014.6.13,113.41
2014.6.16,112.94
2014.6.17,113.45
2014.6.18,114.26
2014.6.19,115.06
2014.6.20,114.81
2014.6.23,114.12
2014.6.24,114.46
2014.6.25,114
2014.6.26,113.21
2014.6.27,113.3
2014.6.30,112.36
2014.7.1,112.29
2014.7.2,111.24
2014.7.3,111
2014.7.4,110.64
2014.7.7,110.24
2014.7.8,108.94
2014.7.9,108.28
2014.7.10,108.67
2014.7.11,106.66
2014.7.14,106.98
2014.7.15,106.02
2014.7.16,105.85
2014.7.17,107.89
2014.7.18,107.24
2014.7.21,107.68
2014.7.22,107.33
2014.7.23,108.03
2014.7.24,107.07
2014.7.25,108.39
2014.7.28,107.57
2014.7.29,107.72
2014.7.30,106.51
2014.7.31,106.02
2014.8.1,104.84
2014.8.4,105.41
2014.8.5,104.61
2014.8.6,104.59
2014.8.7,105.44
2014.8.8,105.02
2014.8.11,104.68
2014.8.12,103.02
2014.8.13,104.28
2014.8.14,102.01
2014.8.15,103.53
2014.8.18,101.6
2014.8.19,101.56
2014.8.20,102.28
2014.8.21,102.63
2014.8.22,102.29
2014.8.25,102.65
2014.8.26,102.5
2014.8.27,102.72
2014.8.28,102.46
2014.8.29,103.19
2014.9.1,102.79
2014.9.2,100.34
2014.9.3,102.77
2014.9.4,101.83
2014.9.5,100.82
2014.9.8,100.2
2014.9.9,99.16
2014.9.10,98.04
2014.9.11,98.08
2014.9.12,97.11
2014.9.15,96.65
2014.9.16,99.05
2014.9.17,98.97
2014.9.18,97.7
2014.9.19,98.39
2014.9.22,96.97
2014.9.23,96.85
2014.9.24,96.95
2014.9.25,97
2014.9.26,97
2014.9.29,97.2
2014.9.30,94.67
2014.10.1,94.16
2014.10.2,93.42
2014.10.3,92.31
2014.10.6,92.79
2014.10.7,92.11
2014.10.8,91.38
2014.10.9,90.05
2014.10.10,90.21
2014.10.13,88.89
2014.10.14,85.04
2014.10.15,83.78
2014.10.16,84.47
2014.10.17,86.16
2014.10.20,85.4
2014.10.21,86.22
2014.10.22,84.71
2014.10.23,86.83
2014.10.24,86.13
2014.10.27,85.83
2014.10.28,86.03
2014.10.29,87.12
2014.10.30,86.24
2014.10.31,85.86
2014.11.3,84.78
2014.11.4,82.82
2014.11.5,82.95
2014.11.6,82.86
2014.11.7,83.39
2014.11.10,82.34
2014.11.11,81.67
2014.11.12,80.38
2014.11.13,77.92
2014.11.14,79.41
2014.11.17,79.31
2014.11.18,78.47
2014.11.19,78.1
2014.11.20,79.33
2014.11.21,80.36
2014.11.24,79.68
2014.11.25,78.33
2014.11.26,77.75
2014.11.27,72.58
2014.11.28,70.15
2014.12.1,72.54
2014.12.2,70.54
2014.12.3,69.92
2014.12.4,69.64
2014.12.5,69.07
2014.12.8,66.19
2014.12.9,66.84
2014.12.10,64.24
2014.12.11,63.68
2014.12.12,61.85
2014.12.15,61.06
2014.12.16,59.86
2014.12.17,61.18
2014.12.18,59.27
2014.12.19,61.38
2014.12.22,60.11
2014.12.23,61.69
2014.12.24,60.24
2014.12.25,60.24
2014.12.26,59.45
2014.12.29,57.88
2014.12.30,57.9
2014.12.31,57.33
2015.1.1,57.33
2015.1.2,56.42
2015.1.5,53.11
2015.1.6,51.1
2015.1.7,51.15
2015.1.8,50.96
2015.1.9,50.11
2015.1.12,47.43
2015.1.13,46.59
2015.1.14,48.69
2015.1.15,47.67
2015.1.16,50.17
2015.1.19,48.84
2015.1.20,47.99
2015.1.21,49.03
2015.1.22,48.52
2015.1.23,48.79
2015.1.26,48.16
2015.1.27,49.6
2015.1.28,48.47
2015.1.29,49.13
2015.1.30,52.99
2015.2.2,54.75
2015.2.3,57.91
2015.2.4,54.16
2015.2.5,56.57
2015.2.6,57.8
2015.2.9,58.34
2015.2.10,56.43
2015.2.11,54.66
2015.2.12,57.05
2015.2.13,61.52
2015.2.16,61.4
2015.2.17,62.53
2015.2.18,60.53
2015.2.19,60.21
2015.2.20,60.22
2015.2.23,58.9
2015.2.24,58.66
2015.2.25,61.63
2015.2.26,60.05
2015.2.27,62.58
2015.3.2,59.54
2015.3.3,61.02
2015.3.4,60.55
2015.3.5,60.48
2015.3.6,59.73
2015.3.9,58.53
2015.3.10,56.39
2015.3.11,57.54
2015.3.12,57.08
2015.3.13,54.67
2015.3.16,53.44
2015.3.17,53.51
2015.3.18,55.91
2015.3.19,54.43
2015.3.20,55.32
2015.3.23,55.92
2015.3.24,55.11
2015.3.25,56.48
2015.3.26,59.19
2015.3.27,56.41
2015.3.30,56.29
2015.3.31,55.11
2015.4.1,57.1
2015.4.2,54.95
2015.4.3,54.95
2015.4.6,58.12
2015.4.7,59.1
2015.4.8,55.55
2015.4.9,56.57
2015.4.10,57.87
2015.4.13,57.93
2015.4.14,58.43
2015.4.15,60.32
2015.4.16,63.98
2015.4.17,63.45
2015.4.20,63.45
2015.4.21,62.08
2015.4.22,62.73
2015.4.23,64.85
2015.4.24,65.28
2015.4.27,64.83
2015.4.28,64.64
2015.4.29,65.84
2015.4.30,66.78
2015.5.1,66.46
2015.5.4,66.45
2015.5.5,67.52
2015.5.6,67.77
2015.5.7,65.54
2015.5.8,65.39
2015.5.11,64.91
2015.5.12,66.86
2015.5.13,66.81
2015.5.14,66.59
2015.5.15,66.81
2015.5.18,66.27
2015.5.19,64.02
2015.5.20,65.03
2015.5.21,66.54
2015.5.22,65.37
2015.5.25,65.52
2015.5.26,63.72
2015.5.27,62.06
2015.5.28,62.58
2015.5.29,65.56
2015.6.1,64.88
2015.6.2,65.49
2015.6.3,63.8
2015.6.4,62.03
2015.6.5,63.31
2015.6.8,62.69
2015.6.9,64.88
2015.6.10,65.7
2015.6.11,65.11
2015.6.12,63.87
2015.6.15,62.61
2015.6.16,63.7
2015.6.17,63.87
2015.6.18,64.26
2015.6.19,63.02
2015.6.22,63.34
2015.6.23,64.45
2015.6.24,63.49
2015.6.25,63.2
2015.6.26,63.26
2015.6.29,62.01
2015.6.30,63.59
2015.7.1,62.01
2015.7.2,62.07
2015.7.3,60.32
2015.7.6,56.54
2015.7.7,56.85
2015.7.8,57.05
2015.7.9,58.61
2015.7.10,58.73
2015.7.13,57.85
2015.7.14,58.51
2015.7.15,57.05
2015.7.16,57.51
2015.7.17,57.1
2015.7.20,56.65
2015.7.21,57.04
2015.7.22,56.13
2015.7.23,55.27
2015.7.24,54.62
2015.7.27,53.47
2015.7.28,53.3
2015.7.29,53.38
2015.7.30,53.31
2015.7.31,52.21
2015.8.3,49.52
2015.8.4,49.99
2015.8.5,49.59
2015.8.6,49.52
2015.8.7,48.61
2015.8.10,50.41
2015.8.11,49.18
2015.8.12,49.66
2015.8.13,49.22
2015.8.14,49.03
2015.8.17,48.74
2015.8.18,48.81
2015.8.19,47.16
2015.8.20,46.62
2015.8.21,45.46
2015.8.24,42.69
2015.8.25,43.21
2015.8.26,43.14
2015.8.27,47.56
2015.8.28,50.05
2015.8.31,54.15
2015.9.1,49.56
2015.9.2,50.5
2015.9.3,50.68
2015.9.4,49.61
2015.9.7,47.63
2015.9.8,49.52
2015.9.9,47.58
2015.9.10,48.89
2015.9.11,48.14
2015.9.14,46.37
2015.9.15,46.63
2015.9.16,49.75
2015.9.17,49.08
2015.9.18,47.47
2015.9.21,48.92
2015.9.22,49.08
2015.9.23,47.75
2015.9.24,48.17
2015.9.25,48.6
2015.9.28,47.34
2015.9.29,48.23
2015.9.30,48.37
2015.10.1,47.69
2015.10.2,48.13
2015.10.5,49.25
2015.10.6,51.92
2015.10.7,51.33
2015.10.8,53.05
2015.10.9,52.65
2015.10.12,49.86
2015.10.13,49.24
2015.10.14,49.15
2015.10.15,48.71
2015.10.16,50.46
2015.10.19,48.61
2015.10.20,48.71
2015.10.21,47.85
2015.10.22,48.08
2015.10.23,47.99
2015.10.26,47.54
2015.10.27,46.81
2015.10.28,49.05
2015.10.29,48.8
2015.10.30,49.56
2015.11.2,48.79
2015.11.3,50.54
2015.11.4,48.58
2015.11.5,47.98
2015.11.6,47.42
2015.11.9,47.19
2015.11.10,47.44
2015.11.11,45.81
2015.11.12,44.06
2015.11.13,43.61
2015.11.16,44.56
2015.11.17,43.57
2015.11.18,44.14
2015.11.19,44.18
2015.11.20,44.66
2015.11.23,44.83
2015.11.24,46.12
2015.11.25,46.17
2015.11.26,45.46
2015.11.27,44.86
2015.11.30,44.61
2015.12.1,44.44
2015.12.2,42.49
2015.12.3,43.84
2015.12.4,43
2015.12.7,40.73
2015.12.8,40.26
2015.12.9,40.11
2015.12.10,39.73
2015.12.11,37.93
2015.12.14,37.92
2015.12.15,38.45
2015.12.16,37.19
2015.12.17,37.06
2015.12.18,36.88
2015.12.21,36.35
2015.12.22,36.11
2015.12.23,37.36
2015.12.24,37.89
2015.12.25,37.89
2015.12.28,36.62
2015.12.29,37.79
2015.12.30,36.46
2015.12.31,37.28
2016.1.1,37.28
2016.1.4,37.22
2016.1.5,36.42
2016.1.6,34.23
2016.1.7,33.75
2016.1.8,33.55
2016.1.11,31.55
2016.1.12,30.86
2016.1.13,30.31
2016.1.14,31.03
2016.1.15,28.94
2016.1.18,28.55
2016.1.19,28.76
2016.1.20,27.88
2016.1.21,29.25
2016.1.22,32.18
2016.1.25,30.5
2016.1.26,31.8
2016.1.27,33.1
2016.1.28,33.89
2016.1.29,34.74
2016.2.1,34.24
2016.2.2,32.72
2016.2.3,35.04
2016.2.4,34.46
2016.2.5,34.06
2016.2.8,32.88
2016.2.9,30.32
2016.2.10,30.84
2016.2.11,30.06
2016.2.12,33.36
2016.2.15,33.39
2016.2.16,32.18
2016.2.17,34.5
2016.2.18,34.28
2016.2.19,33.01
2016.2.22,34.69
2016.2.23,33.27
2016.2.24,34.41
2016.2.25,35.29
2016.2.26,35.1
2016.2.29,35.97
2016.3.1,36.81
2016.3.2,36.93
2016.3.3,37.07
2016.3.4,38.72
2016.3.7,40.84
2016.3.8,39.65
2016.3.9,41.07
2016.3.10,40.05
2016.3.11,40.39
2016.3.14,39.53
2016.3.15,38.74
2016.3.16,40.33
2016.3.17,41.54
2016.3.18,41.2
2016.3.21,41.54
2016.3.22,41.79
2016.3.23,40.47
2016.3.24,40.44
2016.3.25,40.44
2016.3.28,40.27
2016.3.29,39.14
2016.3.30,39.26
2016.3.31,39.6
2016.4.1,38.67
2016.4.4,37.69
2016.4.5,37.87
2016.4.6,39.84
2016.4.7,39.43
2016.4.8,41.94
2016.4.11,42.83
2016.4.12,44.69
2016.4.13,44.18
2016.4.14,43.84
2016.4.15,43.1
2016.4.18,42.91
2016.4.19,44.03
2016.4.20,45.8
2016.4.21,44.53
2016.4.22,45.11
2016.4.25,44.48
2016.4.26,45.74
2016.4.27,47.18
2016.4.28,48.14
2016.4.29,48.13
2016.5.2,45.83
2016.5.3,44.97
2016.5.4,44.62
2016.5.5,45.01
2016.5.6,45.37
2016.5.9,43.63
2016.5.10,45.52
2016.5.11,47.6
2016.5.12,48.08
2016.5.13,47.83
2016.5.16,48.97
2016.5.17,49.28
2016.5.18,48.93
2016.5.19,48.81
2016.5.20,48.72
2016.5.23,48.35
2016.5.24,48.61
2016.5.25,49.74
2016.5.26,49.59
2016.5.27,49.32
2016.5.30,49.76
2016.5.31,49.69
2016.6.1,49.72
2016.6.2,50.04
2016.6.3,49.64
2016.6.6,50.55
2016.6.7,51.44
2016.6.8,52.51
2016.6.9,51.95
2016.6.10,50.54
2016.6.13,50.35
2016.6.14,49.83
2016.6.15,48.97
2016.6.16,47.19
2016.6.17,49.17
2016.6.20,50.65
2016.6.21,50.62
2016.6.22,49.88
2016.6.23,50.91
2016.6.24,48.41
2016.6.27,47.16
2016.6.28,48.58
2016.6.29,50.61
2016.6.30,49.68
2016.7.1,50.35
2016.7.4,50.1
2016.7.5,47.96
2016.7.6,48.8
2016.7.7,46.4
2016.7.8,46.76
2016.7.11,46.25
2016.7.12,48.47
2016.7.13,46.26
2016.7.14,47.37
2016.7.15,47.61
2016.7.18,46.96
2016.7.19,46.66
2016.7.20,47.17
2016.7.21,46.2
2016.7.22,45.69
2016.7.25,44.72
2016.7.26,44.87
2016.7.27,43.47
2016.7.28,42.7
2016.7.29,42.46
2016.8.1,42.14
2016.8.2,41.8
2016.8.3,43.1
2016.8.4,44.29
2016.8.5,44.27
2016.8.8,45.39
2016.8.9,44.98
2016.8.10,44.05
2016.8.11,46.04
2016.8.12,46.97
2016.8.15,48.35
2016.8.16,49.23
2016.8.17,49.85
2016.8.18,50.89
2016.8.19,50.88
2016.8.22,49.16
2016.8.23,49.96
2016.8.24,49.05
2016.8.25,49.67
2016.8.26,49.92
2016.8.29,49.26
2016.8.30,48.37
2016.8.31,47.04
2016.9.1,45.45
2016.9.2,46.83
2016.9.5,47.63
2016.9.6,47.26
2016.9.7,47.98
2016.9.8,49.99
2016.9.9,48.01
2016.9.12,48.32
2016.9.13,47.1
2016.9.14,45.85
2016.9.15,46.59
2016.9.16,45.77
2016.9.19,45.95
2016.9.20,45.88
2016.9.21,46.83
2016.9.22,47.65
2016.9.23,45.89
2016.9.26,47.35
2016.9.27,45.97
2016.9.28,48.69
2016.9.29,49.24
2016.9.30,49.06
2016.10.3,50.89
2016.10.4,50.87
2016.10.5,51.86
2016.10.6,52.51
2016.10.7,51.93
2016.10.10,53.14
2016.10.11,52.41
2016.10.12,51.81
2016.10.13,52.03
2016.10.14,51.95
2016.10.17,51.52
2016.10.18,51.68
2016.10.19,52.67
2016.10.20,51.38
2016.10.21,51.78
2016.10.24,51.46
2016.10.25,50.79
2016.10.26,49.98
2016.10.27,50.47
2016.10.28,49.71
2016.10.31,48.3
2016.11.1,48.14
2016.11.2,46.86
2016.11.3,46.35
2016.11.4,45.58
2016.11.7,46.15
2016.11.8,46.04
2016.11.9,46.36
2016.11.10,45.84
2016.11.11,44.75
2016.11.14,44.43
2016.11.15,46.95
2016.11.16,46.63
2016.11.17,46.49
2016.11.18,46.86
2016.11.21,48.9
2016.11.22,49.12
2016.11.23,48.95
2016.11.24,49
2016.11.25,47.24
2016.11.28,48.24
2016.11.29,46.38
2016.11.30,50.47
2016.12.1,53.94
2016.12.2,54.46
2016.12.5,54.94
2016.12.6,53.93
2016.12.7,53
2016.12.8,53.89
2016.12.9,54.33
2016.12.12,55.69
2016.12.13,55.72
2016.12.14,53.9
2016.12.15,54.02
2016.12.16,55.21
2016.12.19,54.92
2016.12.20,55.35
2016.12.21,54.46
2016.12.22,55.05
2016.12.23,55.16
2016.12.26,55.16
2016.12.27,56.09
2016.12.28,56.22
2016.12.29,56.14
2016.12.30,56.82
2017.1.2,56.82
2017.1.3,55.47
2017.1.4,56.46
2017.1.5,56.89
2017.1.6,57.1
2017.1.9,54.94
2017.1.10,53.64
2017.1.11,55.1
2017.1.12,56.01
2017.1.13,55.45
2017.1.16,55.86
2017.1.17,55.47
2017.1.18,53.92
2017.1.19,54.16
2017.1.20,55.49
2017.1.23,55.23
2017.1.24,55.44
2017.1.25,55.08
2017.1.26,56.24
2017.1.27,55.52
2017.1.30,55.23
2017.1.31,55.7
2017.2.1,56.8
2017.2.2,56.56
2017.2.3,56.81
2017.2.6,55.72
2017.2.7,55.05
2017.2.8,55.12
2017.2.9,55.63
2017.2.10,56.7
2017.2.13,55.59
2017.2.14,55.97
2017.2.15,55.75
2017.2.16,55.65
2017.2.17,55.81
2017.2.20,56.18
2017.2.21,56.66
2017.2.22,55.84
2017.2.23,56.58
2017.2.24,55.99
2017.2.27,55.93
2017.2.28,55.59
2017.3.1,56.36
2017.3.2,55.08
2017.3.3,55.9
2017.3.6,56.01
2017.3.7,55.92
2017.3.8,53.11
2017.3.9,52.19
2017.3.10,51.37
2017.3.13,51.35
2017.3.14,50.92
2017.3.15,51.81
2017.3.16,51.74
2017.3.17,51.76
2017.3.20,51.62
2017.3.21,50.96
2017.3.22,50.64
2017.3.23,50.56
2017.3.24,50.8
2017.3.27,50.75
2017.3.28,51.33
2017.3.29,52.42
2017.3.30,52.96
2017.3.31,52.83
2017.4.3,53.12
2017.4.4,54.17
2017.4.5,54.36
2017.4.6,54.89
2017.4.7,55.24
2017.4.10,55.98
2017.4.11,56.23
2017.4.12,55.86
2017.4.13,55.89
2017.4.14,55.89
2017.4.17,55.36
2017.4.18,54.89
2017.4.19,52.93
2017.4.20,52.99
2017.4.21,51.96
2017.4.24,51.6
2017.4.25,52.1
2017.4.26,51.82
2017.4.27,51.44
2017.4.28,51.73
2017.5.1,51.52
2017.5.2,50.46
2017.5.3,50.79
2017.5.4,48.38
2017.5.5,49.1
2017.5.8,49.34
2017.5.9,48.73
2017.5.10,50.22
2017.5.11,50.77
2017.5.12,50.84
2017.5.15,51.82
2017.5.16,51.65
2017.5.17,52.21
2017.5.18,52.51
2017.5.19,53.61
2017.5.22,53.87
2017.5.23,54.15
2017.5.24,53.96
2017.5.25,51.46
2017.5.26,52.15
2017.5.29,52.29
2017.5.30,51.84
2017.5.31,50.31
2017.6.1,50.63
2017.6.2,49.95
2017.6.5,49.47
2017.6.6,50.12
2017.6.7,48.06
2017.6.8,47.86
2017.6.9,48.15
2017.6.12,48.29
2017.6.13,48.72
2017.6.14,47
2017.6.15,46.92
2017.6.16,47.37
2017.6.19,46.91
2017.6.20,46.02
2017.6.21,44.82
2017.6.22,45.22
2017.6.23,45.54
2017.6.26,45.83
2017.6.27,46.65
2017.6.28,47.31
2017.6.29,47.42
2017.6.30,47.92
2017.7.3,49.68
2017.7.4,49.61
2017.7.5,47.79
2017.7.6,48.11
2017.7.7,46.71
2017.7.10,46.88
2017.7.11,47.52
2017.7.12,47.74
2017.7.13,48.42
2017.7.14,48.91
2017.7.17,48.42
2017.7.18,48.84
2017.7.19,49.7
2017.7.20,49.3
2017.7.21,48.06
2017.7.24,48.6
2017.7.25,50.2
2017.7.26,50.97
2017.7.27,51.49
2017.7.28,52.52
2017.7.31,52.65
2017.8.1,51.78
2017.8.2,52.36
2017.8.3,52.01
2017.8.4,52.42
2017.8.7,52.37
2017.8.8,52.14
2017.8.9,52.7
2017.8.10,51.9
2017.8.11,52.1
2017.8.14,50.73
2017.8.15,50.8
2017.8.16,50.27
2017.8.17,51.03
2017.8.18,52.72
2017.8.21,51.66
2017.8.22,51.87
2017.8.23,52.57
2017.8.24,52.04
2017.8.25,52.41
2017.8.28,51.89
2017.8.29,52
2017.8.30,50.86
2017.8.31,52.38
2017.9.1,52.75
2017.9.4,52.34
2017.9.5,53.38
2017.9.6,54.2
2017.9.7,54.49
2017.9.8,53.78
2017.9.11,53.84
2017.9.12,54.27
2017.9.13,55.16
2017.9.14,55.47
2017.9.15,55.62
2017.9.18,55.48
2017.9.19,55.14
2017.9.20,56.29
2017.9.21,56.43
2017.9.22,56.86
2017.9.25,59.02
2017.9.26,58.44
2017.9.27,57.9
2017.9.28,57.41
2017.9.29,57.54
2017.10.2,56.12
2017.10.3,56
2017.10.4,55.8
2017.10.5,57
2017.10.6,55.62
2017.10.9,55.79
2017.10.10,56.61
2017.10.11,56.94
2017.10.12,56.25
2017.10.13,57.17
2017.10.16,57.82
2017.10.17,57.88
2017.10.18,58.15
2017.10.19,57.23
2017.10.20,57.75
2017.10.23,57.37
2017.10.24,58.33
2017.10.25,58.44
2017.10.26,59.3
2017.10.27,60.44
2017.10.30,60.9
2017.10.31,61.37
2017.11.1,60.49
2017.11.2,60.62
2017.11.3,62.07
2017.11.6,64.27
2017.11.7,63.69
2017.11.8,63.49
2017.11.9,63.93
2017.11.10,63.52
2017.11.13,63.16
2017.11.14,62.21
2017.11.15,61.87
2017.11.16,61.36
2017.11.17,62.72
2017.11.20,62.22
2017.11.21,62.57
2017.11.22,63.32
2017.11.23,63.55
2017.11.24,63.86
2017.11.27,63.84
2017.11.28,63.61
2017.11.29,63.11
2017.11.30,63.57
2017.12.1,63.73
2017.12.4,62.45
2017.12.5,62.86
2017.12.6,61.22
2017.12.7,62.2
2017.12.8,63.4
2017.12.11,64.69
2017.12.12,63.34
2017.12.13,62.44
2017.12.14,63.31
2017.12.15,63.23
2017.12.18,63.41
2017.12.19,63.8
2017.12.20,64.56
2017.12.21,64.9
2017.12.22,65.25
2017.12.25,65.25
2017.12.26,67.02
2017.12.27,66.44
2017.12.28,66.72
2017.12.29,66.87
2018.1.1,66.87
2018.1.2,66.57
2018.1.3,67.84
2018.1.4,68.07
2018.1.5,67.62
2018.1.8,67.78
2018.1.9,68.82
2018.1.10,69.2
2018.1.11,69.26
2018.1.12,69.87
2018.1.15,70.26
2018.1.16,69.15
2018.1.17,69.38
2018.1.18,69.31
2018.1.19,68.61
2018.1.22,69.03
2018.1.23,69.96
2018.1.24,70.53
2018.1.25,70.42
2018.1.26,70.52
2018.1.29,69.46
2018.1.30,69.02
2018.1.31,69.05
2018.2.1,69.65
2018.2.2,68.58
2018.2.5,67.62
2018.2.6,66.86
2018.2.7,65.51
2018.2.8,64.81
2018.2.9,62.79
2018.2.12,62.59
2018.2.13,62.72
2018.2.14,64.36
2018.2.15,64.33
2018.2.16,64.84
2018.2.19,65.67
2018.2.20,65.25
2018.2.21,65.42
2018.2.22,66.39
2018.2.23,67.31
2018.2.26,67.5
2018.2.27,66.63
2018.2.28,65.78
2018.3.1,63.83
2018.3.2,64.37
2018.3.5,65.54
2018.3.6,65.79
2018.3.7,64.34
2018.3.8,63.61
2018.3.9,65.49
2018.3.12,64.95
2018.3.13,64.64
2018.3.14,64.89
2018.3.15,65.12
2018.3.16,66.21
2018.3.19,66.05
2018.3.20,67.42
2018.3.21,69.47
2018.3.22,68.91
2018.3.23,70.45
2018.3.26,70.12
2018.3.27,70.11
2018.3.28,69.53
2018.3.29,70.27
2018.3.30,70.27
2018.4.2,67.64
2018.4.3,68.12
2018.4.4,68.02
2018.4.5,68.33
2018.4.6,67.11
2018.4.9,68.65
2018.4.10,71.04
2018.4.11,72.06
2018.4.12,72.02
2018.4.13,72.58
2018.4.16,71.42
2018.4.17,71.58
2018.4.18,73.48
2018.4.19,73.78
2018.4.20,74.06
2018.4.23,74.71
2018.4.24,73.86
2018.4.25,74
2018.4.26,74.74
2018.4.27,74.64
2018.4.30,75.17
2018.5.1,73.13
2018.5.2,73.36
2018.5.3,73.62
2018.5.4,74.87
2018.5.7,76.17
2018.5.8,74.85
2018.5.9,77.21
2018.5.10,77.47
2018.5.11,77.12
2018.5.14,78.23
2018.5.15,78.43
2018.5.16,79.28
2018.5.17,79.3
2018.5.18,78.51
2018.5.21,79.22
2018.5.22,79.57
2018.5.23,79.8
2018.5.24,78.79
2018.5.25,76.44
2018.5.28,75.3
2018.5.29,75.39
2018.5.30,77.5
2018.5.31,77.59
2018.6.1,76.79
2018.6.4,75.29
2018.6.5,75.38
2018.6.6,75.36
2018.6.7,77.32
2018.6.8,76.46
2018.6.11,76.46
2018.6.12,75.88
2018.6.13,76.74
2018.6.14,75.94
2018.6.15,73.44
2018.6.18,75.34
2018.6.19,75.08
2018.6.20,74.74
2018.6.21,73.05
2018.6.22,75.55
2018.6.25,74.73
2018.6.26,76.31
2018.6.27,77.62
2018.6.28,77.85
2018.6.29,79.44
2018.7.2,77.3
2018.7.3,77.76
2018.7.4,78.24
2018.7.5,77.39
2018.7.6,77.11
2018.7.9,78.07
2018.7.10,78.86
2018.7.11,73.4
2018.7.12,74.45
2018.7.13,75.33
2018.7.16,71.84
2018.7.17,72.16
2018.7.18,72.9
2018.7.19,72.58
2018.7.20,73.07
2018.7.23,73.06
2018.7.24,73.44
2018.7.25,73.93
2018.7.26,74.54
2018.7.27,74.29
2018.7.30,74.97
2018.7.31,74.25
2018.8.1,72.39
2018.8.2,73.45
2018.8.3,73.21
2018.8.6,73.75
2018.8.7,74.65
2018.8.8,72.28
2018.8.9,72.07
2018.8.10,72.81
2018.8.13,72.61
2018.8.14,72.46
2018.8.15,70.76
2018.8.16,71.43
2018.8.17,71.83
2018.8.20,72.21
2018.8.21,72.63
2018.8.22,74.78
2018.8.23,74.73
2018.8.24,75.82
2018.8.27,76.21
2018.8.28,75.95
2018.8.29,77.14
2018.8.30,77.77
2018.8.31,77.42
2018.9.3,78.15
2018.9.4,78.17
2018.9.5,77.27
2018.9.6,76.5
2018.9.7,76.83
2018.9.10,77.37
2018.9.11,79.06
2018.9.12,79.74
2018.9.13,78.18
2018.9.14,78.09
2018.9.17,78.05
2018.9.18,79.03
2018.9.19,79.4
2018.9.20,78.7
2018.9.21,78.8
2018.9.24,81.2
2018.9.25,81.87
2018.9.26,81.34
2018.9.27,81.72
2018.9.28,82.72
2018.10.1,84.98
2018.10.2,84.8
2018.10.3,86.29
2018.10.4,84.58
2018.10.5,84.16
2018.10.8,83.91
2018.10.9,85
2018.10.10,83.09
2018.10.11,80.26
2018.10.12,80.43
2018.10.15,80.78
2018.10.16,81.41
2018.10.17,80.05
2018.10.18,79.29
2018.10.19,79.78
2018.10.22,79.83
2018.10.23,76.44
2018.10.24,76.17
2018.10.25,76.89
2018.10.26,77.62
2018.10.29,77.34
2018.10.30,75.91
2018.10.31,75.47
2018.11.1,72.89
2018.11.2,72.83
2018.11.5,73.17
2018.11.6,72.13
2018.11.7,72.07
2018.11.8,70.65
2018.11.9,70.18
2018.11.12,70.12
2018.11.13,65.47
2018.11.14,66.12
2018.11.15,66.62
2018.11.16,66.76
2018.11.19,66.79
2018.11.20,62.53
2018.11.21,63.48
2018.11.22,62.6
2018.11.23,58.8
2018.11.26,60.48
2018.11.27,60.21
2018.11.28,58.76
2018.11.29,59.51
2018.11.30,58.71
2018.12.3,61.69
2018.12.4,62.08
2018.12.5,61.56
2018.12.6,60.06
2018.12.7,61.67
2018.12.10,59.97
2018.12.11,60.2
2018.12.12,60.15
2018.12.13,61.45
2018.12.14,60.28
2018.12.17,59.61
2018.12.18,56.26
2018.12.19,57.24
2018.12.20,54.35
2018.12.21,53.82
2018.12.24,50.47
2018.12.25,50.47
2018.12.26,54.47
2018.12.27,52.16
2018.12.28,52.2
2018.12.31,53.8
2019.1.1,53.8
2019.1.2,54.91
2019.1.3,55.95
2019.1.4,57.06
2019.1.7,57.33
2019.1.8,58.72
2019.1.9,61.44
2019.1.10,61.68
2019.1.11,60.48
2019.1.14,58.99
2019.1.15,60.64
2019.1.16,61.32
2019.1.17,61.18
2019.1.18,62.7
2019.1.21,62.74
2019.1.22,61.5
2019.1.23,61.14
2019.1.24,61.09
2019.1.25,61.64
2019.1.28,59.93
2019.1.29,61.32
2019.1.30,61.65
2019.1.31,61.89
2019.2.1,62.75
2019.2.4,62.51
2019.2.5,61.98
2019.2.6,62.69
2019.2.7,61.63
2019.2.8,62.1
2019.2.11,61.51
2019.2.12,62.42
2019.2.13,63.61
2019.2.14,64.57
2019.2.15,66.25
2019.2.18,66.5
2019.2.19,66.45
2019.2.20,67.08
2019.2.21,67.07
2019.2.22,67.12
2019.2.25,64.76
2019.2.26,65.21
2019.2.27,66.39
2019.2.28,66.03
2019.3.1,65.07
2019.3.4,65.67
2019.3.5,65.86
2019.3.6,65.99
2019.3.7,66.3
2019.3.8,65.74
2019.3.11,66.58
2019.3.12,66.67
2019.3.13,67.55
2019.3.14,67.23
2019.3.15,67.16
2019.3.18,67.54
2019.3.19,67.61
2019.3.20,68.5
2019.3.21,67.86
2019.3.22,67.03
2019.3.25,67.21
2019.3.26,67.97
2019.3.27,67.83
2019.3.28,67.82
2019.3.29,68.39
2019.4.1,69.01
2019.4.2,69.37
2019.4.3,69.31
2019.4.4,69.4
2019.4.5,70.34
2019.4.8,71.1
2019.4.9,70.61
2019.4.10,71.73
2019.4.11,70.83
2019.4.12,71.55
2019.4.15,71.18
2019.4.16,71.72
2019.4.17,71.62
2019.4.18,71.97
2019.4.19,71.97
2019.4.22,74.04
2019.4.23,74.51
2019.4.24,74.57
2019.4.25,74.35
2019.4.26,72.15
2019.4.29,72.04
2019.4.30,72.8
2019.5.1,72.18
2019.5.2,70.75
2019.5.3,70.85
2019.5.6,71.24
2019.5.7,69.88
2019.5.8,70.37
2019.5.9,70.39
2019.5.10,70.62
2019.5.13,70.23
2019.5.14,71.24
2019.5.15,71.77
2019.5.16,72.62
2019.5.17,72.21
2019.5.20,71.97
2019.5.21,72.18
2019.5.22,70.99
2019.5.23,67.76
2019.5.24,68.69
2019.5.27,70.11
2019.5.28,70.11
2019.5.29,69.45
2019.5.30,66.87
2019.5.31,64.49
2019.6.3,61.28
2019.6.4,61.97
2019.6.5,60.63
2019.6.6,61.67
2019.6.7,63.29
2019.6.10,62.29
2019.6.11,62.29
2019.6.12,59.97
2019.6.13,61.31
2019.6.14,62.01
2019.6.17,60.94
2019.6.18,62.14
2019.6.19,61.82
2019.6.20,64.45
2019.6.21,65.2
2019.6.24,64.86
2019.6.25,65.05
2019.6.26,66.49
2019.6.27,66.55
2019.6.28,66.55
2019.7.1,65.06
2019.7.2,62.4
2019.7.3,63.82
2019.7.4,63.3
2019.7.5,64.23
2019.7.8,64.11
2019.7.9,64.16
2019.7.10,67.01
2019.7.11,66.52
2019.7.12,66.72
2019.7.15,66.48
2019.7.16,64.35
2019.7.17,63.66
2019.7.18,61.93
2019.7.19,62.47
2019.7.22,63.26
2019.7.23,63.83
2019.7.24,63.18
2019.7.25,63.39
2019.7.26,63.46
2019.7.29,63.71
2019.7.30,64.72
2019.7.31,65.17
2019.8.1,60.5
2019.8.2,61.89
2019.8.5,59.81
2019.8.6,58.94
2019.8.7,56.23
2019.8.8,57.38
2019.8.9,58.53
2019.8.12,58.57
2019.8.13,61.3
2019.8.14,59.48
2019.8.15,58.23
2019.8.16,58.64
2019.8.19,59.74
2019.8.20,60.03
2019.8.21,60.3
2019.8.22,59.92
2019.8.23,59.34
2019.8.26,58.7
2019.8.27,59.51
2019.8.28,60.49
2019.8.29,61.08
2019.8.30,60.43
2019.9.2,58.66
2019.9.3,58.26
2019.9.4,60.7
2019.9.5,60.95
2019.9.6,61.54
2019.9.9,62.59
2019.9.10,62.38
2019.9.11,60.81
2019.9.12,60.38
2019.9.13,60.22
2019.9.16,69.02
2019.9.17,64.55
2019.9.18,63.6
2019.9.19,64.4
2019.9.20,64.28
2019.9.23,64.77
2019.9.24,63.1
2019.9.25,62.39
2019.9.26,62.74
2019.9.27,61.91
2019.9.30,60.78
2019.10.1,58.89
2019.10.2,57.69
2019.10.3,57.71
2019.10.4,58.37
2019.10.7,58.35
2019.10.8,58.24
2019.10.9,58.32
2019.10.10,59.1
2019.10.11,60.51
2019.10.14,59.35
2019.10.15,58.74
2019.10.16,59.42
2019.10.17,59.91
2019.10.18,59.42
2019.10.21,58.96
2019.10.22,59.7
2019.10.23,61.17
2019.10.24,61.67
2019.10.25,62.02
2019.10.28,61.57
2019.10.29,61.59
2019.10.30,60.61
2019.10.31,60.23
2019.11.1,61.69
2019.11.4,62.13
2019.11.5,62.96
2019.11.6,61.74
2019.11.7,62.29
2019.11.8,62.51
2019.11.11,62.18
2019.11.12,62.06
2019.11.13,62.37
2019.11.14,62.28
2019.11.15,63.3
2019.11.18,62.44
2019.11.19,60.91
2019.11.20,62.4
2019.11.21,63.97
2019.11.22,63.39
2019.11.25,63.65
2019.11.26,64.27
2019.11.27,64.06
2019.11.28,63.87
2019.11.29,62.43
2019.12.2,60.92
2019.12.3,60.82
2019.12.4,63
2019.12.5,63.39
2019.12.6,64.39
2019.12.9,64.25
2019.12.10,64.34
2019.12.11,63.72
2019.12.12,64.2
2019.12.13,65.22
2019.12.16,65.34
2019.12.17,66.1
2019.12.18,66.17
2019.12.19,66.54
2019.12.20,66.14
2019.12.23,66.39
2019.12.24,67.2
2019.12.25,67.2
2019.12.26,67.92
2019.12.27,68.16
2019.12.30,68.44
2019.12.31,66
2020.1.1,66
2020.1.2,66.25
2020.1.3,68.6
2020.1.6,68.91
2020.1.7,68.27
2020.1.8,65.44
2020.1.9,65.37
2020.1.10,64.98
2020.1.13,64.2
2020.1.14,64.49
2020.1.15,64
2020.1.16,64.62
2020.1.17,64.85
2020.1.20,65.2
2020.1.21,64.59
2020.1.22,63.21
2020.1.23,62.04
2020.1.24,60.69
2020.1.27,59.32
2020.1.28,59.51
2020.1.29,59.81
2020.1.30,58.29
2020.1.31,58.16
2020.2.3,54.45
2020.2.4,53.96
2020.2.5,55.28
2020.2.6,54.93
2020.2.7,54.47
2020.2.10,53.27
2020.2.11,54.01
2020.2.12,55.79
2020.2.13,56.34
2020.2.14,57.32
2020.2.17,57.67
2020.2.18,57.75
2020.2.19,59.12
2020.2.20,59.31
2020.2.21,58.5
2020.2.24,56.3
2020.2.25,54.95
2020.2.26,53.43
2020.2.27,52.18
2020.2.28,50.52
2020.3.2,51.9
2020.3.3,51.86
2020.3.4,51.13
2020.3.5,49.99
2020.3.6,45.27
2020.3.9,34.36
2020.3.10,37.22
2020.3.11,35.79
2020.3.12,33.22
2020.3.13,33.85
2020.3.16,30.05
2020.3.17,28.73
2020.3.18,24.88
2020.3.19,28.47
2020.3.20,26.98
2020.3.23,27.03
2020.3.24,27.15
2020.3.25,27.39
2020.3.26,26.34
2020.3.27,24.93
2020.3.30,22.76
2020.3.31,22.74
2020.4.1,24.74
2020.4.2,29.94
2020.4.3,34.11
2020.4.6,33.05
2020.4.7,31.87
2020.4.8,32.84
2020.4.9,31.48
2020.4.10,31.48
2020.4.13,31.74
2020.4.14,29.6
2020.4.15,27.69
2020.4.16,27.82
2020.4.17,28.08
2020.4.20,25.57
2020.4.21,19.33
2020.4.22,20.37
2020.4.23,21.33
2020.4.24,21.44
2020.4.27,19.99
2020.4.28,20.46
2020.4.29,22.54
2020.4.30,25.27
2020.5.1,26.44
2020.5.4,27.2
2020.5.5,30.97
2020.5.6,29.72
2020.5.7,29.46
2020.5.8,30.97
2020.5.11,29.63
2020.5.12,29.98
2020.5.13,29.19
2020.5.14,31.13
2020.5.15,32.5
2020.5.18,34.81
2020.5.19,34.65
2020.5.20,35.75
2020.5.21,36.06
2020.5.22,35.13
2020.5.25,35.53
2020.5.26,36.17
2020.5.27,34.74
2020.5.28,35.29
2020.5.29,35.33
2020.6.1,38.32
2020.6.2,39.57
2020.6.3,39.79
2020.6.4,39.99
2020.6.5,42.3
2020.6.8,40.8
2020.6.9,41.18
2020.6.10,41.73
2020.6.11,38.55
2020.6.12,38.73
2020.6.15,39.72
2020.6.16,40.96
2020.6.17,40.71
2020.6.18,41.51
2020.6.19,42.19
2020.6.22,43.08
2020.6.23,42.63
2020.6.24,40.31
2020.6.25,41.05
2020.6.26,41.02
2020.6.29,41.71
2020.6.30,41.15
2020.7.1,42.03
2020.7.2,43.14
2020.7.3,42.8
2020.7.6,43.1
2020.7.7,43.08
2020.7.8,43.29
2020.7.9,42.35
2020.7.10,43.24
2020.7.13,42.72
2020.7.14,42.9
2020.7.15,43.79
2020.7.16,43.37
2020.7.17,43.14
2020.7.20,43.28
2020.7.21,44.32
2020.7.22,44.29
2020.7.23,43.31
2020.7.24,43.34
2020.7.27,43.41
2020.7.28,43.22
2020.7.29,43.75
2020.7.30,42.94
2020.7.31,43.3
2020.8.3,44.15
2020.8.4,44.43
2020.8.5,45.17
2020.8.6,45.09
2020.8.7,44.4
2020.8.10,44.99
2020.8.11,44.5
2020.8.12,45.43
2020.8.13,44.96
2020.8.14,44.8
2020.8.17,45.37
2020.8.18,45.46
2020.8.19,45.37
2020.8.20,44.9
2020.8.21,44.35
2020.8.24,45.13
2020.8.25,45.86
2020.8.26,45.64
2020.8.27,45.09
2020.8.28,45.05
2020.8.31,45.28
2020.9.1,45.58
2020.9.2,44.43
2020.9.3,44.07
2020.9.4,42.66
2020.9.7,42.01
2020.9.8,39.78
2020.9.9,40.79
2020.9.10,40.06
2020.9.11,39.83
2020.9.14,39.61
2020.9.15,40.53
2020.9.16,42.22
2020.9.17,43.3
2020.9.18,43.15
2020.9.21,41.44
2020.9.22,41.72
2020.9.23,41.77
2020.9.24,41.94
2020.9.25,41.92
2020.9.28,42.43
2020.9.29,41.03
2020.9.30,40.95
2020.10.1,40.93
2020.10.2,39.27
2020.10.5,41.29
2020.10.6,42.65
2020.10.7,41.99
2020.10.8,43.34
2020.10.9,42.85
2020.10.12,41.72
2020.10.13,42.45
2020.10.14,43.32
2020.10.15,43.16
2020.10.16,42.93
2020.10.19,42.62
2020.10.20,43.16
2020.10.21,41.73
2020.10.22,42.46
2020.10.23,41.77
2020.10.26,40.46
2020.10.27,41.2
2020.10.28,39.12
2020.10.29,37.65
2020.10.30,37.46
2020.11.2,38.97
2020.11.3,39.71
2020.11.4,41.23
2020.11.5,40.93
2020.11.6,39.45
2020.11.9,42.4
2020.11.10,43.61
2020.11.11,43.8
2020.11.12,43.53
2020.11.13,42.78
2020.11.16,43.82
2020.11.17,43.75
2020.11.18,44.34
2020.11.19,44.2
2020.11.20,44.96
2020.11.23,46.06
2020.11.24,47.86
2020.11.25,48.61
2020.11.26,47.8
2020.11.27,48.18
2020.11.30,47.59
2020.12.1,47.42
2020.12.2,48.25
2020.12.3,48.71
2020.12.4,49.25
2020.12.7,48.79
2020.12.8,48.84
2020.12.9,48.86
2020.12.10,50.25
2020.12.11,49.97
2020.12.14,50.29
2020.12.15,50.76
2020.12.16,51.08
2020.12.17,51.5
2020.12.18,52.26
2020.12.21,50.91
2020.12.22,50.08
2020.12.23,51.2
2020.12.24,51.29
2020.12.25,51.29
2020.12.28,50.86
2020.12.29,51.09
2020.12.30,51.34
2020.12.31,51.8
2021.1.1,51.8
2021.1.4,51.09
2021.1.5,53.6
2021.1.6,54.3
2021.1.7,54.38
2021.1.8,55.99
2021.1.11,55.66
2021.1.12,56.58
2021.1.13,56.06
2021.1.14,56.42
2021.1.15,55.1
2021.1.18,54.75
2021.1.19,55.9
2021.1.20,56.08
2021.1.21,56.1
2021.1.22,55.41
2021.1.25,55.88
2021.1.26,55.91
2021.1.27,55.81
2021.1.28,55.53
2021.1.29,55.88
2021.2.1,56.35
2021.2.2,57.46
2021.2.3,58.46
2021.2.4,58.84
2021.2.5,59.34
2021.2.8,60.56
2021.2.9,61.09
2021.2.10,61.47
2021.2.11,61.14
2021.2.12,62.43
2021.2.15,63.3
2021.2.16,63.35
2021.2.17,64.34
2021.2.18,63.93
2021.2.19,62.91
2021.2.22,65.24
2021.2.23,65.37
2021.2.24,67.04
2021.2.25,66.88
2021.2.26,66.13
2021.3.1,63.69
2021.3.2,62.7
2021.3.3,64.07
2021.3.4,66.74
2021.3.5,69.36
2021.3.8,68.24
2021.3.9,67.52
2021.3.10,67.9
2021.3.11,69.63
2021.3.12,69.22
2021.3.15,68.88
2021.3.16,68.39
2021.3.17,68
2021.3.18,63.28
2021.3.19,64.53
2021.3.22,64.62
2021.3.23,60.79
2021.3.24,64.41
2021.3.25,61.95
2021.3.26,64.57
2021.3.29,64.98
2021.3.30,64.14
2021.3.31,63.54
2021.4.1,64.86
2021.4.2,64.86
2021.4.5,62.15
2021.4.6,62.74
2021.4.7,63.16
2021.4.8,63.2
2021.4.9,62.95
2021.4.12,63.28
2021.4.13,63.67
2021.4.14,66.58
2021.4.15,66.94
2021.4.16,66.77
2021.4.19,67.05
2021.4.20,66.57
2021.4.21,65.32
2021.4.22,65.4
2021.4.23,66.11
2021.4.26,65.65
2021.4.27,66.42
2021.4.28,67.27
2021.4.29,68.56
2021.4.30,67.25
2021.5.3,67.56
2021.5.4,68.88
2021.5.5,68.96
2021.5.6,68.09
2021.5.7,68.28
2021.5.10,68.32
2021.5.11,68.55
2021.5.12,69.32
2021.5.13,67.05
2021.5.14,68.71
2021.5.17,69.46
2021.5.18,68.71
2021.5.19,66.66
2021.5.20,65.11
2021.5.21,66.44
2021.5.24,68.46
2021.5.25,68.65
2021.5.26,68.87
2021.5.27,69.46
2021.5.28,69.63
2021.5.31,69.32
2021.6.1,70.25
2021.6.2,71.35
2021.6.3,71.31
2021.6.4,71.89
2021.6.7,71.49
2021.6.8,72.22
2021.6.9,72.22
2021.6.10,72.52
2021.6.11,72.69
2021.6.14,72.86
2021.6.15,73.99
2021.6.16,74.39
2021.6.17,73.08
2021.6.18,73.51
2021.6.21,74.9
2021.6.22,74.81
2021.6.23,75.19
2021.6.24,75.56
2021.6.25,76.18
2021.6.28,74.68
2021.6.29,74.76
2021.6.30,75.13
2021.7.1,75.84
2021.7.2,76.17
2021.7.5,77.16
2021.7.6,74.53
2021.7.7,73.43
2021.7.8,74.12
2021.7.9,75.55
2021.7.12,75.16
2021.7.13,76.49
2021.7.14,74.76
2021.7.15,73.47
2021.7.16,73.59
2021.7.19,68.62
2021.7.20,69.35
2021.7.21,72.23
2021.7.22,73.79
2021.7.23,74.1
2021.7.26,74.5
2021.7.27,74.48
2021.7.28,74.74
2021.7.29,76.05
2021.7.30,76.33
2021.8.2,72.89
2021.8.3,72.41
2021.8.4,70.38
2021.8.5,71.29
2021.8.6,70.7
2021.8.9,69.04
2021.8.10,70.63
2021.8.11,71.44
2021.8.12,71.31
2021.8.13,70.59
2021.8.16,69.51
2021.8.17,69.03
2021.8.18,68.23
2021.8.19,66.45
2021.8.20,65.18
2021.8.23,68.75
2021.8.24,71.05
2021.8.25,72.25
2021.8.26,71.07
2021.8.27,72.7
2021.8.30,73.41
2021.8.31,72.99
2021.9.1,71.59
2021.9.2,73.03
2021.9.3,72.61
2021.9.6,72.22
2021.9.7,71.69
2021.9.8,72.6
2021.9.9,71.45
2021.9.10,72.92
2021.9.13,73.51
2021.9.14,73.6
2021.9.15,75.46
2021.9.16,75.67
2021.9.17,75.34
2021.9.20,73.92
2021.9.21,74.36
2021.9.22,76.19
2021.9.23,77.25
2021.9.24,78.09
2021.9.27,79.53
2021.9.28,79.09
2021.9.29,78.64
2021.9.30,78.52
2021.10.1,79.28
2021.10.4,81.26
2021.10.5,82.56
2021.10.6,81.08
2021.10.7,81.95
2021.10.8,82.39
2021.10.11,83.65
2021.10.12,83.42
2021.10.13,83.18
2021.10.14,84
2021.10.15,84.86
2021.10.18,84.33
2021.10.19,85.08
2021.10.20,85.82
2021.10.21,84.61
2021.10.22,85.53
2021.10.25,85.99
2021.10.26,86.4
2021.10.27,84.58
2021.10.28,84.32
2021.10.29,84.38
2021.11.1,84.71
2021.11.2,84.72
2021.11.3,81.99
2021.11.4,80.54
2021.11.5,82.74
2021.11.8,83.43
2021.11.9,84.78
2021.11.10,82.64
2021.11.11,82.87
2021.11.12,82.17
2021.11.15,82.05
2021.11.16,82.43
2021.11.17,80.28
2021.11.18,81.24
2021.11.19,78.89
2021.11.22,79.7
2021.11.23,82.31
2021.11.24,82.25
2021.11.25,82.22
2021.11.26,72.72
2021.11.29,73.44
2021.11.30,70.57
2021.12.1,68.87
2021.12.2,69.67
2021.12.3,69.88
2021.12.6,73.08
2021.12.7,75.44
2021.12.8,75.82
2021.12.9,74.42
2021.12.10,75.15
2021.12.13,74.39
2021.12.14,73.7
2021.12.15,73.88
2021.12.16,75.02
2021.12.17,73.52
2021.12.20,71.52
2021.12.21,73.98
2021.12.22,75.29
2021.12.23,76.85
2021.12.24,76.14
2021.12.27,78.6
2021.12.28,78.94
2021.12.29,79.23
2021.12.30,79.32
2021.12.31,77.78
2022.1.3,78.98
2022.1.4,80
2022.1.5,80.8
2022.1.6,81.99
2022.1.7,81.75
2022.1.10,80.87
2022.1.11,83.72
2022.1.12,84.67
2022.1.13,84.47
2022.1.14,86.06
2022.1.17,86.48
2022.1.18,87.51
2022.1.19,88.44
2022.1.20,88.38
2022.1.21,87.89
2022.1.24,86.27
2022.1.25,88.2
2022.1.26,89.96
2022.1.27,89.34
2022.1.28,90.03
2022.1.31,91.21
2022.2.1,89.16
2022.2.2,89.47
2022.2.3,91.11
2022.2.4,93.27
2022.2.7,92.69
2022.2.8,90.78
2022.2.9,91.55
2022.2.10,91.41
2022.2.11,94.44
2022.2.14,96.48
2022.2.15,93.28
2022.2.16,94.81
2022.2.17,92.97
2022.2.18,93.54
2022.2.21,95.39
2022.2.22,96.84
2022.2.23,96.84
2022.2.24,99.08
2022.2.25,97.93
2022.2.28,100.99
2022.3.1,104.97
2022.3.2,112.93
2022.3.3,110.46
2022.3.4,118.11
2022.3.7,123.21
2022.3.8,127.98
2022.3.9,111.14
2022.3.10,109.33
2022.3.11,112.67
2022.3.14,106.9
2022.3.15,99.91
2022.3.16,98.02
2022.3.17,106.64
2022.3.18,107.93
2022.3.21,115.62
2022.3.22,115.48
2022.3.23,121.6
2022.3.24,119.03
2022.3.25,120.65
2022.3.28,112.48
2022.3.29,110.23
2022.3.30,113.45
2022.3.31,107.91
2022.4.1,104.39
2022.4.4,107.53
2022.4.5,106.64
2022.4.6,101.07
2022.4.7,100.58
2022.4.8,102.78
2022.4.11,98.48
2022.4.12,104.64
2022.4.13,108.78
2022.4.14,111.7
2022.4.15,111.7
2022.4.18,113.16
2022.4.19,107.25
2022.4.20,106.8
2022.4.21,108.33
2022.4.22,106.65
2022.4.25,102.32
2022.4.26,104.99
2022.4.27,105.32
2022.4.28,107.59
2022.4.29,109.34
2022.5.2,107.58
2022.5.3,104.97
2022.5.4,110.14
2022.5.5,110.9
2022.5.6,112.39
2022.5.9,105.94
2022.5.10,102.46
2022.5.11,107.51
2022.5.12,107.45
2022.5.13,111.55
2022.5.16,114.24
2022.5.17,111.93
2022.5.18,109.11
2022.5.19,112.04
2022.5.20,112.55
2022.5.23,113.42
2022.5.24,113.56
2022.5.25,114.03
2022.5.26,117.4
2022.5.27,119.43
2022.5.30,121.67
2022.5.31,122.84
2022.6.1,116.29
2022.6.2,117.61
2022.6.3,119.72
2022.6.6,119.51
2022.6.7,120.57
2022.6.8,123.58
2022.6.9,123.07
2022.6.10,122.01
2022.6.13,122.27
2022.6.14,121.17
2022.6.15,118.51
2022.6.16,119.81
2022.6.17,113.12
2022.6.20,114.13
2022.6.21,114.65
2022.6.22,111.74
2022.6.23,110.05
2022.6.24,113.12
2022.6.27,115.09
2022.6.28,117.98
2022.6.29,116.26
2022.6.30,114.81
2022.7.1,111.63
2022.7.4,113.5
2022.7.5,102.77
2022.7.6,100.69
2022.7.7,104.65
2022.7.8,107.02
2022.7.11,107.1
2022.7.12,99.49
2022.7.13,99.57
2022.7.14,99.1
2022.7.15,101.16
2022.7.18,106.27
2022.7.19,107.35
2022.7.20,106.92
2022.7.21,103.86
2022.7.22,103.2
2022.7.25,105.15
2022.7.26,104.4
2022.7.27,106.62
2022.7.28,107.14
2022.7.29,110.01
2022.8.1,100.03
2022.8.2,100.54
2022.8.3,96.78
2022.8.4,94.12
2022.8.5,94.92
2022.8.8,96.65
2022.8.9,96.31
2022.8.10,97.4
2022.8.11,99.6
2022.8.12,98.15
2022.8.15,95.1
2022.8.16,92.34
2022.8.17,93.65
2022.8.18,96.59
2022.8.19,96.72
2022.8.22,96.48
2022.8.23,100.22
2022.8.24,101.22
2022.8.25,99.34
2022.8.26,100.99
2022.8.29,105.09
2022.8.30,99.31
2022.8.31,96.49
2022.9.1,92.36
2022.9.2,93.02
2022.9.5,95.74
2022.9.6,92.83
2022.9.7,88
2022.9.8,89.15
2022.9.9,92.84
2022.9.12,94
2022.9.13,93.17
2022.9.14,94.1
2022.9.15,90.84
2022.9.16,91.35
2022.9.19,92
2022.9.20,90.62
2022.9.21,89.83
2022.9.22,90.46
2022.9.23,86.15
2022.9.26,84.06
2022.9.27,86.27
2022.9.28,89.32
2022.9.29,88.49
2022.9.30,87.96
2022.10.3,88.86
2022.10.4,91.8
2022.10.5,93.37
2022.10.6,94.42
2022.10.7,97.92
2022.10.10,96.19
2022.10.11,94.29
2022.10.12,92.45
2022.10.13,94.57
2022.10.14,91.63
2022.10.17,91.62
2022.10.18,90.03
2022.10.19,92.41
2022.10.20,92.38
2022.10.21,93.5
2022.10.24,93.26
2022.10.25,93.52
2022.10.26,95.69
2022.10.27,96.96
2022.10.28,95.77
2022.10.31,94.83
2022.11.1,94.65
2022.11.2,96.16
2022.11.3,94.67
2022.11.4,98.57
2022.11.7,97.92
2022.11.8,95.36
2022.11.9,92.65
2022.11.10,93.67
2022.11.11,95.99
2022.11.14,93.14
2022.11.15,93.86
2022.11.16,92.86
2022.11.17,89.78
2022.11.18,87.62
2022.11.21,87.45
2022.11.22,88.36
2022.11.23,85.41
2022.11.24,85.34
2022.11.25,83.63
2022.11.28,83.19
2022.11.29,83.03
2022.11.30,85.43
2022.12.1,86.88
2022.12.2,85.57
2022.12.5,82.68
2022.12.6,79.35
2022.12.7,77.17
2022.12.8,76.15
2022.12.9,76.1
2022.12.12,77.99
2022.12.13,80.68
2022.12.14,82.7
2022.12.15,81.21
2022.12.16,79.04
2022.12.19,79.8
2022.12.20,79.99
2022.12.21,82.2
2022.12.22,80.98
2022.12.23,83.92
2022.12.26,83.92
2022.12.27,84.33
2022.12.28,83.26
2022.12.29,82.26
2022.12.30,85.91
2023.1.2,85.91
2023.1.3,82.1
2023.1.4,77.84
2023.1.5,78.69
2023.1.6,78.57
2023.1.9,79.65
2023.1.10,80.1
2023.1.11,82.67
2023.1.12,84.03
2023.1.13,85.28
2023.1.16,84.46
2023.1.17,85.92
2023.1.18,84.98
2023.1.19,86.16
2023.1.20,87.63
2023.1.23,88.19
2023.1.24,86.13
2023.1.25,86.12
2023.1.26,87.47
2023.1.27,86.66
2023.1.30,84.9
2023.1.31,84.49
2023.2.1,82.84
2023.2.2,82.17
2023.2.3,79.94
2023.2.6,80.99
2023.2.7,83.69
2023.2.8,85.09
2023.2.9,84.5
2023.2.10,86.39
2023.2.13,86.61
2023.2.14,85.58
2023.2.15,85.38
2023.2.16,85.14
2023.2.17,83
2023.2.20,84.07
2023.2.21,83.05
2023.2.22,80.6
2023.2.23,82.21
2023.2.24,83.16
2023.2.27,82.45
2023.2.28,83.89
2023.3.1,84.31
2023.3.2,84.75
2023.3.3,85.83
2023.3.6,86.18
2023.3.7,83.29
2023.3.8,82.66
2023.3.9,81.59
2023.3.10,82.78
2023.3.13,80.77
2023.3.14,77.45
2023.3.15,73.69
2023.3.16,74.7
2023.3.17,72.97
2023.3.20,73.79
2023.3.21,75.32
2023.3.22,76.69
2023.3.23,75.91
2023.3.24,74.99
2023.3.27,78.12
2023.3.28,78.65
2023.3.29,78.28
2023.3.30,79.27
2023.3.31,79.77
2023.4.3,84.93
2023.4.4,84.94
2023.4.5,84.99
2023.4.6,85.12
2023.4.7,85.12
2023.4.10,84.18
2023.4.11,85.61
2023.4.12,87.33
2023.4.13,86.09
2023.4.14,86.31
2023.4.17,84.76
2023.4.18,84.77
2023.4.19,83.12
2023.4.20,81.1
2023.4.21,81.66
2023.4.24,82.73
2023.4.25,80.77
2023.4.26,77.69
2023.4.27,78.37
2023.4.28,79.54
2023.5.1,79.31
2023.5.2,75.32
2023.5.3,72.33
2023.5.4,72.5
2023.5.5,75.3
2023.5.8,77.01
2023.5.9,77.44
2023.5.10,76.41
2023.5.11,74.98
2023.5.12,74.17
2023.5.15,75.23
2023.5.16,74.91
2023.5.17,76.96
2023.5.18,75.86
2023.5.19,75.58
2023.5.22,75.99
2023.5.23,76.84
2023.5.24,78.36
2023.5.25,76.26
2023.5.26,76.95
2023.5.29,77.07
2023.5.30,73.54
2023.5.31,72.66
2023.6.1,74.28
2023.6.2,76.13
2023.6.5,76.71
2023.6.6,76.29
2023.6.7,76.95
2023.6.8,75.96
2023.6.9,74.79
2023.6.12,71.84
2023.6.13,74.29
2023.6.14,73.2
2023.6.15,75.67
2023.6.16,76.61
2023.6.19,76.09
2023.6.20,75.9
2023.6.21,77.12
2023.6.22,74.14
2023.6.23,73.85
2023.6.26,74.18
2023.6.27,72.26
2023.6.28,74.03
2023.6.29,74.34
2023.6.30,74.9
2023.7.3,74.65
2023.7.4,76.25
2023.7.5,76.65
2023.7.6,76.52
2023.7.7,78.47
2023.7.10,77.69
2023.7.11,79.4
2023.7.12,80.11
2023.7.13,81.36
2023.7.14,79.87
2023.7.17,78.5
2023.7.18,79.63
2023.7.19,79.46
2023.7.20,79.64
2023.7.21,81.07
2023.7.24,82.74
2023.7.25,83.64
2023.7.26,82.92
2023.7.27,84.24
2023.7.28,84.99
2023.7.31,85.56
2023.8.1,84.91
2023.8.2,83.2
2023.8.3,85.14
2023.8.4,86.24
2023.8.7,85.34
2023.8.8,86.17
2023.8.9,87.55
2023.8.10,86.4
2023.8.11,86.81
2023.8.14,86.21
2023.8.15,84.89
2023.8.16,83.45
2023.8.17,84.12
2023.8.18,84.8
2023.8.21,84.46
2023.8.22,84.03
2023.8.23,83.21
2023.8.24,83.36
2023.8.25,84.48
2023.8.28,84.42
2023.8.29,85.49
2023.8.30,85.86
2023.8.31,86.86
2023.9.1,88.55
2023.9.4,89
2023.9.5,90.04
2023.9.6,90.6
2023.9.7,89.92
2023.9.8,90.65
2023.9.11,90.64
2023.9.12,92.06
2023.9.13,91.88
2023.9.14,93.7
2023.9.15,93.93
2023.9.18,94.43
2023.9.19,94.34
2023.9.20,93.53
2023.9.21,93.3
2023.9.22,93.27
2023.9.25,93.29
2023.9.26,93.96
2023.9.27,96.55
2023.9.28,95.38
2023.9.29,95.31
2023.10.2,90.71
2023.10.3,90.92
2023.10.4,85.81
2023.10.5,84.07
2023.10.6,84.58
2023.10.9,88.15
2023.10.10,87.65
2023.10.11,85.82
2023.10.12,86
2023.10.13,90.89
2023.10.16,89.65
2023.10.17,89.9
2023.10.18,91.5
2023.10.19,92.38
2023.10.20,92.16
2023.10.23,89.83
2023.10.24,88.07
2023.10.25,90.13
2023.10.26,87.93
2023.10.27,90.48
2023.10.30,87.45
2023.10.31,87.41
2023.11.1,84.63
2023.11.2,86.85
2023.11.3,84.89
2023.11.6,85.18
2023.11.7,81.61
2023.11.8,79.54
2023.11.9,80.01
2023.11.10,81.43
2023.11.13,82.52
2023.11.14,82.47
2023.11.15,81.18
2023.11.16,77.42
2023.11.17,80.61
2023.11.20,82.32
2023.11.21,82.45
2023.11.22,81.96
2023.11.23,81.42
2023.11.24,80.58
2023.11.27,79.98
2023.11.28,81.68
2023.11.29,83.1
2023.11.30,82.83
2023.12.1,78.88
2023.12.4,78.03
2023.12.5,77.2
2023.12.6,74.3
2023.12.7,74.05
2023.12.8,75.84
2023.12.11,76.03
2023.12.12,73.24
2023.12.13,74.26
2023.12.14,76.61
2023.12.15,76.55
2023.12.18,77.95
2023.12.19,79.23
2023.12.20,79.7
2023.12.21,79.39
2023.12.22,79.07
2023.12.25,79.07
2023.12.26,81.07
2023.12.27,79.65
2023.12.28,78.39
2023.12.29,77.04
2024.1.1,77.04
2024.1.2,75.89
2024.1.3,78.25
2024.1.4,77.59
2024.1.5,78.76
2024.1.8,76.12
2024.1.9,77.59
2024.1.10,76.8
2024.1.11,77.41
2024.1.12,78.29
2024.1.15,78.15
2024.1.16,78.29
2024.1.17,77.88
2024.1.18,79.1
2024.1.19,78.56
2024.1.22,80.06
2024.1.23,79.55
2024.1.24,80.04
2024.1.25,82.43
2024.1.26,83.55
2024.1.29,82.4
2024.1.30,82.87
2024.1.31,81.71
2024.2.1,78.7
2024.2.2,77.33
2024.2.5,77.99
2024.2.6,78.59
2024.2.7,79.21
2024.2.8,81.63
2024.2.9,82.19
2024.2.12,82
2024.2.13,82.77
2024.2.14,81.6
2024.2.15,82.86
2024.2.16,83.47
2024.2.19,83.56
2024.2.20,82.34
2024.2.21,83.03
2024.2.22,83.67
2024.2.23,81.62
2024.2.26,82.53
2024.2.27,83.65
2024.2.28,83.68
2024.2.29,83.62
2024.3.1,83.55
2024.3.4,82.8
2024.3.5,82.04
2024.3.6,82.96
2024.3.7,82.96
2024.3.8,82.08
2024.3.11,82.21
2024.3.12,81.92
2024.3.13,84.03
2024.3.14,85.42
2024.3.15,85.34
2024.3.18,86.89
2024.3.19,87.38
2024.3.20,85.95
2024.3.21,85.78
2024.3.22,85.43
2024.3.25,86.75
2024.3.26,86.25
2024.3.27,86.09
2024.3.28,87.48
2024.3.29,87.48
2024.4.1,87.42
2024.4.2,88.92
2024.4.3,89.35
2024.4.4,90.65
2024.4.5,91.17
2024.4.8,90.38
2024.4.9,89.42
2024.4.10,90.48
2024.4.11,89.74
2024.4.12,90.45
2024.4.15,90.1
2024.4.16,90.02
2024.4.17,87.29
2024.4.18,87.11
2024.4.19,87.29
2024.4.22,87
2024.4.23,88.42
2024.4.24,88.02
2024.4.25,89.01
2024.4.26,89.5
2024.4.29,88.4
2024.4.30,87.86
2024.5.1,83.44
2024.5.2,83.67
2024.5.3,82.96
2024.5.6,83.33
2024.5.7,83.16
2024.5.8,83.58
2024.5.9,83.88
2024.5.10,82.79
2024.5.13,83.36
2024.5.14,82.38
2024.5.15,82.75
2024.5.16,83.27
2024.5.17,83.98
2024.5.20,83.71
2024.5.21,82.88
2024.5.22,81.9
2024.5.23,81.36
2024.5.24,82.12
2024.5.27,83.1
2024.5.28,84.22
2024.5.29,83.6
2024.5.30,81.86
2024.5.31,81.62
2024.6.3,78.36
2024.6.4,77.52
2024.6.5,78.41
2024.6.6,79.87
2024.6.7,79.62
2024.6.10,81.63
2024.6.11,81.92
2024.6.12,82.6
2024.6.13,82.75
2024.6.14,82.62
2024.6.17,84.25
2024.6.18,85.33
2024.6.19,85.07
2024.6.20,85.71
2024.6.21,85.24
2024.6.24,86.01
2024.6.25,85.01
2024.6.26,85.25
2024.6.27,86.39
2024.6.28,86.41
2024.7.1,86.6
2024.7.2,86.24
2024.7.3,87.34
2024.7.4,87.43
2024.7.5,86.54
2024.7.8,85.75
2024.7.9,84.66
2024.7.10,85.08
2024.7.11,85.4
2024.7.12,85.03
2024.7.15,84.85
2024.7.16,83.73
2024.7.17,85.08
2024.7.18,85.11
2024.7.19,82.63
2024.7.22,82.4
2024.7.23,81.01
2024.7.24,81.71
2024.7.25,82.37
2024.7.26,81.13
2024.7.29,79.78
2024.7.30,78.63
2024.7.31,80.72
2024.8.1,79.52
2024.8.2,76.81
2024.8.5,76.3
2024.8.6,76.48
2024.8.7,78.33
2024.8.8,79.16
2024.8.9,79.66
2024.8.12,82.3
2024.8.13,80.69
2024.8.14,79.76
2024.8.15,81.04
2024.8.16,79.68
2024.8.19,77.66
2024.8.20,77.2
2024.8.21,76.05
2024.8.22,77.22
2024.8.23,79.02
2024.8.26,81.43
2024.8.27,79.55
2024.8.28,78.65
2024.8.29,79.94
2024.8.30,78.8
2024.9.2,77.52
2024.9.3,73.75
2024.9.4,72.7
2024.9.5,72.69
2024.9.6,71.06
2024.9.9,71.84
2024.9.10,69.19
2024.9.11,70.61
2024.9.12,71.97
2024.9.13,71.61
2024.9.16,72.75
2024.9.17,73.7
2024.9.18,73.65
2024.9.19,74.88
2024.9.20,74.49
2024.9.23,73.9
2024.9.24,75.17
2024.9.25,73.46
2024.9.26,71.6
2024.9.27,71.98
2024.9.30,71.77
2024.10.1,73.56
2024.10.2,73.9
2024.10.3,77.62
2024.10.4,78.05
2024.10.7,80.93
2024.10.8,77.18
2024.10.9,76.58
2024.10.10,79.4
2024.10.11,79.04
2024.10.14,77.46
2024.10.15,74.25
2024.10.16,74.22
2024.10.17,74.45
2024.10.18,73.06
2024.10.21,74.29
2024.10.22,76.04
2024.10.23,74.96
2024.10.24,74.38
2024.10.25,76.05
2024.10.28,71.42
2024.10.29,71.12
2024.10.30,72.55
2024.10.31,73.16
2024.11.1,73.1
2024.11.4,75.08
2024.11.5,75.53
2024.11.6,74.92
2024.11.7,75.63
2024.11.8,73.87
2024.11.11,71.83
2024.11.12,71.89
2024.11.13,72.28
2024.11.14,72.56
2024.11.15,71.04
2024.11.18,73.3
2024.11.19,73.31
2024.11.20,72.81
2024.11.21,74.23
2024.11.22,75.17
2024.11.25,73.01
2024.11.26,72.81
2024.11.27,72.83
2024.11.28,73.28
2024.11.29,72.94
2024.12.2,71.83
2024.12.3,73.62
2024.12.4,72.31
2024.12.5,72.09
2024.12.6,71.12
2024.12.9,72.14
2024.12.10,72.19
2024.12.11,73.52
2024.12.12,73.41
2024.12.13,74.49
2024.12.16,73.91
2024.12.17,73.19
2024.12.18,73.39
2024.12.19,72.88
2024.12.20,72.94
2024.12.23,72.63
2024.12.24,73.58
2024.12.25,73.58
2024.12.26,73.26
2024.12.27,74.17
2024.12.30,74.39
2024.12.31,74.64
2025.1.1,74.64
2025.1.2,75.93
2025.1.3,76.51
2025.1.6,76.3
2025.1.7,77.05
2025.1.8,76.16
2025.1.9,76.92
2025.1.10,79.76
2025.1.13,81.01
2025.1.14,79.92
2025.1.15,82.03
2025.1.16,81.29
2025.1.17,80.79
2025.1.20,80.15
2025.1.21,79.29
2025.1.22,79
2025.1.23,78.29
2025.1.24,78.5
2025.1.27,77.08
2025.1.28,77.49
2025.1.29,76.58
2025.1.30,76.87
2025.1.31,76.76
2025.2.3,75.96
2025.2.4,76.2
2025.2.5,74.61
2025.2.6,74.29
2025.2.7,74.66
2025.2.10,75.87
2025.2.11,77
2025.2.12,75.18
2025.2.13,75.02
2025.2.14,74.74
2025.2.17,75.22
2025.2.18,75.84
2025.2.19,76.04
2025.2.20,76.48
2025.2.21,74.43
2025.2.24,74.78
2025.2.25,73.02
2025.2.26,72.53
2025.2.27,74.04
2025.2.28,73.18
2025.3.3,71.62
2025.3.4,71.04
2025.3.5,69.3
2025.3.6,69.46
2025.3.7,70.36
2025.3.10,69.28
2025.3.11,69.56
2025.3.12,70.95
2025.3.13,69.88
2025.3.14,70.58
2025.3.17,71.07
2025.3.18,70.56
2025.3.19,70.78
2025.3.20,72
2025.3.21,72.16
2025.3.24,73
2025.3.25,73.02
2025.3.26,73.79
2025.3.27,74.03
2025.3.28,73.63
2025.3.31,74.74
2025.4.1,74.49
2025.4.2,74.95
2025.4.3,70.14
2025.4.4,65.58
2025.4.7,64.21
2025.4.8,62.82
2025.4.9,65.48
2025.4.10,63.33
2025.4.11,64.76
2025.4.14,64.88
2025.4.15,64.67
2025.4.16,65.85
2025.4.17,67.96
2025.4.18,67.96
2025.4.21,66.26
2025.4.22,67.44
2025.4.23,66.12
2025.4.24,66.55
2025.4.25,66.87
2025.4.28,65.86
2025.4.29,64.25
2025.4.30,63.12
2025.5.1,62.13
2025.5.2,61.29
2025.5.5,60.23
2025.5.6,62.15
2025.5.7,61.12
2025.5.8,62.84
2025.5.9,63.91
2025.5.12,64.96
2025.5.13,66.63
2025.5.14,66.09
2025.5.15,64.53
2025.5.16,65.41
2025.5.19,65.54
2025.5.20,65.38
2025.5.21,64.91
2025.5.22,64.44
2025.5.23,64.78
2025.5.26,64.74
2025.5.27,64.09
2025.5.28,64.9
2025.5.29,64.15
2025.5.30,63.9
2025.6.2,64.63
2025.6.3,65.63
2025.6.4,64.86
2025.6.5,65.34
2025.6.6,66.47
2025.6.9,67.04
2025.6.10,66.87
2025.6.11,69.77
2025.6.12,69.36
2025.6.13,74.23
2025.6.16,73.23
2025.6.17,76.45
2025.6.18,76.7
2025.6.19,78.85
2025.6.20,77.01
2025.6.23,71.48
2025.6.24,67.14
2025.6.25,67.68
2025.6.26,67.73
2025.6.27,67.77
2025.6.30,67.61
2025.7.1,67.11
2025.7.2,69.11
2025.7.3,68.8
2025.7.4,68.3
2025.7.7,69.58
2025.7.8,70.15
2025.7.9,70.19
2025.7.10,68.64
2025.7.11,70.36
2025.7.14,69.21
2025.7.15,68.71
2025.7.16,68.52
2025.7.17,69.52
2025.7.18,69.28
2025.7.21,69.21
2025.7.22,68.59
2025.7.23,68.51
2025.7.24,69.18
2025.7.25,68.44
2025.7.28,70.04
2025.7.29,72.51
2025.7.30,73.24
2025.7.31,72.53
2025.8.1,69.67
2025.8.4,68.76
2025.8.5,67.64
2025.8.6,66.89
2025.8.7,66.43
2025.8.8,66.59
2025.8.11,66.63
2025.8.12,66.12
2025.8.13,65.63
2025.8.14,66.84
2025.8.15,65.85
2025.8.18,66.6
2025.8.19,65.79
2025.8.20,66.84
2025.8.21,67.67
2025.8.22,67.73
2025.8.25,68.8
2025.8.26,67.22
2025.8.27,68.05
2025.8.28,68.62
2025.8.29,68.12
2025.9.1,68.15
2025.9.2,69.14
2025.9.3,67.6
2025.9.4,66.99
2025.9.5,65.5
2025.9.8,66.02
2025.9.9,66.39
2025.9.10,67.49
2025.9.11,66.37
2025.9.12,66.99
2025.9.15,67.44
2025.9.16,68.47
2025.9.17,67.95
2025.9.18,67.44
2025.9.19,66.68
2025.9.22,66.57
2025.9.23,67.63
2025.9.24,69.31
2025.9.25,69.42
2025.9.26,70.13
2025.9.29,67.97
2025.9.30,67.02
2025.10.1,65.35
2025.10.2,64.11
2025.10.3,64.53
2025.10.6,65.47
2025.10.7,65.45
2025.10.8,66.25
2025.10.9,65.22
2025.10.10,62.73
2025.10.13,63.32
2025.10.14,62.39
2025.10.15,61.91
2025.10.16,61.06
2025.10.17,61.29
2025.10.20,61.01
2025.10.21,61.32
2025.10.22,62.59
2025.10.23,65.99
2025.10.24,65.94
2025.10.27,65.62
2025.10.28,64.4
2025.10.29,64.92
2025.10.30,65
2025.10.31,65.07
2025.11.3,64.89
2025.11.4,64.44
2025.11.5,63.52
2025.11.6,63.38
2025.11.7,63.63
2025.11.10,64.06
2025.11.11,65.16
2025.11.12,62.71
2025.11.13,63.01
2025.11.14,64.39